timestamp,consumption_mwh,generation_mwh,market_price_try_mwh,natural_gas_mwh,lignite_mwh,hard_coal_mwh,imported_coal_mwh,dam_hydro_mwh,run_of_river_mwh,wind_mwh,solar_mwh,geothermal_mwh,biomass_mwh,source,is_synthetic
2026-04-01 00:00:00,29050.16,32072.06,2471.04,1500.0,5159.22,3192.01,6641.03,6987.29,2260.57,4100.37,0.0,1251.13,980.42,demo,True
2026-04-01 01:00:00,26900.99,31449.9,2439.36,1500.0,5031.23,3117.24,6693.12,7050.9,2437.55,3412.35,0.0,1247.11,960.4,demo,True
2026-04-01 02:00:00,27726.15,33059.23,2339.42,1500.0,5249.96,2890.21,6615.6,6982.52,2761.0,4826.33,0.0,1284.83,948.78,demo,True
2026-04-01 03:00:00,28288.21,32744.71,2636.37,1500.0,5620.48,3029.64,6835.96,7325.35,2413.85,3804.95,0.0,1267.57,946.91,demo,True
2026-04-01 04:00:00,27472.8,32031.34,2477.13,1500.0,5495.84,2751.94,6956.49,6800.77,2427.95,3906.1,0.0,1248.24,944.0,demo,True
2026-04-01 05:00:00,29701.47,32445.66,2455.72,1500.0,5133.39,2930.4,6399.65,7019.51,2409.35,4818.67,0.0,1265.15,969.53,demo,True
2026-04-01 06:00:00,32741.99,32716.12,2763.24,1702.8,5340.04,2723.76,6786.81,6840.62,2680.64,4488.43,0.0,1198.83,954.19,demo,True
2026-04-01 07:00:00,34416.89,34438.36,2859.97,2596.57,4913.63,2556.03,6046.33,7351.05,2511.5,5317.88,982.61,1234.62,928.15,demo,True
2026-04-01 08:00:00,36291.57,36382.0,2931.03,3915.15,5389.82,3266.55,5711.43,6870.66,2471.33,4399.36,2173.82,1257.2,926.69,demo,True
2026-04-01 09:00:00,36888.97,37133.73,2825.53,3215.89,4983.98,2546.82,7139.24,7282.63,2721.83,4133.39,2872.88,1277.88,959.18,demo,True
2026-04-01 10:00:00,38769.75,38799.24,3223.27,4205.38,5379.47,2853.56,6383.32,7644.72,2627.51,4082.05,3405.38,1254.99,962.86,demo,True
2026-04-01 11:00:00,38938.12,39181.07,3100.16,4235.25,5971.96,2851.46,6588.37,7660.56,2453.41,3519.54,3673.47,1286.46,940.61,demo,True
2026-04-01 12:00:00,38414.36,38636.64,2895.95,5050.66,5051.8,2892.88,6071.17,6903.47,2422.63,4357.79,3698.5,1271.7,916.04,demo,True
2026-04-01 13:00:00,39048.23,39094.07,3037.35,3122.0,5959.93,2783.86,6055.03,7374.78,2714.16,5122.3,3736.71,1237.79,987.53,demo,True
2026-04-01 14:00:00,38533.09,39057.7,2980.7,4116.79,5327.57,2785.74,6250.47,7099.9,2582.9,4901.12,3765.56,1246.5,981.16,demo,True
2026-04-01 15:00:00,37658.49,37670.08,2963.3,3823.08,5005.1,2824.91,6725.01,7063.32,2400.69,4662.25,3015.12,1260.21,890.38,demo,True
2026-04-01 16:00:00,38627.93,39079.05,2939.05,6566.09,4993.18,2886.38,6319.21,7309.17,2378.27,4203.65,2194.13,1238.78,990.19,demo,True
2026-04-01 17:00:00,37724.95,37569.18,2991.69,4427.56,5814.89,2799.67,6382.47,7612.68,2463.97,4862.1,973.82,1288.28,943.73,demo,True
2026-04-01 18:00:00,38772.42,38996.81,2995.04,7224.98,5328.18,2787.69,6239.42,7482.68,2454.79,5301.09,0.0,1222.28,955.7,demo,True
2026-04-01 19:00:00,37455.32,37489.75,2963.74,6104.9,5052.8,2562.2,6908.03,7201.71,2363.61,5054.45,0.0,1257.9,984.15,demo,True
2026-04-01 20:00:00,36178.93,36311.13,2942.39,3959.24,5147.1,3162.46,6803.99,7522.43,2482.78,4965.17,0.0,1268.39,999.58,demo,True
2026-04-01 21:00:00,34167.44,34743.27,2761.16,4065.8,5312.0,2896.43,6330.55,6881.97,2509.99,4524.29,0.0,1242.16,980.09,demo,True
2026-04-01 22:00:00,33514.95,33702.49,2706.25,1549.98,5197.73,2837.6,6739.44,7218.18,2570.3,5395.5,0.0,1236.53,957.23,demo,True
2026-04-01 23:00:00,30512.33,31527.01,2654.84,1500.0,5289.93,2687.6,6414.17,7210.8,2834.48,3433.21,0.0,1248.1,908.73,demo,True
2026-04-02 00:00:00,28547.03,33570.04,2377.13,1500.0,5661.14,2619.35,6381.86,7417.5,2604.79,5225.9,0.0,1270.3,889.21,demo,True
2026-04-02 01:00:00,27392.49,34396.91,2320.67,1500.0,4906.73,2954.8,6482.6,7363.84,2622.15,6352.95,0.0,1237.5,976.34,demo,True
2026-04-02 02:00:00,27583.45,33016.66,2301.12,1500.0,5367.6,2771.22,6725.13,7385.52,2708.79,4344.85,0.0,1223.28,990.26,demo,True
2026-04-02 03:00:00,27895.62,33003.35,2344.91,1500.0,5181.05,2911.79,6187.73,7386.36,2624.6,5007.5,0.0,1278.76,925.56,demo,True
2026-04-02 04:00:00,29137.44,33300.13,2496.37,1500.0,5070.25,2556.61,6675.84,7437.87,2706.45,5151.22,0.0,1259.98,941.91,demo,True
2026-04-02 05:00:00,30924.57,34845.91,2658.57,1500.0,5478.77,3078.43,7374.24,7559.88,2697.43,4948.68,0.0,1275.2,933.28,demo,True
2026-04-02 06:00:00,34161.65,34555.37,2689.92,2121.06,4820.03,2962.25,6564.09,7482.0,2683.76,5720.71,0.0,1268.98,932.48,demo,True
2026-04-02 07:00:00,34363.77,34606.26,2806.04,1500.0,4584.73,2785.41,6512.5,7394.67,3006.28,5459.03,1076.9,1304.5,982.25,demo,True
2026-04-02 08:00:00,35954.76,36107.56,2849.36,1500.0,5258.38,2884.17,6470.54,7553.66,2788.85,5316.93,2100.6,1277.87,956.55,demo,True
2026-04-02 09:00:00,36926.46,37278.67,2761.93,1500.0,5164.07,2933.38,6667.37,7655.06,2554.89,5655.05,2973.82,1231.9,943.12,demo,True
2026-04-02 10:00:00,38595.35,38859.66,3002.89,4111.61,4848.26,2559.34,5936.36,7358.99,2734.27,5278.06,3741.29,1261.76,1029.73,demo,True
2026-04-02 11:00:00,39193.95,39547.2,3104.62,1513.85,4755.26,3102.01,7095.38,7476.23,2599.93,6870.51,3991.01,1236.06,906.97,demo,True
2026-04-02 12:00:00,38298.38,38898.93,2790.82,1500.0,5701.96,2886.99,6843.42,7752.87,2753.55,5364.74,3890.32,1238.65,966.44,demo,True
2026-04-02 13:00:00,37681.05,37917.09,3115.94,2686.99,5320.38,2673.26,6274.42,7262.57,2539.99,5392.78,3633.47,1214.69,918.53,demo,True
2026-04-02 14:00:00,37638.7,37964.6,2883.65,2953.33,5205.11,2602.61,6511.04,7910.12,2577.06,4443.55,3573.65,1242.85,945.28,demo,True
2026-04-02 15:00:00,38725.41,38793.73,2872.91,3868.46,5770.76,2977.68,6304.93,7226.35,2756.19,5028.27,2643.01,1263.63,954.46,demo,True
2026-04-02 16:00:00,38900.08,39309.6,3040.11,4080.75,5465.74,2838.01,6604.73,7452.83,2839.52,5872.47,1931.87,1248.35,975.34,demo,True
2026-04-02 17:00:00,38786.38,39039.34,3137.61,6100.0,5660.01,2886.87,6521.47,7327.58,2784.96,4627.41,966.36,1222.52,942.16,demo,True
2026-04-02 18:00:00,37701.64,37753.46,2979.09,6256.54,4893.21,2804.8,6580.02,8025.76,2831.92,4210.28,0.0,1211.92,938.99,demo,True
2026-04-02 19:00:00,37662.78,37713.26,3019.82,6308.57,4883.48,2619.51,6140.09,7441.44,2779.03,5296.73,0.0,1302.8,941.63,demo,True
2026-04-02 20:00:00,36400.01,36632.12,3092.32,3708.6,5360.44,2891.55,6331.46,7449.72,2759.56,5955.06,0.0,1258.13,917.6,demo,True
2026-04-02 21:00:00,34807.17,34958.13,2829.58,2339.73,5307.77,2764.44,6901.12,7486.04,2683.06,5277.6,0.0,1229.4,968.97,demo,True
2026-04-02 22:00:00,33279.17,33868.83,2982.24,1500.0,5524.91,2796.1,6313.17,7596.3,2845.65,5072.71,0.0,1261.54,958.44,demo,True
2026-04-02 23:00:00,30787.01,32026.23,2686.68,1500.0,4775.99,3227.86,5574.78,7510.64,2875.62,4293.56,0.0,1304.73,963.06,demo,True
2026-04-03 00:00:00,29332.1,34239.53,2500.87,1500.0,5382.94,2956.43,6447.28,7561.26,2749.54,5428.65,0.0,1265.51,947.91,demo,True
2026-04-03 01:00:00,27696.28,34472.34,2450.18,1500.0,5457.21,2966.82,7344.02,6821.63,2747.51,5510.61,0.0,1180.32,944.21,demo,True
2026-04-03 02:00:00,27423.22,34171.14,2378.39,1500.0,5443.4,3289.69,6797.11,7618.16,2956.89,4264.31,0.0,1316.31,985.27,demo,True
2026-04-03 03:00:00,28091.71,34023.69,2441.73,1500.0,5094.26,2869.22,6295.55,7617.0,2767.79,5695.45,0.0,1203.77,980.65,demo,True
2026-04-03 04:00:00,27838.52,34490.46,2459.2,1500.0,5334.84,2821.55,6482.29,7849.03,2783.58,5481.89,0.0,1244.85,992.44,demo,True
2026-04-03 05:00:00,30409.23,34483.57,2509.18,1500.0,4998.33,2677.74,6737.95,7915.96,2836.81,5633.94,0.0,1221.66,961.18,demo,True
2026-04-03 06:00:00,32343.24,33141.16,2526.32,1500.0,5123.83,2718.54,5885.31,7594.05,2771.11,5326.24,0.0,1231.5,990.58,demo,True
2026-04-03 07:00:00,34211.04,34457.66,2861.68,1755.98,4928.84,2431.52,6200.38,7822.26,2688.49,5326.01,1109.57,1257.11,937.52,demo,True
2026-04-03 08:00:00,36130.73,36634.41,2949.01,2382.66,5002.75,2942.28,6639.42,7407.65,2836.31,5222.27,2058.87,1198.22,943.97,demo,True
2026-04-03 09:00:00,38552.56,38557.11,2862.67,2848.91,5137.35,2571.95,7058.07,7826.08,2790.26,5357.0,2733.88,1247.74,985.85,demo,True
2026-04-03 10:00:00,37568.08,37809.1,2953.11,2982.58,5072.36,2962.49,6346.24,7538.55,3019.88,3972.42,3660.59,1278.68,975.3,demo,True
2026-04-03 11:00:00,39091.47,39032.97,3130.39,3999.45,5002.71,2792.26,7048.46,7411.05,2897.26,4088.56,3623.02,1228.92,941.29,demo,True
2026-04-03 12:00:00,37210.13,37386.25,2983.11,2284.04,4862.1,2823.05,6235.99,7638.0,2734.96,4426.68,4247.58,1215.24,918.61,demo,True
2026-04-03 13:00:00,38044.74,38342.04,2883.1,2784.33,5709.88,2792.37,5315.07,7994.04,2897.61,4683.76,3974.58,1246.52,943.88,demo,True
2026-04-03 14:00:00,38339.76,38305.29,3064.88,2511.22,5069.85,3049.49,6760.33,7732.82,2850.71,4895.18,3264.69,1241.54,929.45,demo,True
2026-04-03 15:00:00,38690.35,38860.29,3006.37,3162.95,5285.79,3017.7,6689.14,8029.24,2974.47,4814.44,2649.7,1235.12,1001.74,demo,True
2026-04-03 16:00:00,38887.66,39189.96,3070.7,5126.0,4742.67,2794.8,6757.66,7542.27,2757.91,5160.25,2115.3,1220.29,972.8,demo,True
2026-04-03 17:00:00,38971.51,39245.12,2969.73,5194.71,5552.99,2638.18,6743.99,7944.45,2846.93,5124.25,1009.63,1262.98,927.02,demo,True
2026-04-03 18:00:00,37933.39,38244.4,2648.68,6830.01,5243.46,2966.3,6567.11,7577.33,2815.77,4060.89,0.0,1264.88,918.65,demo,True
2026-04-03 19:00:00,37186.62,37261.19,2899.78,5815.08,5084.59,2624.58,6409.41,7777.22,2837.98,4562.33,0.0,1223.36,926.65,demo,True
2026-04-03 20:00:00,36928.92,37231.14,3016.64,6567.22,5086.86,2520.12,6422.76,7782.11,2727.97,3964.03,0.0,1226.82,933.24,demo,True
2026-04-03 21:00:00,34530.18,34672.18,2782.83,2788.19,5426.05,2889.7,6338.86,7886.71,2906.47,4237.78,0.0,1253.41,945.0,demo,True
2026-04-03 22:00:00,31786.19,32650.25,2685.02,1500.0,4432.2,3019.33,6359.86,7803.05,2890.6,4435.9,0.0,1225.88,983.44,demo,True
2026-04-03 23:00:00,29847.19,30356.98,2638.85,1500.0,4985.71,2727.08,5866.14,7591.92,2997.69,2512.97,0.0,1254.47,921.0,demo,True
2026-04-04 00:00:00,25723.24,34086.84,2255.74,1500.0,5169.04,2872.81,6074.99,7954.81,2845.21,5364.6,0.0,1286.7,1018.69,demo,True
2026-04-04 01:00:00,25506.99,33335.99,2246.77,1500.0,5166.04,2725.18,6442.8,8148.66,2799.86,4383.24,0.0,1248.5,921.7,demo,True
2026-04-04 02:00:00,24830.53,32459.75,2063.84,1500.0,5851.38,2929.96,5715.7,7645.76,2946.8,3742.77,0.0,1219.66,907.73,demo,True
2026-04-04 03:00:00,25643.15,32747.93,2150.4,1500.0,5112.23,2997.11,5797.26,7376.9,2759.5,4944.49,0.0,1259.8,1000.65,demo,True
2026-04-04 04:00:00,26069.45,32959.89,2205.01,1500.0,5457.46,2752.68,6383.0,7896.91,2987.65,3746.98,0.0,1245.56,989.64,demo,True
2026-04-04 05:00:00,28253.97,33069.1,2497.86,1500.0,5671.03,2615.03,6455.08,7720.55,2989.97,3926.66,0.0,1246.25,944.53,demo,True
2026-04-04 06:00:00,30620.41,32366.45,2547.04,1500.0,5374.36,2537.73,6390.33,7770.87,3013.4,3556.44,0.0,1261.88,961.44,demo,True
2026-04-04 07:00:00,31951.72,33805.58,2573.14,1500.0,5024.81,2966.62,5667.03,7928.32,2910.14,4565.6,1013.58,1267.28,962.2,demo,True
2026-04-04 08:00:00,34153.08,34253.11,2697.11,1500.0,4866.03,2595.42,7043.34,7711.75,2808.91,3626.81,1895.86,1250.89,954.1,demo,True
2026-04-04 09:00:00,34552.75,34998.55,2695.47,1500.0,5393.81,2866.96,5997.32,7759.15,2882.65,3693.94,2745.12,1248.48,911.11,demo,True
2026-04-04 10:00:00,35430.03,37071.07,2889.2,1500.0,5627.71,2939.93,6213.64,7802.36,2917.35,4161.27,3731.68,1301.59,875.54,demo,True
2026-04-04 11:00:00,35656.45,36550.92,2818.46,1500.0,5341.95,2709.77,6058.38,8153.76,2806.63,3792.53,3983.23,1280.01,924.66,demo,True
2026-04-04 12:00:00,35061.05,37275.63,2882.04,1500.0,5520.7,2770.08,6954.66,7843.01,3035.85,3413.85,3962.15,1270.84,1004.48,demo,True
2026-04-04 13:00:00,36130.04,37829.57,2654.34,1500.0,5873.91,2979.83,6647.5,7570.47,2947.44,3937.87,4113.62,1253.28,1005.66,demo,True
2026-04-04 14:00:00,35407.25,36261.4,2852.41,1500.0,5417.72,2654.53,6334.36,7585.09,2772.63,4594.24,3235.83,1224.86,942.14,demo,True
2026-04-04 15:00:00,35798.74,36086.49,2799.91,2869.9,4913.84,2636.25,6309.72,7884.62,3107.43,3426.8,2738.48,1278.18,921.26,demo,True
2026-04-04 16:00:00,36236.33,36572.7,2874.75,4122.38,5213.28,2757.81,6562.86,7611.27,2894.88,3270.43,1927.84,1253.61,958.34,demo,True
2026-04-04 17:00:00,36238.74,36289.18,3039.76,4784.25,5556.26,3030.02,6063.71,7521.73,2753.53,3242.27,1138.66,1235.57,963.17,demo,True
2026-04-04 18:00:00,36153.27,36085.69,2878.08,4459.48,5135.32,3089.93,6633.26,8010.9,2786.74,3758.13,0.0,1243.92,968.02,demo,True
2026-04-04 19:00:00,34951.33,35036.89,2898.05,4411.17,5591.48,2782.22,6307.97,8027.25,3066.37,2750.4,0.0,1225.85,874.19,demo,True
2026-04-04 20:00:00,33542.02,33548.82,2667.48,2922.82,5182.6,2671.82,6681.87,7801.18,3108.22,2859.14,0.0,1276.43,1044.73,demo,True
2026-04-04 21:00:00,32118.29,32115.76,2684.22,1773.16,5286.93,2991.54,6670.0,7952.24,3011.66,2179.18,0.0,1267.08,983.97,demo,True
2026-04-04 22:00:00,29008.03,30890.6,2351.22,1500.0,5108.81,2499.53,6292.24,7934.42,3050.05,2306.95,0.0,1254.54,944.06,demo,True
2026-04-04 23:00:00,27137.52,31207.18,2382.11,1500.0,5241.48,2844.57,5781.55,8030.9,3038.87,2592.43,0.0,1248.93,928.45,demo,True
2026-04-05 00:00:00,25450.97,31948.34,2334.2,1500.0,5255.24,2792.1,6413.61,8036.69,2960.75,2777.35,0.0,1232.98,979.62,demo,True
2026-04-05 01:00:00,24470.91,31384.39,2336.89,1500.0,4781.78,3032.89,5992.68,7335.59,2934.38,3645.46,0.0,1196.75,964.86,demo,True
2026-04-05 02:00:00,25020.68,32139.11,2204.58,1500.0,5085.19,3051.1,6527.52,7861.11,2960.56,2986.19,0.0,1214.68,952.76,demo,True
2026-04-05 03:00:00,24535.98,30854.24,2201.71,1500.0,4879.37,2630.34,6410.2,8033.05,2984.9,2221.19,0.0,1231.43,963.75,demo,True
2026-04-05 04:00:00,26113.81,30809.07,2285.42,1500.0,5094.15,2830.18,6294.2,7833.84,2808.3,2274.1,0.0,1227.68,946.62,demo,True
2026-04-05 05:00:00,29062.46,31667.43,2462.39,1500.0,4993.26,2697.29,6046.55,7937.07,2985.76,3288.21,0.0,1257.23,962.06,demo,True
2026-04-05 06:00:00,29943.12,33169.23,2460.99,1500.0,5463.07,2747.2,6915.38,8099.16,3073.51,3128.83,0.0,1270.29,971.79,demo,True
2026-04-05 07:00:00,32694.52,33025.06,2499.85,1596.2,5466.08,2911.13,6341.21,7956.65,2874.18,2546.29,1126.24,1246.79,960.3,demo,True
2026-04-05 08:00:00,33189.8,34504.33,2624.63,1500.0,5345.68,2739.72,7323.67,8275.36,2861.73,2279.7,1934.52,1285.22,958.73,demo,True
2026-04-05 09:00:00,34882.29,35187.69,2776.79,1500.0,4870.41,2834.91,6512.23,8196.26,2956.8,3034.28,3060.59,1230.43,991.79,demo,True
2026-04-05 10:00:00,35029.15,35235.07,2803.65,2363.15,5174.48,2972.31,6623.06,7926.88,2821.87,1948.16,3256.46,1246.61,902.09,demo,True
2026-04-05 11:00:00,35696.35,35833.7,2882.81,1935.53,4849.73,3072.73,6513.72,7913.97,2741.94,2616.05,4015.24,1248.73,926.06,demo,True
2026-04-05 12:00:00,36496.36,36829.33,2945.59,1807.86,5161.7,2851.96,6619.55,7334.98,3037.73,3533.81,4253.64,1277.3,950.8,demo,True
2026-04-05 13:00:00,34590.04,35964.81,2734.54,1500.0,5368.33,2821.2,6882.44,7894.66,2845.84,2479.87,3991.7,1252.65,928.1,demo,True
2026-04-05 14:00:00,36049.93,36558.52,2740.73,3370.72,5457.95,2600.69,6886.48,7673.15,2902.04,1971.42,3504.62,1253.34,938.12,demo,True
2026-04-05 15:00:00,35966.41,36312.49,2907.43,3502.61,5322.94,3085.44,5881.69,8023.85,2826.4,2548.77,2923.53,1208.63,988.63,demo,True
2026-04-05 16:00:00,35493.9,35850.09,2864.78,3400.71,5527.2,2889.23,6799.42,8013.05,3052.53,2095.31,1899.6,1227.5,945.53,demo,True
2026-04-05 17:00:00,34923.93,34748.53,2826.69,4054.37,5267.54,2824.52,6674.0,8136.68,3001.32,1622.37,995.21,1277.4,895.12,demo,True
2026-04-05 18:00:00,35747.99,35810.77,3013.98,5382.19,5139.27,2815.31,6512.56,8294.97,2869.59,2661.45,0.0,1198.12,937.3,demo,True
2026-04-05 19:00:00,34659.62,35177.91,2881.6,3945.05,5427.15,2864.92,7099.39,7985.96,2756.34,2863.78,0.0,1283.57,951.74,demo,True
2026-04-05 20:00:00,34011.21,34229.27,2810.35,3028.69,5435.68,2938.92,7113.47,8497.4,2855.66,2145.76,0.0,1262.49,951.19,demo,True
2026-04-05 21:00:00,32199.39,32139.06,2701.93,1972.42,5063.72,2961.2,6816.61,8050.74,2965.0,2111.38,0.0,1231.31,966.68,demo,True
2026-04-05 22:00:00,31320.41,31610.3,2724.73,2264.6,5298.54,3089.94,6309.76,7715.18,2918.41,1820.43,0.0,1229.2,964.23,demo,True
2026-04-05 23:00:00,27992.95,30814.44,2380.79,1500.0,5123.48,2843.68,6082.63,7883.53,2907.98,2229.9,0.0,1297.4,945.84,demo,True
2026-04-06 00:00:00,28170.41,31135.0,2381.17,1500.0,4677.77,3115.76,6764.04,7928.87,2919.33,2029.75,0.0,1285.29,914.21,demo,True
2026-04-06 01:00:00,27804.47,31907.03,2426.32,1500.0,5314.43,2990.39,6975.84,8144.76,2983.93,1813.91,0.0,1247.01,936.77,demo,True
2026-04-06 02:00:00,27404.83,31100.0,2287.58,1500.0,4863.42,2789.18,5789.97,7809.64,2886.71,3276.4,0.0,1253.36,931.32,demo,True
2026-04-06 03:00:00,28631.24,31818.01,2476.27,1500.0,5285.34,2499.87,6880.2,7955.95,2944.52,2576.83,0.0,1233.85,941.45,demo,True
2026-04-06 04:00:00,29473.1,31156.81,2528.59,1500.0,4800.82,2815.4,6410.8,7989.48,2770.79,2645.42,0.0,1253.37,970.74,demo,True
2026-04-06 05:00:00,30912.81,31598.38,2586.5,1500.0,5012.89,3080.53,5866.85,7929.65,3194.3,2818.9,0.0,1233.15,962.12,demo,True
2026-04-06 06:00:00,33726.81,33952.86,2741.17,3472.79,5087.26,2660.45,6664.29,8210.0,2852.31,2782.99,0.0,1248.04,974.72,demo,True
2026-04-06 07:00:00,33856.12,34037.9,2918.67,2253.03,5512.45,2814.84,6818.29,8175.77,2909.25,2213.48,1107.06,1295.26,938.48,demo,True
2026-04-06 08:00:00,35905.51,36093.66,2956.98,3650.56,5061.29,2829.74,6377.03,8294.43,2951.17,2581.1,2105.48,1247.61,995.25,demo,True
2026-04-06 09:00:00,36887.5,37143.3,2923.62,4740.12,4920.51,2969.58,6129.93,7968.0,2832.19,2337.3,3051.69,1223.8,970.19,demo,True
2026-04-06 10:00:00,37931.3,38128.61,2980.36,3165.01,5294.73,2730.19,7099.23,8308.34,2880.64,2720.19,3761.06,1215.84,953.37,demo,True
2026-04-06 11:00:00,37479.99,37861.94,3077.57,4461.64,5143.59,2643.51,6265.98,7746.6,2877.31,2703.06,3798.98,1253.18,968.1,demo,True
2026-04-06 12:00:00,38862.75,39016.27,2990.82,4627.27,5405.55,2902.6,6905.82,7744.05,2766.19,2374.19,4129.89,1230.98,929.73,demo,True
2026-04-06 13:00:00,38153.61,38685.9,2921.76,6333.93,4936.91,2666.19,5970.43,7785.2,2926.48,1936.19,3987.67,1256.17,886.74,demo,True
2026-04-06 14:00:00,37226.27,37371.75,2963.0,4056.12,5254.82,2469.61,6645.6,8056.93,2673.83,2711.21,3362.31,1209.51,931.8,demo,True
2026-04-06 15:00:00,37599.09,38014.71,3006.46,3466.82,5842.09,3131.27,6635.63,8322.02,3079.88,2575.1,2722.22,1267.26,972.42,demo,True
2026-04-06 16:00:00,38639.27,39062.65,3119.42,7427.39,5137.79,2966.87,6805.7,7927.54,2962.44,1773.01,1886.01,1223.5,952.41,demo,True
2026-04-06 17:00:00,39032.86,39312.71,3165.24,6713.68,5248.55,3139.01,7022.54,7957.59,2941.64,3014.74,1077.91,1251.16,945.89,demo,True
2026-04-06 18:00:00,39605.21,39869.03,3079.23,9802.83,4768.13,2957.32,6215.23,8017.3,2654.13,3287.99,0.0,1241.54,924.56,demo,True
2026-04-06 19:00:00,39579.97,39698.76,2995.83,7857.94,4978.23,2922.47,6682.27,8193.14,2764.92,4115.51,0.0,1292.96,891.33,demo,True
2026-04-06 20:00:00,36648.42,36805.35,2909.91,6658.85,5319.53,2866.52,6021.7,7964.26,3024.17,2703.29,0.0,1254.29,992.75,demo,True
2026-04-06 21:00:00,34001.41,34290.98,2841.17,4164.48,5114.23,2766.51,6017.73,7954.12,3352.95,2678.55,0.0,1298.64,943.76,demo,True
2026-04-06 22:00:00,31216.73,31467.23,2540.98,1500.0,5359.75,2892.18,6297.58,7777.55,2995.44,2443.59,0.0,1264.02,937.11,demo,True
2026-04-06 23:00:00,30857.89,32447.43,2421.64,1500.0,5310.48,2700.42,6643.26,7949.75,2973.72,3154.32,0.0,1285.64,929.85,demo,True
2026-04-07 00:00:00,28327.8,32734.13,2464.27,1500.0,4857.31,2607.54,7086.9,8336.48,2909.41,3204.07,0.0,1244.78,987.64,demo,True
2026-04-07 01:00:00,27398.23,32682.24,2366.87,1500.0,5463.98,2740.2,7150.63,8099.27,2741.77,2751.31,0.0,1258.64,976.44,demo,True
2026-04-07 02:00:00,26832.37,31989.32,2215.76,1500.0,4876.9,3032.47,6375.79,7918.26,2959.87,3124.59,0.0,1280.47,920.98,demo,True
2026-04-07 03:00:00,27591.26,31282.41,2425.23,1500.0,5001.12,2578.17,6606.94,8354.66,2705.21,2278.76,0.0,1272.62,984.94,demo,True
2026-04-07 04:00:00,29644.71,32812.34,2490.67,1500.0,5259.67,2581.03,6830.05,7955.56,2688.92,3788.19,0.0,1263.27,945.65,demo,True
2026-04-07 05:00:00,30782.93,33028.93,2749.56,1500.0,5607.43,2906.44,6767.88,8398.23,2678.14,2997.33,0.0,1241.8,931.68,demo,True
2026-04-07 06:00:00,32601.46,33037.47,2691.9,1980.76,4938.99,2725.29,6440.69,8396.08,2944.75,3423.7,0.0,1246.03,941.19,demo,True
2026-04-07 07:00:00,33973.3,34365.31,2827.43,2832.34,5238.4,2887.39,6526.64,8100.98,2817.4,2786.61,970.61,1278.44,926.5,demo,True
2026-04-07 08:00:00,35191.06,35590.66,2829.13,2869.53,5240.57,2978.17,6461.44,7760.27,2832.95,3268.21,1985.5,1283.65,910.37,demo,True
2026-04-07 09:00:00,37205.68,37565.5,2872.86,3045.81,5370.91,2883.08,6427.07,8594.85,2815.49,3479.4,2740.42,1235.18,973.28,demo,True
2026-04-07 10:00:00,38176.52,38564.06,2942.68,3983.29,5507.85,2686.2,6380.51,8177.5,2678.68,3673.65,3301.6,1231.41,943.38,demo,True
2026-04-07 11:00:00,39691.22,39609.67,3156.45,3871.37,5094.94,3030.93,6458.12,8022.1,2729.64,3979.47,4227.19,1227.4,968.52,demo,True
2026-04-07 12:00:00,38519.33,38571.37,3043.57,2200.49,5463.08,2933.58,6357.97,8304.69,2731.97,4519.54,3830.7,1270.74,958.62,demo,True
2026-04-07 13:00:00,39007.08,39029.71,2875.18,3041.17,5545.88,2804.83,6102.6,8249.75,2634.01,4226.75,4231.48,1226.76,966.46,demo,True
2026-04-07 14:00:00,37916.33,38394.96,2833.71,1779.44,5663.83,2796.12,6801.9,8384.48,2738.3,4401.78,3670.05,1270.44,888.62,demo,True
2026-04-07 15:00:00,37490.54,37599.6,2824.01,2277.8,5330.5,2867.32,6680.69,7951.1,2665.15,4703.86,2935.54,1263.64,924.0,demo,True
2026-04-07 16:00:00,37754.22,37892.11,3058.98,3105.42,5240.93,2743.84,7156.81,8167.55,2860.27,4325.47,2088.37,1236.37,967.08,demo,True
2026-04-07 17:00:00,37948.51,38199.71,2851.45,5984.61,5076.61,2506.38,6629.33,7837.18,2866.24,4081.68,1016.81,1289.1,911.76,demo,True
2026-04-07 18:00:00,39707.43,39733.57,3192.67,7912.86,4820.66,2935.03,6354.06,8245.18,2627.61,4663.53,0.0,1213.44,961.19,demo,True
2026-04-07 19:00:00,36975.3,37293.79,2985.56,5170.31,5127.73,2924.33,6280.75,8093.97,2743.1,4753.83,0.0,1291.49,908.28,demo,True
2026-04-07 20:00:00,36955.28,36821.81,2954.21,4724.04,5229.21,2385.81,6516.58,8161.19,2997.22,4599.28,0.0,1257.97,950.49,demo,True
2026-04-07 21:00:00,34072.04,34110.09,2742.35,2832.08,5171.53,2891.92,6693.51,8067.45,2652.54,3604.59,0.0,1198.16,998.3,demo,True
2026-04-07 22:00:00,33371.27,33657.05,2836.92,1679.13,5355.41,3116.17,6414.35,8044.63,2817.11,3967.22,0.0,1289.8,973.24,demo,True
2026-04-07 23:00:00,30949.96,32061.9,2587.86,1500.0,4821.91,2597.03,5985.41,7908.95,2774.21,4305.61,0.0,1274.31,894.48,demo,True
2026-04-08 00:00:00,28797.21,33944.64,2327.24,1500.0,5152.69,2786.81,6241.35,8273.89,2888.26,4886.9,0.0,1239.29,975.45,demo,True
2026-04-08 01:00:00,27670.45,34477.85,2297.69,1500.0,5718.64,2767.24,6506.31,8427.7,2788.09,4539.33,0.0,1225.88,1004.67,demo,True
2026-04-08 02:00:00,26812.48,34905.36,2213.91,1500.0,5458.86,3098.87,6759.1,7977.38,2696.34,5170.13,0.0,1210.77,1033.91,demo,True
2026-04-08 03:00:00,28012.06,34399.24,2521.07,1500.0,5360.21,3001.77,5979.96,8221.42,2751.52,5309.72,0.0,1310.39,964.25,demo,True
2026-04-08 04:00:00,28590.04,34416.0,2576.8,1500.0,5301.58,2641.89,6592.78,8194.45,2748.63,5300.7,0.0,1226.92,909.07,demo,True
2026-04-08 05:00:00,29825.07,34400.82,2614.61,1500.0,5104.99,2861.58,6577.39,8100.8,2723.17,5351.44,0.0,1218.41,963.04,demo,True
2026-04-08 06:00:00,31827.94,32665.01,2626.25,1500.0,4743.94,3214.48,6341.95,7762.73,2571.14,4276.19,0.0,1256.7,997.88,demo,True
2026-04-08 07:00:00,34829.07,35158.5,2660.84,1952.87,5318.85,2687.55,6294.58,7811.72,2873.81,5080.4,985.26,1209.05,944.39,demo,True
2026-04-08 08:00:00,37478.7,38103.93,2857.82,4977.35,4563.41,2797.99,6242.29,7925.67,2847.78,4578.04,1964.66,1225.46,981.29,demo,True
2026-04-08 09:00:00,37668.09,38067.21,2878.0,4218.5,5115.36,2892.43,6549.28,7626.23,2589.62,4098.23,2777.87,1274.87,924.81,demo,True
2026-04-08 10:00:00,38141.12,38319.59,2949.08,1936.44,5199.05,2690.19,6894.39,8405.84,2673.9,4818.17,3478.83,1261.61,961.17,demo,True
2026-04-08 11:00:00,38663.75,38965.84,3100.27,1517.49,5083.73,3117.38,6919.22,8176.14,2678.01,5661.53,3696.7,1240.34,875.31,demo,True
2026-04-08 12:00:00,39352.34,39678.33,3152.28,3177.51,5764.56,2714.92,6106.61,8087.75,2561.22,5264.85,3828.97,1250.46,921.49,demo,True
2026-04-08 13:00:00,38482.73,38942.06,2921.95,1994.3,5674.33,2549.97,6434.56,7611.51,2470.93,6076.69,3941.03,1238.94,949.82,demo,True
2026-04-08 14:00:00,37988.18,38476.12,2756.89,3618.2,5468.53,2705.5,5732.27,7691.05,2609.37,5187.65,3275.99,1248.45,939.1,demo,True
2026-04-08 15:00:00,39104.4,39325.24,2900.79,2723.52,4959.42,2917.54,6538.21,8090.65,2641.93,6352.09,2959.95,1230.95,910.98,demo,True
2026-04-08 16:00:00,38739.94,38771.14,3115.22,3076.78,5699.57,2656.33,6709.18,8523.46,2506.57,5243.94,2184.82,1235.49,935.01,demo,True
2026-04-08 17:00:00,39541.2,39457.51,3107.64,5141.44,5360.93,2854.4,7049.84,7934.95,2695.54,5191.21,1034.58,1234.73,959.89,demo,True
2026-04-08 18:00:00,38355.76,38400.65,3002.57,6841.56,4955.09,2901.26,5874.74,8277.32,2808.59,4562.83,0.0,1231.85,947.41,demo,True
2026-04-08 19:00:00,36703.14,36846.62,2874.16,4185.46,5208.51,2582.39,6119.18,7980.26,2764.81,5778.09,0.0,1276.1,951.83,demo,True
2026-04-08 20:00:00,35420.62,35941.4,2780.56,3272.57,5449.23,2698.53,6550.45,8096.46,2643.23,4989.71,0.0,1269.25,971.96,demo,True
2026-04-08 21:00:00,35869.74,36393.25,2770.56,4671.14,5044.29,2862.81,5933.56,8349.94,2432.22,4932.89,0.0,1226.69,939.71,demo,True
2026-04-08 22:00:00,33935.73,35082.95,2926.65,1500.0,5236.54,2926.43,6560.27,8004.92,2733.57,5910.3,0.0,1220.14,990.78,demo,True
2026-04-08 23:00:00,30564.83,34816.7,2711.5,1500.0,5282.28,2703.02,6718.05,7927.45,2659.83,5859.69,0.0,1246.07,920.32,demo,True
2026-04-09 00:00:00,28648.63,34536.6,2361.66,1500.0,4913.78,2827.32,6051.55,8389.41,2687.73,5855.09,0.0,1303.88,1007.84,demo,True
2026-04-09 01:00:00,28731.99,34196.02,2298.4,1500.0,5129.78,2748.89,6546.4,8085.55,2863.66,5114.04,0.0,1224.31,983.39,demo,True
2026-04-09 02:00:00,26505.9,33739.15,2343.38,1500.0,4933.38,2931.01,6075.73,8313.6,2526.84,5273.3,0.0,1245.97,939.32,demo,True
2026-04-09 03:00:00,27083.5,34460.38,2367.6,1500.0,5425.85,2893.49,6981.4,7920.72,2275.3,5270.07,0.0,1252.22,941.32,demo,True
2026-04-09 04:00:00,29368.86,34529.64,2541.5,1500.0,4963.91,2732.77,6572.33,8378.8,2488.31,5690.04,0.0,1247.28,956.2,demo,True
2026-04-09 05:00:00,30416.77,35011.17,2618.49,1500.0,5275.87,2886.12,6275.98,8127.32,2667.46,6071.92,0.0,1238.54,967.96,demo,True
2026-04-09 06:00:00,32728.91,33633.03,2559.71,1500.0,4838.56,2725.73,6066.65,8160.48,2606.76,5473.14,0.0,1278.88,982.84,demo,True
2026-04-09 07:00:00,34603.85,36015.59,2877.93,1500.0,4905.31,2882.33,6636.2,8091.42,2452.02,6268.02,1109.15,1261.36,909.78,demo,True
2026-04-09 08:00:00,36619.64,36745.5,2843.71,1594.22,4892.71,2884.83,6975.28,7948.81,2421.88,5718.28,2075.22,1271.15,963.12,demo,True
2026-04-09 09:00:00,38551.34,38903.75,3049.43,3447.41,5124.71,3226.79,6229.97,8057.13,2544.02,5139.01,2983.47,1264.73,886.5,demo,True
2026-04-09 10:00:00,38297.58,38426.9,2933.89,2193.93,5246.9,2739.47,6346.12,7957.53,2431.36,5655.13,3639.42,1272.35,944.68,demo,True
2026-04-09 11:00:00,38924.43,39227.43,3055.92,1500.0,5294.84,2774.57,6236.75,8263.34,2637.66,6075.77,4161.28,1289.61,993.62,demo,True
2026-04-09 12:00:00,37013.02,38706.8,2661.87,1500.0,4739.22,2683.5,7044.42,8004.82,2520.09,6201.67,3822.33,1283.28,907.47,demo,True
2026-04-09 13:00:00,38305.06,38751.02,3030.26,3394.49,5156.15,2614.09,5831.98,7717.45,2488.47,5773.41,3564.84,1308.12,902.02,demo,True
2026-04-09 14:00:00,37695.57,37949.32,2858.9,2161.47,5004.85,2717.84,6949.96,7674.31,2466.98,5168.01,3568.84,1280.43,956.62,demo,True
2026-04-09 15:00:00,37486.83,37859.02,2943.44,2953.6,5338.89,2919.72,6367.98,7660.95,2583.79,5019.84,2789.38,1233.26,991.62,demo,True
2026-04-09 16:00:00,37835.1,37866.18,3068.93,3095.22,5130.41,2932.74,6474.93,8173.74,2551.55,5387.07,1889.56,1271.18,959.76,demo,True
2026-04-09 17:00:00,38242.28,38523.68,2928.51,4709.34,5178.98,2853.22,6380.78,7781.34,2564.89,5904.77,989.73,1267.76,892.86,demo,True
2026-04-09 18:00:00,38878.63,39231.65,2978.92,6791.85,5006.31,2746.76,6583.86,8097.51,2556.48,5251.36,0.0,1298.01,899.51,demo,True
2026-04-09 19:00:00,36641.79,36523.9,2887.15,3935.86,5648.41,2711.19,6244.57,8058.28,2520.4,5226.43,0.0,1225.82,952.93,demo,True
2026-04-09 20:00:00,36409.78,36870.03,2879.69,4922.23,4866.27,2634.97,6870.43,8010.67,2399.28,4987.61,0.0,1263.95,914.62,demo,True
2026-04-09 21:00:00,34385.17,34410.28,2690.8,2236.15,5096.07,2699.76,6884.65,8117.95,2429.8,4758.82,0.0,1232.97,954.1,demo,True
2026-04-09 22:00:00,32509.8,32987.22,2675.47,1500.0,5227.98,2566.88,6155.81,8052.86,2464.27,4800.74,0.0,1262.81,955.88,demo,True
2026-04-09 23:00:00,31402.43,33671.4,2632.57,1500.0,5134.65,3044.41,6733.61,7418.35,2753.64,4906.8,0.0,1244.63,935.31,demo,True
2026-04-10 00:00:00,29303.54,34205.27,2530.95,1500.0,5001.38,3130.69,6375.23,7939.67,2338.14,5653.73,0.0,1261.99,1004.44,demo,True
2026-04-10 01:00:00,28655.16,32554.46,2379.08,1500.0,4728.96,2451.54,6518.07,8100.71,2443.91,4628.81,0.0,1214.74,967.71,demo,True
2026-04-10 02:00:00,27182.68,34254.12,2295.35,1500.0,5020.21,2852.07,7033.8,8364.29,2500.16,4727.42,0.0,1269.83,986.35,demo,True
2026-04-10 03:00:00,27232.65,32832.68,2368.94,1500.0,4950.56,2849.08,6264.09,8370.62,2446.15,4219.41,0.0,1255.15,977.62,demo,True
2026-04-10 04:00:00,28771.83,34259.22,2453.63,1500.0,5636.6,2837.59,6824.29,7695.81,2605.62,4960.01,0.0,1253.8,945.5,demo,True
2026-04-10 05:00:00,30872.74,34467.1,2565.66,1500.0,5788.82,2693.31,6659.99,7914.8,2433.92,5233.34,0.0,1298.76,944.17,demo,True
2026-04-10 06:00:00,32866.1,33673.93,2628.73,1500.0,5186.79,2984.05,6432.09,7643.16,2436.99,5309.33,0.0,1240.44,941.07,demo,True
2026-04-10 07:00:00,33969.19,34455.35,2769.76,1500.0,4834.76,2873.89,6628.59,8317.97,2557.1,4544.72,969.32,1258.56,970.43,demo,True
2026-04-10 08:00:00,36456.68,36430.02,2789.96,1671.33,5391.89,2986.14,6586.94,8202.25,2670.85,4675.13,2062.49,1252.51,930.49,demo,True
2026-04-10 09:00:00,37735.86,38098.56,2941.64,4099.47,4944.92,2667.25,6094.58,8052.31,2616.69,4255.13,3111.51,1254.95,1001.75,demo,True
2026-04-10 10:00:00,40006.4,40144.29,3059.74,5428.54,5057.22,2551.03,6287.65,8007.41,2425.63,4539.01,3614.64,1305.55,927.62,demo,True
2026-04-10 11:00:00,39797.46,40045.42,3062.8,4654.99,5036.5,2878.28,6134.16,8270.23,2430.34,4374.31,4058.58,1251.6,956.43,demo,True
2026-04-10 12:00:00,37860.87,38070.39,3044.98,2540.03,5069.87,2626.67,6403.18,8228.54,2436.15,4188.11,4398.9,1235.82,943.13,demo,True
2026-04-10 13:00:00,38147.99,38505.95,2846.39,2344.85,5107.77,2989.83,6970.76,8212.31,2442.46,4168.92,4035.8,1296.77,936.48,demo,True
2026-04-10 14:00:00,37271.42,37517.64,2709.39,3422.97,4858.49,2417.21,6703.36,8053.43,2317.43,4266.58,3220.69,1242.31,1015.17,demo,True
2026-04-10 15:00:00,37936.5,38445.78,2929.29,5285.68,5017.48,2715.66,5998.59,7871.49,2525.82,3833.73,3050.63,1209.87,936.83,demo,True
2026-04-10 16:00:00,38680.73,39108.83,2942.82,6057.18,5465.19,2689.13,6404.32,8112.38,2432.55,3799.45,1976.28,1231.48,940.86,demo,True
2026-04-10 17:00:00,39330.27,39437.11,2816.62,6589.96,5191.28,2740.17,6581.77,8118.37,2396.72,4714.08,955.86,1218.84,930.08,demo,True
2026-04-10 18:00:00,37737.14,38232.89,3163.27,5945.38,5232.58,2847.0,6760.43,7892.06,2243.93,5155.27,0.0,1205.0,951.23,demo,True
2026-04-10 19:00:00,37122.36,37429.86,3050.82,8091.22,4619.62,2871.32,6272.23,7851.83,2398.34,3137.42,0.0,1240.92,946.96,demo,True
2026-04-10 20:00:00,34895.23,35175.81,2919.92,5201.54,5446.42,2915.15,6066.9,8173.47,2158.09,3049.56,0.0,1248.24,916.42,demo,True
2026-04-10 21:00:00,34620.22,35022.9,2809.58,4632.42,5021.76,2935.9,6480.28,8285.21,2309.92,3140.62,0.0,1279.51,937.27,demo,True
2026-04-10 22:00:00,32005.48,32258.04,2705.37,1500.0,5492.23,2769.13,6699.16,7749.15,2306.61,3507.74,0.0,1265.74,968.29,demo,True
2026-04-10 23:00:00,30339.89,32949.17,2531.24,1500.0,5240.11,3179.57,6582.2,7850.92,2403.11,3947.85,0.0,1264.6,980.81,demo,True
2026-04-11 00:00:00,25823.06,32278.58,2386.07,1500.0,5053.87,3049.68,6190.36,7980.85,2588.77,3736.65,0.0,1227.67,950.72,demo,True
2026-04-11 01:00:00,25163.0,32246.11,2300.95,1500.0,4763.77,2743.84,7114.12,8005.42,2426.37,3468.69,0.0,1272.12,951.77,demo,True
2026-04-11 02:00:00,23570.42,32623.89,2197.25,1500.0,5765.46,2775.36,6465.41,7778.11,2526.13,3589.47,0.0,1284.78,939.17,demo,True
2026-04-11 03:00:00,24202.88,32059.9,2238.74,1500.0,5408.84,2740.05,6567.8,8302.01,2424.35,2922.05,0.0,1259.86,934.93,demo,True
2026-04-11 04:00:00,27929.0,31782.68,2571.66,1500.0,5424.4,2865.39,6268.31,7975.04,2476.57,3089.99,0.0,1260.56,922.41,demo,True
2026-04-11 05:00:00,27311.8,32506.48,2426.51,1500.0,5672.9,2625.05,6887.28,7993.56,2559.1,3146.91,0.0,1218.38,903.3,demo,True
2026-04-11 06:00:00,29484.75,31133.55,2441.35,1500.0,5258.26,2657.88,6700.15,8258.03,2243.13,2310.81,0.0,1276.36,928.93,demo,True
2026-04-11 07:00:00,33524.1,33595.08,2794.95,3227.59,5551.62,2409.87,6610.13,7766.65,2230.05,2469.34,1058.17,1294.52,977.12,demo,True
2026-04-11 08:00:00,35936.88,35896.71,2939.6,5025.12,5075.57,2728.24,6096.92,7840.29,2400.74,2437.52,2096.97,1258.07,937.27,demo,True
2026-04-11 09:00:00,34266.0,35103.25,2755.95,1500.0,5391.77,2991.66,6882.91,7578.26,2314.86,3329.96,2939.07,1235.14,939.62,demo,True
2026-04-11 10:00:00,35496.39,35760.89,2829.79,2396.15,5036.17,2772.62,6764.92,7810.27,2336.6,3021.56,3437.6,1245.95,939.04,demo,True
2026-04-11 11:00:00,36232.76,36628.51,2781.37,2797.67,5069.0,2782.69,6855.23,7514.75,2275.22,3156.86,3950.26,1239.49,987.34,demo,True
2026-04-11 12:00:00,37178.23,37582.43,2967.61,4958.44,5225.22,2850.07,6512.96,8000.92,2228.45,1885.49,3757.75,1240.99,922.15,demo,True
2026-04-11 13:00:00,35168.36,35603.76,2714.62,3312.38,4870.48,2619.6,6473.8,7922.82,2489.47,2019.13,3671.58,1266.2,958.31,demo,True
2026-04-11 14:00:00,35634.14,35816.12,2816.89,2336.82,5285.65,2804.55,6436.27,7763.43,2158.03,3049.8,3776.64,1256.99,947.95,demo,True
2026-04-11 15:00:00,36404.13,36537.32,2872.51,4484.92,5118.89,2960.26,7297.65,7796.2,2367.45,1287.9,2996.92,1275.1,952.04,demo,True
2026-04-11 16:00:00,36274.14,36164.82,2985.77,4349.28,4683.23,2855.18,6310.14,7979.68,2343.1,3250.41,2177.19,1259.27,957.33,demo,True
2026-04-11 17:00:00,35732.86,35803.78,3068.63,7024.77,5081.01,2976.07,6084.81,7556.09,2085.88,1689.18,1125.87,1228.4,951.71,demo,True
2026-04-11 18:00:00,35663.82,35925.01,2812.08,6203.85,5110.29,3027.54,6369.36,7844.63,2170.88,2987.2,0.0,1237.48,973.79,demo,True
2026-04-11 19:00:00,34127.84,34251.59,2832.19,5190.6,5421.74,2919.27,6313.41,7947.3,2186.31,2087.92,0.0,1235.93,949.12,demo,True
2026-04-11 20:00:00,33741.61,33786.25,2767.14,3902.63,5274.15,2671.59,6940.95,7394.96,2328.89,3025.41,0.0,1245.34,1002.33,demo,True
2026-04-11 21:00:00,32057.62,32316.7,2698.31,1511.0,5576.34,2738.06,6025.4,7931.34,2212.45,4075.9,0.0,1294.87,951.33,demo,True
2026-04-11 22:00:00,30421.69,30913.42,2634.01,2973.43,5335.23,3147.67,6303.55,7405.91,2241.64,1308.24,0.0,1298.87,898.9,demo,True
2026-04-11 23:00:00,27831.77,30801.26,2409.03,1500.0,5055.97,2856.55,6566.68,7741.82,2072.45,2767.72,0.0,1270.92,969.15,demo,True
2026-04-12 00:00:00,26776.94,30196.62,2412.77,1500.0,5184.83,2832.57,6943.9,7505.19,2521.99,1493.39,0.0,1252.97,961.76,demo,True
2026-04-12 01:00:00,25947.88,31078.24,2318.29,1500.0,5109.51,2645.21,6749.6,8069.41,2247.0,2590.58,0.0,1215.96,950.98,demo,True
2026-04-12 02:00:00,24919.63,30917.9,2441.18,1500.0,5326.87,2783.54,7066.66,7493.32,2293.96,2255.84,0.0,1255.5,942.21,demo,True
2026-04-12 03:00:00,25486.04,30333.85,2255.66,1500.0,5215.55,2928.95,6621.03,7378.14,2164.89,2408.48,0.0,1230.25,886.56,demo,True
2026-04-12 04:00:00,26485.74,29735.77,2401.08,1500.0,5036.57,2802.67,6428.73,7763.78,2147.19,1874.47,0.0,1290.76,891.59,demo,True
2026-04-12 05:00:00,28223.06,31214.61,2511.61,1500.0,5202.24,2706.51,6799.44,7636.63,2450.82,2709.7,0.0,1209.85,999.43,demo,True
2026-04-12 06:00:00,29757.41,30288.37,2622.08,3042.95,5319.91,2748.27,6021.49,7389.79,1987.15,1586.76,0.0,1259.61,932.43,demo,True
2026-04-12 07:00:00,32469.8,32476.53,2659.21,2392.07,4938.33,3014.53,5901.54,7829.6,2246.51,2925.68,1021.16,1228.14,978.97,demo,True
2026-04-12 08:00:00,33845.23,33906.21,2916.07,3431.43,5282.42,2920.2,6841.69,7268.86,2063.67,2096.59,1849.68,1249.76,901.91,demo,True
2026-04-12 09:00:00,36561.32,36752.54,2765.0,6328.67,4789.54,2896.13,6573.7,7472.04,2156.49,1598.65,2752.08,1266.65,918.59,demo,True
2026-04-12 10:00:00,36865.52,37090.32,2831.18,3448.68,5487.45,2879.36,6837.4,7566.45,2124.62,3098.68,3401.78,1275.55,970.36,demo,True
2026-04-12 11:00:00,36273.76,36999.34,2961.15,4710.49,5337.07,2587.05,6201.67,7862.42,2079.04,2271.19,3754.99,1248.48,946.92,demo,True
2026-04-12 12:00:00,35444.0,36858.44,2741.59,1500.0,5623.61,2849.02,6949.67,7963.83,2197.84,3264.75,4274.55,1269.03,966.13,demo,True
2026-04-12 13:00:00,35090.47,35138.46,2716.97,1500.0,4909.68,2992.24,6734.63,7914.29,1881.71,2930.1,4092.77,1233.44,949.59,demo,True
2026-04-12 14:00:00,36649.63,36731.18,2889.42,4454.71,5494.7,2753.03,6489.11,7630.78,2148.38,1931.24,3629.34,1256.14,943.77,demo,True
2026-04-12 15:00:00,36053.92,36345.7,2844.85,4873.07,5443.3,2975.94,6572.57,7123.26,2171.82,2301.09,2679.99,1275.06,929.6,demo,True
2026-04-12 16:00:00,36315.91,36654.47,2989.99,5502.22,5152.62,2898.14,6621.42,7735.99,2016.04,2419.74,2135.82,1258.3,914.18,demo,True
2026-04-12 17:00:00,34784.96,34907.68,2908.2,3882.54,5102.07,2948.98,6200.14,7966.22,2357.3,3140.35,1081.23,1236.77,992.08,demo,True
2026-04-12 18:00:00,36416.71,36670.49,2977.13,7714.16,4917.86,2809.17,6365.24,7906.78,2101.0,2616.23,0.0,1243.02,997.02,demo,True
2026-04-12 19:00:00,35418.36,36018.5,3009.71,7020.17,4850.09,2959.59,6615.89,7729.81,2140.54,2508.18,0.0,1275.39,918.84,demo,True
2026-04-12 20:00:00,33141.03,33397.36,2655.84,5567.07,5004.68,2536.36,6351.2,7358.85,2094.74,2344.88,0.0,1222.7,916.88,demo,True
2026-04-12 21:00:00,31924.02,32231.8,2702.89,4303.77,4873.5,2805.97,5985.7,7497.52,2152.86,2446.54,0.0,1226.39,939.57,demo,True
2026-04-12 22:00:00,30453.77,32372.51,2706.22,1500.0,5614.89,2928.34,6603.21,8031.03,2316.53,3153.26,0.0,1265.04,960.21,demo,True
2026-04-12 23:00:00,28267.22,30412.72,2559.85,1500.0,4809.47,2853.33,6792.61,7286.38,2453.3,2534.07,0.0,1239.02,944.55,demo,True
2026-04-13 00:00:00,28752.34,30737.63,2638.91,1500.0,5238.71,2997.21,6873.99,7337.97,2243.07,2368.03,0.0,1213.67,964.99,demo,True
2026-04-13 01:00:00,27676.54,30893.72,2387.79,1500.0,5313.28,2771.72,6686.31,7790.26,2281.28,2318.58,0.0,1283.77,948.52,demo,True
2026-04-13 02:00:00,27144.45,30645.4,2497.38,1500.0,5292.95,2701.46,6786.41,7480.41,2353.89,2361.21,0.0,1222.51,946.56,demo,True
2026-04-13 03:00:00,27856.61,29892.64,2422.27,1500.0,5315.78,2504.97,6845.63,7307.61,2175.06,1976.19,0.0,1245.01,1022.39,demo,True
2026-04-13 04:00:00,29988.57,30963.61,2619.73,1500.0,5446.06,2750.87,6527.88,7896.06,2330.98,2343.01,0.0,1234.51,934.24,demo,True
2026-04-13 05:00:00,28936.34,30876.03,2604.89,1500.0,5084.06,2893.04,5758.38,7653.61,2235.06,3510.12,0.0,1242.56,999.2,demo,True
2026-04-13 06:00:00,32606.7,32823.25,2661.85,3219.1,5222.76,2936.98,6905.92,7460.42,2154.76,2702.02,0.0,1227.88,993.41,demo,True
2026-04-13 07:00:00,34881.82,35176.36,2682.68,5296.6,5123.67,2548.15,6187.34,7284.56,2177.1,3203.54,1122.43,1267.86,965.12,demo,True
2026-04-13 08:00:00,36630.53,36926.99,3132.48,6527.04,5538.66,3011.56,6104.19,7979.24,1914.14,1659.51,2047.67,1252.77,892.22,demo,True
2026-04-13 09:00:00,37345.76,37358.85,3006.63,4658.63,5745.97,2624.6,6113.81,7515.58,2165.5,3232.06,3077.18,1274.59,950.93,demo,True
2026-04-13 10:00:00,37044.46,37346.42,2936.06,4075.93,4889.58,2778.19,7369.6,7820.5,1943.01,2917.62,3382.65,1234.77,934.56,demo,True
2026-04-13 11:00:00,38743.27,39093.8,3037.91,6729.84,4671.91,2697.61,6654.19,7701.78,1931.12,2809.28,3644.13,1303.33,950.6,demo,True
2026-04-13 12:00:00,39697.28,39659.81,2910.5,6367.0,5347.97,2875.1,6135.43,7382.65,2147.27,3193.4,4090.48,1202.38,918.11,demo,True
2026-04-13 13:00:00,37305.46,37818.82,2982.58,5001.17,5478.3,2816.93,6260.8,7376.45,1988.48,2909.05,3804.58,1210.37,972.69,demo,True
2026-04-13 14:00:00,38930.51,38958.07,3019.32,5789.38,5708.81,2922.03,6499.75,7799.5,2119.45,2150.11,3695.65,1293.83,979.55,demo,True
2026-04-13 15:00:00,38150.03,38195.15,3005.43,4018.26,5391.85,3131.88,6689.84,7795.06,2135.13,3729.22,3056.95,1261.85,985.1,demo,True
2026-04-13 16:00:00,38446.88,38733.23,3062.79,6851.13,5562.9,2871.61,6597.75,7052.36,2138.77,3446.51,2015.13,1258.53,938.53,demo,True
2026-04-13 17:00:00,37779.14,38125.39,2727.78,7496.97,5631.62,2696.2,6174.99,7578.18,2006.68,3225.7,1136.05,1260.78,918.22,demo,True
2026-04-13 18:00:00,38043.38,38433.36,3116.44,8531.8,5580.84,2882.99,6611.0,7422.48,2221.47,2957.93,0.0,1264.28,960.55,demo,True
2026-04-13 19:00:00,38520.3,38871.28,3127.38,9665.58,5429.1,3150.13,6286.08,7213.72,2101.46,2765.03,0.0,1257.49,1002.68,demo,True
2026-04-13 20:00:00,36836.19,36992.65,3011.72,6837.96,4866.63,2918.14,6866.42,7490.52,2163.71,3671.33,0.0,1225.85,952.08,demo,True
2026-04-13 21:00:00,35976.71,36246.25,2907.97,5804.76,5197.83,2970.22,6519.7,7127.89,1965.91,4425.92,0.0,1270.45,963.57,demo,True
2026-04-13 22:00:00,33603.35,33796.35,2783.8,4379.72,5278.01,2513.16,6234.23,7314.02,2086.86,3780.88,0.0,1266.52,942.95,demo,True
2026-04-13 23:00:00,31047.86,31329.22,2643.83,1803.97,5174.05,2869.64,6741.13,7232.8,2238.8,3048.22,0.0,1285.71,934.9,demo,True
2026-04-14 00:00:00,30187.61,31765.21,2589.26,1500.0,5190.09,2751.76,6634.14,7290.31,2222.5,3912.56,0.0,1294.11,969.75,demo,True
2026-04-14 01:00:00,28066.27,31543.43,2494.15,1500.0,5607.48,2677.58,6333.8,7376.33,2009.43,3833.73,0.0,1258.26,946.82,demo,True
2026-04-14 02:00:00,27910.43,31788.04,2464.06,1500.0,5003.22,2795.98,6755.53,7160.4,2038.76,4352.72,0.0,1219.31,962.11,demo,True
2026-04-14 03:00:00,27552.21,32697.67,2583.96,1500.0,5407.75,2819.55,6720.19,7721.68,1984.78,4284.17,0.0,1294.31,965.23,demo,True
2026-04-14 04:00:00,29015.11,30622.98,2455.15,1500.0,5282.27,2687.61,6920.64,7475.84,2023.94,2547.71,0.0,1224.55,960.43,demo,True
2026-04-14 05:00:00,30254.8,32345.39,2527.82,1500.0,4977.04,2833.92,6748.55,7753.85,1934.18,4372.66,0.0,1258.45,966.74,demo,True
2026-04-14 06:00:00,33475.21,33310.01,2923.54,3970.33,4920.08,2768.77,6425.12,7315.54,2084.94,3657.23,0.0,1243.58,924.41,demo,True
2026-04-14 07:00:00,33943.45,34336.21,2775.05,4658.62,4757.66,2926.44,5908.31,7221.72,2177.03,3506.46,1018.16,1239.23,922.58,demo,True
2026-04-14 08:00:00,36980.98,37221.43,3028.29,4435.73,5326.25,2840.96,6565.33,7720.99,2006.47,4180.77,1927.11,1269.11,948.72,demo,True
2026-04-14 09:00:00,37482.64,37564.02,2974.59,4156.73,5183.56,2867.67,6619.63,7198.64,2089.51,4537.39,2705.33,1256.11,949.44,demo,True
2026-04-14 10:00:00,39104.04,39169.46,3044.45,5901.6,4985.3,2976.29,6517.92,7278.25,2073.71,3567.58,3671.65,1262.83,934.33,demo,True
2026-04-14 11:00:00,39049.28,39175.4,3112.98,5214.71,4712.21,2899.89,5446.19,7467.54,2226.66,4795.33,4226.03,1229.61,957.23,demo,True
2026-04-14 12:00:00,39772.59,39854.92,3133.8,5058.26,5312.5,2798.9,6737.59,7028.47,2026.61,4878.75,3790.93,1245.65,977.25,demo,True
2026-04-14 13:00:00,38900.71,39007.21,2883.57,4745.77,5154.83,2424.35,6180.78,7448.89,2031.02,4573.49,4231.69,1230.76,985.63,demo,True
2026-04-14 14:00:00,37235.41,37791.52,2954.54,3761.83,5014.44,2892.47,6740.0,7412.36,1998.65,4167.89,3566.49,1245.02,992.37,demo,True
2026-04-14 15:00:00,38343.13,38659.93,2929.37,5204.81,4949.35,2635.85,7095.24,7554.9,1963.88,4162.41,2935.9,1247.03,910.56,demo,True
2026-04-14 16:00:00,37679.4,38295.88,3086.68,4808.8,5137.97,2784.48,6411.52,7463.07,2164.18,5214.08,2100.57,1296.11,915.11,demo,True
2026-04-14 17:00:00,38163.37,38454.01,3199.28,6717.71,5322.2,2866.79,6653.47,7544.86,2084.84,3993.06,1086.25,1243.52,941.31,demo,True
2026-04-14 18:00:00,39345.36,39699.63,3286.24,8223.55,5114.2,3039.95,6511.47,7226.17,2108.1,5326.92,0.0,1196.86,952.41,demo,True
2026-04-14 19:00:00,38066.54,38158.01,3076.97,7159.95,4890.98,3131.62,6683.95,7052.27,2255.03,4756.49,0.0,1284.88,942.85,demo,True
2026-04-14 20:00:00,35949.08,36168.84,2856.86,4824.62,5184.89,2634.18,6536.21,7697.85,2262.55,4833.89,0.0,1261.23,933.42,demo,True
2026-04-14 21:00:00,34064.49,34299.79,2845.33,4894.19,5471.84,2563.14,6319.06,6889.37,1905.87,4068.72,0.0,1246.72,940.87,demo,True
2026-04-14 22:00:00,32812.11,33173.73,2628.74,2744.28,5210.47,2858.63,6183.27,6903.0,2181.96,4888.55,0.0,1239.07,964.5,demo,True
2026-04-14 23:00:00,29898.9,33525.41,2752.52,1500.0,5217.79,2843.64,7056.66,7332.74,2132.19,5305.96,0.0,1226.33,910.11,demo,True
2026-04-15 00:00:00,28507.06,32145.69,2570.58,1500.0,5115.33,2583.66,6653.49,7557.5,2050.69,4366.27,0.0,1298.45,1020.3,demo,True
2026-04-15 01:00:00,27987.39,32955.15,2457.77,1500.0,4968.69,2797.01,6790.68,7233.29,2146.45,5317.1,0.0,1251.3,950.63,demo,True
2026-04-15 02:00:00,28149.55,32643.02,2531.22,1500.0,4960.05,2907.56,6639.67,7403.02,1901.1,5143.54,0.0,1206.56,981.53,demo,True
2026-04-15 03:00:00,28195.95,31705.79,2402.88,1500.0,4767.92,2578.57,6841.52,6735.68,2285.0,4806.31,0.0,1258.19,932.6,demo,True
2026-04-15 04:00:00,27374.62,32873.43,2292.64,1500.0,5507.12,2620.97,6186.41,7056.45,2172.58,5582.51,0.0,1280.15,967.23,demo,True
2026-04-15 05:00:00,30966.05,31410.87,2418.77,1837.7,5320.24,2684.05,6529.11,6745.67,2008.34,4078.84,0.0,1253.91,953.0,demo,True
2026-04-15 06:00:00,32842.92,33103.8,2705.55,1500.0,5221.45,2761.79,6676.92,7321.23,2043.38,5375.86,0.0,1227.46,975.7,demo,True
2026-04-15 07:00:00,35067.98,35377.18,2806.12,2337.8,5276.85,2924.91,6952.43,6800.75,1910.8,6032.52,971.85,1225.22,944.04,demo,True
2026-04-15 08:00:00,37574.68,37796.5,3009.31,3215.28,5288.28,2741.23,7435.58,6851.62,2079.13,5960.75,2001.01,1227.07,996.55,demo,True
2026-04-15 09:00:00,36181.83,36623.1,2864.04,2430.06,5009.02,2809.96,6642.63,7237.44,2060.59,5451.32,2788.81,1288.04,905.24,demo,True
2026-04-15 10:00:00,37880.39,37772.54,2999.85,2882.91,5115.43,3204.31,6268.61,7349.57,1961.29,5118.85,3644.87,1248.21,978.48,demo,True
2026-04-15 11:00:00,38947.31,39251.84,3101.67,5086.51,5076.71,2627.86,6081.52,7072.63,2215.38,4962.67,3966.96,1208.03,953.56,demo,True
2026-04-15 12:00:00,37401.02,37425.14,2785.43,1843.8,5852.97,2682.46,6183.31,7224.67,2277.34,5137.6,4043.93,1259.6,919.45,demo,True
2026-04-15 13:00:00,39432.33,39752.65,3126.06,4072.16,5465.25,2922.06,6229.06,7209.19,2122.87,5567.04,3902.95,1253.53,1008.56,demo,True
2026-04-15 14:00:00,38603.68,38827.3,2974.88,5056.91,5243.65,2977.85,5484.62,7035.13,2091.58,4895.16,3798.16,1238.78,1005.46,demo,True
2026-04-15 15:00:00,38992.61,38976.5,3085.55,4481.91,5555.16,2874.66,6263.52,6833.35,2182.65,5678.71,2994.27,1224.49,887.78,demo,True
2026-04-15 16:00:00,38110.15,38420.92,3075.71,3133.65,5522.32,3125.61,6750.86,7190.14,2130.36,6365.36,2023.91,1223.4,955.3,demo,True
2026-04-15 17:00:00,39105.81,39396.16,3177.97,7417.06,4841.06,2857.14,6526.39,7192.43,2005.2,5264.19,1044.35,1277.17,971.17,demo,True
2026-04-15 18:00:00,39045.43,39253.81,3121.28,9116.58,5142.06,2444.3,6409.48,7245.93,2059.16,4616.87,0.0,1256.19,963.25,demo,True
2026-04-15 19:00:00,37793.28,38024.46,3048.68,7999.28,5195.76,2817.46,5932.32,7109.61,2104.4,4608.2,0.0,1261.97,995.47,demo,True
2026-04-15 20:00:00,36612.41,36891.49,3024.21,5116.37,5359.0,2697.22,6867.64,6775.61,2172.33,5657.97,0.0,1256.12,989.23,demo,True
2026-04-15 21:00:00,34973.33,35435.41,2707.24,3800.13,5141.76,3049.09,6679.13,7176.29,2146.32,5226.54,0.0,1258.19,957.96,demo,True
2026-04-15 22:00:00,32194.82,33268.32,2574.75,1500.0,5174.38,2973.63,6495.47,7015.87,2173.16,5679.19,0.0,1238.29,1018.31,demo,True
2026-04-15 23:00:00,30657.23,31089.57,2549.67,1718.12,5080.05,2513.86,5729.12,6901.74,1967.74,4955.99,0.0,1244.85,978.11,demo,True
2026-04-16 00:00:00,28880.09,33348.75,2361.52,1500.0,5472.72,3043.06,6328.23,6934.91,2233.42,5617.84,0.0,1279.12,939.46,demo,True
2026-04-16 01:00:00,28047.35,32261.86,2414.13,1500.0,4824.73,2969.09,6651.8,6839.68,2156.95,5100.82,0.0,1285.36,933.43,demo,True
2026-04-16 02:00:00,28050.71,32460.94,2404.58,1500.0,5088.89,2741.6,6490.0,7178.9,2465.88,4788.92,0.0,1219.45,987.3,demo,True
2026-04-16 03:00:00,27038.84,31451.74,2391.59,1500.0,4720.64,2785.88,6567.18,6663.22,2116.13,4927.68,0.0,1244.79,926.21,demo,True
2026-04-16 04:00:00,28901.02,31885.11,2490.59,1500.0,4932.29,3050.59,6739.91,6748.5,2204.62,4500.51,0.0,1270.98,937.71,demo,True
2026-04-16 05:00:00,31800.01,33479.24,2725.21,1500.0,5282.47,2445.13,6554.16,6886.61,2508.54,6062.46,0.0,1297.05,942.81,demo,True
2026-04-16 06:00:00,32281.99,33137.96,2723.4,1500.0,5287.4,2880.17,6727.39,7305.87,2195.63,4986.28,0.0,1294.55,960.67,demo,True
2026-04-16 07:00:00,34212.68,34715.49,2764.47,2500.52,5118.57,2996.81,6204.76,7174.71,2167.59,5321.42,1056.8,1230.11,944.2,demo,True
2026-04-16 08:00:00,36594.95,36688.13,2897.17,4752.55,5492.24,2784.03,6072.03,6573.74,2060.72,4693.47,2066.99,1281.88,910.49,demo,True
2026-04-16 09:00:00,38227.17,38352.97,3001.78,4236.21,5552.05,2916.62,6667.08,7223.99,2366.05,4396.8,2757.83,1251.47,984.86,demo,True
2026-04-16 10:00:00,38312.16,38666.76,3001.88,4450.28,5182.0,2818.57,6738.84,7215.56,2047.14,4764.86,3235.52,1276.11,937.87,demo,True
2026-04-16 11:00:00,39473.94,39937.39,3285.98,4691.07,5265.11,2658.87,6681.64,6652.42,2241.13,5389.68,4077.15,1269.71,1010.6,demo,True
2026-04-16 12:00:00,39117.9,39499.48,2934.3,6256.81,5082.34,2654.37,6546.06,6348.03,2136.76,4534.32,3763.29,1218.4,959.12,demo,True
2026-04-16 13:00:00,38998.44,39439.0,2970.02,5518.78,5362.99,2928.15,6386.59,6878.93,2174.63,4313.4,3623.77,1263.75,988.02,demo,True
2026-04-16 14:00:00,38743.71,38979.28,2932.78,5253.54,4889.54,2685.57,6573.85,7133.85,2030.32,4778.85,3389.69,1275.14,968.93,demo,True
2026-04-16 15:00:00,40039.35,40277.45,3140.08,6100.69,5666.92,2525.58,6632.75,7229.12,2366.26,4901.61,2615.57,1249.5,989.45,demo,True
2026-04-16 16:00:00,38376.19,38988.31,3049.38,5525.47,5496.4,2822.03,6653.75,6679.61,2175.71,5423.12,2001.25,1243.84,967.11,demo,True
2026-04-16 17:00:00,37143.71,37697.95,2920.13,5391.9,4888.28,2707.65,7412.5,7248.81,2067.26,4726.88,1086.92,1210.71,957.06,demo,True
2026-04-16 18:00:00,39430.48,39809.03,3221.47,10250.41,4994.86,2584.16,6177.72,6365.44,2367.48,4819.08,0.0,1267.09,982.8,demo,True
2026-04-16 19:00:00,37319.88,37769.07,3039.14,6007.4,5309.52,2812.91,7629.1,6766.85,2160.8,4802.68,0.0,1255.22,1024.58,demo,True
2026-04-16 20:00:00,36533.85,36938.39,3059.64,7833.85,5112.05,2938.11,6060.11,6748.31,2265.66,3811.44,0.0,1226.95,941.91,demo,True
2026-04-16 21:00:00,35710.78,35743.7,3019.19,5480.9,5341.6,2803.63,6634.98,7085.91,2330.73,3850.24,0.0,1241.85,973.85,demo,True
2026-04-16 22:00:00,31687.58,31930.45,2464.77,2795.92,5106.56,2608.08,6081.81,7110.36,2290.97,3733.05,0.0,1253.86,949.84,demo,True
2026-04-16 23:00:00,29894.34,31344.72,2626.4,1500.0,5596.45,2886.72,6607.19,7027.03,1974.86,3551.25,0.0,1236.03,965.18,demo,True
2026-04-17 00:00:00,27875.97,32128.98,2327.26,1500.0,5202.16,2986.33,6843.74,6512.38,2326.33,4556.7,0.0,1250.07,951.26,demo,True
2026-04-17 01:00:00,27233.08,32602.69,2436.11,1500.0,5829.34,3198.35,6511.4,6991.72,2235.3,4245.06,0.0,1206.25,885.27,demo,True
2026-04-17 02:00:00,27668.58,32183.72,2429.67,1500.0,5356.7,3059.53,6840.58,6906.4,2212.42,4080.36,0.0,1283.74,943.99,demo,True
2026-04-17 03:00:00,28156.74,28897.38,2467.01,1500.0,4849.15,2619.04,6351.71,6419.24,2243.41,2684.45,0.0,1250.4,979.99,demo,True
2026-04-17 04:00:00,29191.92,31470.14,2402.58,1500.0,5742.49,2954.45,5782.55,6324.72,2067.93,4948.44,0.0,1222.52,927.04,demo,True
2026-04-17 05:00:00,29784.06,31419.86,2649.61,1500.0,5485.66,2846.17,6719.35,7000.39,2288.89,3413.26,0.0,1188.51,977.63,demo,True
2026-04-17 06:00:00,31195.43,31791.2,2499.75,1500.0,5298.84,2592.62,6510.72,6725.03,2106.84,4825.91,0.0,1275.73,955.51,demo,True
2026-04-17 07:00:00,34836.31,35196.59,2935.39,5653.62,5368.12,2851.08,6332.14,6474.57,2241.06,3014.98,1052.81,1263.95,944.26,demo,True
2026-04-17 08:00:00,36133.09,36617.03,2789.74,5552.9,4890.85,3145.36,6356.3,6704.2,2298.95,3273.1,2162.93,1255.27,977.17,demo,True
2026-04-17 09:00:00,37967.67,38475.06,3031.79,7332.0,4730.86,3015.26,6642.3,6822.82,2413.96,2517.77,2758.06,1271.59,970.43,demo,True
2026-04-17 10:00:00,38805.53,38974.34,3216.16,6548.83,5189.15,2617.58,6214.91,6717.28,2191.66,3740.45,3520.35,1271.52,962.62,demo,True
2026-04-17 11:00:00,38650.44,38964.43,3267.8,6130.6,5558.48,2802.47,6631.34,6386.88,2469.17,2949.33,3800.82,1254.86,980.48,demo,True
2026-04-17 12:00:00,39060.23,39539.01,2917.39,5496.05,5302.88,2888.5,6916.02,7135.99,2413.62,2904.53,4281.68,1243.64,956.09,demo,True
2026-04-17 13:00:00,38579.61,38805.93,2989.21,5752.86,5644.38,2488.62,7221.02,6934.99,2253.53,2696.42,3673.87,1239.57,900.66,demo,True
2026-04-17 14:00:00,38736.88,38751.28,3008.64,5737.99,5543.52,2494.82,6991.58,6633.22,2177.11,3713.68,3260.18,1260.52,938.66,demo,True
2026-04-17 15:00:00,37926.73,38013.17,3217.64,5976.33,5205.36,2827.83,6556.61,6635.07,2142.04,3623.82,2865.31,1284.93,895.87,demo,True
2026-04-17 16:00:00,38404.08,38502.95,3037.06,6027.53,5507.78,2830.18,6590.18,6772.1,2353.09,4118.07,2086.88,1247.43,969.72,demo,True
2026-04-17 17:00:00,38693.91,38861.44,3207.29,9580.66,5595.87,2469.01,6359.91,6437.56,2237.22,2814.11,1103.29,1286.91,976.89,demo,True
2026-04-17 18:00:00,38891.87,39007.55,3152.68,9946.57,5179.15,2869.84,6337.02,6750.18,2474.88,3212.32,0.0,1259.33,978.25,demo,True
2026-04-17 19:00:00,37374.65,37809.89,2952.11,9600.79,5144.42,2995.65,6805.21,6379.59,2254.7,2405.33,0.0,1259.52,964.67,demo,True
2026-04-17 20:00:00,36833.15,37033.32,2843.75,8640.25,5236.52,2760.71,6392.37,6650.04,2233.49,2830.78,0.0,1310.13,979.04,demo,True
2026-04-17 21:00:00,34618.0,35095.0,2826.37,7424.01,4572.9,2810.77,6628.13,6401.73,2374.96,2688.48,0.0,1291.32,902.7,demo,True
2026-04-17 22:00:00,32736.89,32783.43,2959.13,4398.57,5272.91,2902.85,6163.12,6406.14,2269.99,3131.11,0.0,1291.97,946.77,demo,True
2026-04-17 23:00:00,31361.16,31609.69,2668.89,1500.0,5387.31,2879.03,6979.61,7007.52,2358.77,3359.84,0.0,1230.06,907.55,demo,True
2026-04-18 00:00:00,25111.72,30302.66,2386.97,1500.0,5237.57,2499.65,6387.14,6651.89,2481.51,3300.85,0.0,1304.8,939.25,demo,True
2026-04-18 01:00:00,24391.45,29954.1,2144.98,1500.0,5289.62,2637.08,6880.79,6677.93,2382.74,2339.51,0.0,1247.94,998.49,demo,True
2026-04-18 02:00:00,23833.3,29687.64,2201.07,1500.0,5188.7,2728.75,6253.66,6183.3,2388.7,3217.43,0.0,1244.31,982.8,demo,True
2026-04-18 03:00:00,23666.28,28774.4,2288.13,1500.0,4680.77,2645.05,6235.15,6488.0,2404.34,2655.19,0.0,1196.02,969.87,demo,True
2026-04-18 04:00:00,26033.74,30736.16,2274.49,1500.0,5632.27,3064.05,6964.81,6714.41,2182.11,2475.79,0.0,1258.16,944.55,demo,True
2026-04-18 05:00:00,28807.6,29276.34,2506.43,1500.0,5104.36,2914.21,6280.9,6649.3,2437.88,2246.58,0.0,1222.92,920.19,demo,True
2026-04-18 06:00:00,30123.08,30529.92,2528.53,3895.62,5039.38,2600.25,5951.23,6126.4,2415.66,2285.56,0.0,1260.21,955.61,demo,True
2026-04-18 07:00:00,32446.71,32455.32,2768.8,2233.98,5553.08,2761.42,6136.02,6639.61,2509.25,3403.37,1014.31,1220.96,983.32,demo,True
2026-04-18 08:00:00,34735.79,35066.18,2876.33,3777.92,5454.46,3003.47,6799.85,6668.49,2480.45,2654.67,1969.64,1294.94,962.3,demo,True
2026-04-18 09:00:00,36085.48,36538.73,2972.71,4932.05,5271.0,2683.68,6766.22,6864.13,2389.19,2559.12,2907.13,1263.79,902.43,demo,True
2026-04-18 10:00:00,35775.77,36185.47,2964.96,4483.19,5400.04,2953.29,6233.12,6431.46,2543.0,2313.7,3567.53,1307.0,953.14,demo,True
2026-04-18 11:00:00,37011.18,36966.13,2924.1,4729.35,4899.7,3048.97,6278.9,6076.33,2389.7,3643.02,3783.13,1224.42,892.6,demo,True
2026-04-18 12:00:00,42240.08,36272.13,3930.55,3293.52,5178.97,3018.91,6735.56,6344.31,2460.2,3049.98,3927.83,1288.73,974.13,demo,True
2026-04-18 13:00:00,35342.98,35722.03,2809.35,3479.32,5536.64,2832.47,6960.57,6316.33,2398.94,2016.66,4046.95,1204.93,929.21,demo,True
2026-04-18 14:00:00,35459.75,35833.65,2920.57,4107.03,5023.94,3025.18,6475.92,6713.89,2497.44,2222.42,3599.32,1255.2,913.31,demo,True
2026-04-18 15:00:00,34893.62,35193.29,2683.98,5378.75,4940.43,2706.0,6693.98,5948.32,2402.61,2236.47,2677.98,1234.21,974.54,demo,True
2026-04-18 16:00:00,35418.11,35271.82,2819.14,4292.73,5220.44,3247.46,6805.7,6441.61,2651.27,2403.25,2003.78,1238.8,966.78,demo,True
2026-04-18 17:00:00,35815.56,36281.21,3142.08,6123.84,5226.53,2843.35,7253.55,6848.23,2701.43,1968.81,1121.4,1237.09,956.97,demo,True
2026-04-18 18:00:00,36390.01,36887.74,3043.16,8543.7,5368.37,3006.42,6095.5,6530.51,2570.01,2530.34,0.0,1227.13,1015.75,demo,True
2026-04-18 19:00:00,36364.81,36644.28,3026.29,8206.92,4841.68,2734.84,6265.95,6720.53,2655.89,3030.91,0.0,1218.51,969.05,demo,True
2026-04-18 20:00:00,33010.81,33301.95,2733.69,7289.5,4537.16,2889.89,6322.73,6156.63,2292.04,1644.4,0.0,1238.94,930.65,demo,True
2026-04-18 21:00:00,32589.07,32929.62,2679.77,5376.32,5439.52,2897.82,6789.63,6159.93,2311.99,1735.93,0.0,1252.9,965.58,demo,True
2026-04-18 22:00:00,29600.79,30113.67,2539.21,2597.52,4918.42,2632.81,6411.83,6823.16,2449.78,2059.64,0.0,1279.09,941.42,demo,True
2026-04-18 23:00:00,28622.78,29133.05,2497.32,1500.0,5041.4,2627.48,6609.29,6523.9,2499.13,2086.47,0.0,1257.38,988.0,demo,True
2026-04-19 00:00:00,26425.1,29981.24,2536.13,1500.0,4632.36,2763.19,6542.65,6519.07,2476.22,3310.17,0.0,1279.16,958.43,demo,True
2026-04-19 01:00:00,24027.34,30014.15,2347.22,1500.0,5465.96,2998.96,6500.61,6245.14,2308.76,2820.28,0.0,1213.05,961.4,demo,True
2026-04-19 02:00:00,25530.64,29905.38,2333.8,1500.0,5291.09,2470.34,6537.59,6508.15,2649.82,2802.48,0.0,1239.18,906.73,demo,True
2026-04-19 03:00:00,24886.31,29811.56,2309.18,1500.0,5280.65,2734.69,6860.47,6228.78,2775.95,2211.4,0.0,1267.78,951.84,demo,True
2026-04-19 04:00:00,26144.8,29811.88,2431.3,1500.0,5278.9,3035.78,6160.3,6736.97,2676.98,2216.07,0.0,1258.58,948.31,demo,True
2026-04-19 05:00:00,27544.17,28720.05,2316.48,1500.0,4664.36,2578.22,6448.04,7071.02,2659.33,1651.34,0.0,1228.47,919.27,demo,True
2026-04-19 06:00:00,29874.5,30335.36,2393.9,2151.64,4943.86,3025.7,6074.65,6572.46,2562.0,2788.35,0.0,1273.35,943.35,demo,True
2026-04-19 07:00:00,32617.78,33051.45,2801.26,4173.48,5082.55,2597.0,6579.29,6321.47,2439.49,2665.56,992.81,1236.72,963.07,demo,True
2026-04-19 08:00:00,33850.86,34272.04,2795.28,4386.06,5005.33,2635.02,6431.56,5898.98,2555.14,3087.82,2091.69,1230.57,949.87,demo,True
2026-04-19 09:00:00,35396.16,35636.62,2758.31,4548.58,5129.41,2773.5,6874.24,6081.1,2804.88,2366.4,2888.72,1262.17,907.64,demo,True
2026-04-19 10:00:00,36087.51,36363.73,2705.33,3752.73,5264.01,3137.22,6498.31,6789.1,2515.73,2430.07,3784.58,1250.15,941.8,demo,True
2026-04-19 11:00:00,36998.13,37462.59,3040.5,5586.4,5461.67,2684.8,6344.66,6216.04,2509.13,2617.24,3869.77,1236.93,935.96,demo,True
2026-04-19 12:00:00,35808.19,36214.31,2821.77,4352.06,4815.15,2488.07,6413.65,6356.36,2702.34,3011.47,3883.33,1236.08,955.81,demo,True
2026-04-19 13:00:00,34905.36,35422.91,2869.96,3578.66,5197.7,2547.65,7103.2,6577.68,2716.02,1865.73,3660.44,1223.26,952.57,demo,True
2026-04-19 14:00:00,36632.89,36761.8,2897.38,4409.07,5385.0,2967.75,5950.47,6755.23,2479.14,3006.12,3631.26,1240.11,937.65,demo,True
2026-04-19 15:00:00,35707.95,35835.74,2880.3,5117.25,4959.74,2556.15,6280.37,6380.91,2555.2,2666.99,3105.16,1277.5,936.48,demo,True
2026-04-19 16:00:00,36830.02,37020.16,2936.53,7228.08,5149.86,3013.83,6512.6,6331.55,2532.02,2188.88,1855.2,1256.11,952.02,demo,True
2026-04-19 17:00:00,36344.53,36424.79,2971.04,7910.76,5321.3,2812.56,6277.25,6432.16,2606.26,1718.61,1093.02,1273.96,978.89,demo,True
2026-04-19 18:00:00,35745.7,35757.84,2994.5,7120.47,5202.91,2794.19,6671.74,6274.22,2735.97,2737.08,0.0,1262.9,958.36,demo,True
2026-04-19 19:00:00,35414.41,35748.76,2887.15,6442.48,5375.29,2853.51,6480.23,6282.02,2512.65,3575.19,0.0,1234.69,992.69,demo,True
2026-04-19 20:00:00,35354.04,35676.14,2866.88,6036.7,5224.62,2655.83,6589.59,6494.91,2745.48,3736.23,0.0,1208.77,984.0,demo,True
2026-04-19 21:00:00,33777.98,34072.3,2866.19,5166.36,5118.92,2824.82,6541.24,6441.16,2632.48,3125.59,0.0,1226.83,994.9,demo,True
2026-04-19 22:00:00,30387.73,31418.34,2626.1,1500.0,4895.1,2585.25,6463.93,6865.52,2904.96,3979.3,0.0,1233.22,991.06,demo,True
2026-04-19 23:00:00,28412.63,30270.93,2376.97,1500.0,5264.26,3042.8,6048.21,6489.36,2669.59,3028.53,0.0,1231.29,996.89,demo,True
2026-04-20 00:00:00,29780.23,30939.77,2545.1,1500.0,5225.99,2615.09,6561.63,6642.38,2625.18,3579.57,0.0,1274.53,915.41,demo,True
2026-04-20 01:00:00,27227.02,29239.76,2364.32,1500.0,4941.86,2879.0,5882.81,6149.83,2711.23,2931.35,0.0,1274.26,969.42,demo,True
2026-04-20 02:00:00,27623.98,30081.22,2436.59,1500.0,5351.33,2613.74,6264.81,6497.5,2607.22,2954.75,0.0,1305.3,986.55,demo,True
2026-04-20 03:00:00,27801.71,30214.2,2588.22,1500.0,5529.66,2704.02,6671.22,6219.44,2437.64,2929.34,0.0,1230.91,991.97,demo,True
2026-04-20 04:00:00,29248.26,29780.69,2571.22,1500.0,5028.38,2732.71,6916.39,6462.09,2629.57,2294.73,0.0,1289.94,926.88,demo,True
2026-04-20 05:00:00,30219.64,32611.72,2775.41,1500.0,5010.82,3336.64,7322.3,6523.24,2633.0,4026.22,0.0,1289.78,969.72,demo,True
2026-04-20 06:00:00,31729.8,32170.29,2706.49,3847.35,5001.32,2797.4,6350.11,6379.48,2477.97,3120.21,0.0,1244.19,952.26,demo,True
2026-04-20 07:00:00,33377.17,33674.31,2738.66,4085.13,4763.55,2652.12,6197.21,6894.94,2665.54,3099.24,1049.33,1261.84,1005.41,demo,True
2026-04-20 08:00:00,35711.16,36145.05,2899.62,4873.18,5721.17,2719.98,6682.8,6676.37,2431.47,2969.4,1881.29,1281.02,908.38,demo,True
2026-04-20 09:00:00,37355.03,37582.99,2984.0,4917.79,5083.29,2529.16,7154.49,6618.17,2642.98,3517.02,2944.65,1248.53,926.92,demo,True
2026-04-20 10:00:00,38138.93,38389.11,3026.13,4379.23,4976.8,2770.7,7036.46,6524.35,2719.07,4561.05,3279.17,1246.59,895.68,demo,True
2026-04-20 11:00:00,39939.73,40279.57,3003.88,5758.85,4907.04,3133.2,6137.72,6741.26,2706.58,4786.49,3919.77,1234.32,954.34,demo,True
2026-04-20 12:00:00,39332.34,39550.44,3080.92,7547.32,5099.13,2860.49,6450.82,6034.37,2650.67,2969.57,3729.16,1191.0,1017.92,demo,True
2026-04-20 13:00:00,37775.7,37913.25,2911.66,4133.61,5019.25,2962.61,6797.63,6649.23,2694.75,3683.17,3772.57,1251.76,948.67,demo,True
2026-04-20 14:00:00,38639.23,38621.07,3147.52,5916.99,5573.9,2636.21,6821.9,6127.02,2615.9,3403.52,3340.34,1232.25,953.03,demo,True
2026-04-20 15:00:00,38165.04,38307.42,2837.27,5437.48,4875.33,2763.4,6707.15,6218.35,2716.22,4474.97,2924.89,1223.12,966.51,demo,True
2026-04-20 16:00:00,38360.75,38761.27,3054.14,7072.16,4799.98,2836.7,6342.94,6463.49,2726.77,4183.91,2128.24,1260.55,946.51,demo,True
2026-04-20 17:00:00,38715.9,39192.82,2954.34,8328.24,5343.46,2669.44,6704.04,6608.85,2616.61,3781.75,965.72,1213.72,960.98,demo,True
2026-04-20 18:00:00,38780.92,38891.75,3147.01,8752.23,5172.13,2872.0,6825.27,6081.39,2761.55,4195.26,0.0,1270.15,961.77,demo,True
2026-04-20 19:00:00,37442.79,37380.71,2989.73,8003.1,5142.03,2910.78,6173.79,6220.12,2765.55,3978.62,0.0,1262.09,924.63,demo,True
2026-04-20 20:00:00,37243.03,37659.82,2831.13,6110.68,5345.51,2897.71,6965.58,6352.12,2718.92,5082.13,0.0,1240.0,947.18,demo,True
2026-04-20 21:00:00,34034.73,34297.21,2877.14,3294.05,5235.55,2772.81,6847.19,6287.53,3034.03,4605.39,0.0,1248.42,972.26,demo,True
2026-04-20 22:00:00,32853.6,32861.14,2486.1,2270.11,5187.83,2996.36,6240.31,6514.35,2731.21,4722.86,0.0,1220.24,977.86,demo,True
2026-04-20 23:00:00,32628.87,32318.93,2713.26,2740.25,4834.53,2753.63,6823.72,7080.38,2719.12,3109.58,0.0,1268.76,988.96,demo,True
2026-04-21 00:00:00,29193.02,31587.78,2567.69,1500.0,4766.3,2737.21,6784.59,6414.82,2706.43,4463.69,0.0,1254.68,960.06,demo,True
2026-04-21 01:00:00,28832.23,32988.11,2607.16,1500.0,5017.89,3059.48,6797.9,6158.99,2645.03,5591.61,0.0,1256.55,960.67,demo,True
2026-04-21 02:00:00,27464.9,32452.19,2262.3,1500.0,4918.07,2600.75,7051.59,6033.74,2848.23,5264.76,0.0,1262.55,972.51,demo,True
2026-04-21 03:00:00,28236.36,30588.07,2417.22,1500.0,5269.99,2493.47,6496.34,6245.74,2687.89,3728.55,0.0,1233.94,932.16,demo,True
2026-04-21 04:00:00,28998.78,30994.69,2592.34,1500.0,4732.33,2643.79,6616.03,6108.84,2706.34,4544.4,0.0,1212.02,930.93,demo,True
2026-04-21 05:00:00,30693.71,30945.94,2691.17,1916.82,5083.74,2869.7,5576.45,6417.03,2714.11,4147.91,0.0,1273.93,946.26,demo,True
2026-04-21 06:00:00,32306.86,33482.6,2788.7,1500.0,5155.0,3031.05,6890.54,6412.16,2664.65,5650.23,0.0,1267.22,911.75,demo,True
2026-04-21 07:00:00,35139.47,35410.61,3075.48,3598.14,5189.69,2681.11,6856.86,6209.45,2576.8,4961.23,1138.52,1236.62,962.21,demo,True
2026-04-21 08:00:00,35907.26,36136.46,2827.42,2575.46,5303.73,3126.67,6974.61,6746.74,2735.4,4497.91,1934.24,1260.23,981.47,demo,True
2026-04-21 09:00:00,38152.01,38385.28,3038.22,5448.49,5115.1,2804.9,6172.16,6147.04,2899.71,4939.85,2647.89,1281.45,928.7,demo,True
2026-04-21 10:00:00,39113.87,39484.29,3041.28,6292.27,5026.45,2779.2,6836.72,6281.42,2822.45,3658.22,3546.03,1278.47,963.05,demo,True
2026-04-21 11:00:00,38850.24,39198.36,2854.46,4317.43,5523.56,2647.01,6856.56,6447.26,2989.91,4456.68,3792.93,1235.89,931.13,demo,True
2026-04-21 12:00:00,38367.77,38437.13,2978.69,3391.4,5116.79,3151.24,6272.18,6501.91,2896.53,5052.7,3922.08,1212.78,919.5,demo,True
2026-04-21 13:00:00,38776.94,38952.93,2830.4,2994.05,5568.97,2772.95,6869.59,6585.82,2873.0,5490.62,3569.19,1217.07,1011.67,demo,True
2026-04-21 14:00:00,38189.76,38319.64,2951.08,4686.05,5115.47,2560.24,6662.06,6398.2,3039.68,4128.38,3567.41,1242.21,919.93,demo,True
2026-04-21 15:00:00,39114.88,39314.0,2926.97,5750.66,5195.77,3242.38,5905.7,6534.39,2805.68,4937.61,2743.65,1286.56,911.62,demo,True
2026-04-21 16:00:00,37287.82,37866.61,2993.8,4381.77,5163.93,2870.86,6704.57,6156.19,2828.42,5660.02,1912.63,1231.79,956.44,demo,True
2026-04-21 17:00:00,38361.25,38722.39,2983.63,7350.22,5260.12,2943.79,6231.48,6503.91,2822.91,4454.24,962.58,1235.09,958.06,demo,True
2026-04-21 18:00:00,36963.93,37199.57,2801.79,6057.55,5090.84,3102.68,5913.42,6500.46,3012.92,5317.12,0.0,1234.58,970.02,demo,True
2026-04-21 19:00:00,36643.72,37117.74,3023.32,5386.23,5225.0,2910.6,6628.29,6633.82,2831.26,5255.79,0.0,1236.71,1010.04,demo,True
2026-04-21 20:00:00,37463.04,37746.96,2941.53,5731.99,5598.01,2975.48,6477.13,5933.57,2756.4,6097.97,0.0,1249.72,926.69,demo,True
2026-04-21 21:00:00,35470.72,35425.87,2839.91,3851.42,5472.7,2809.78,6991.33,6100.77,2907.88,5141.34,0.0,1218.0,932.65,demo,True
2026-04-21 22:00:00,32355.53,33153.17,2589.31,1500.0,5474.49,2932.07,6563.6,6481.25,2742.5,5183.89,0.0,1277.11,998.26,demo,True
2026-04-21 23:00:00,29768.74,32474.26,2633.81,1500.0,4851.1,2793.85,6772.48,5716.74,2907.48,5708.06,0.0,1246.38,978.17,demo,True
2026-04-22 00:00:00,26971.69,32083.8,2403.99,1500.0,4893.17,2796.36,6678.08,6408.24,2896.07,4625.89,0.0,1311.98,974.0,demo,True
2026-04-22 01:00:00,27458.53,33132.91,2352.27,1500.0,5256.62,2821.55,6857.34,6533.2,2826.55,5184.69,0.0,1220.66,932.3,demo,True
2026-04-22 02:00:00,29105.12,32256.5,2321.8,1500.0,5400.39,2728.57,6189.76,6173.35,2919.98,5070.92,0.0,1289.75,983.78,demo,True
2026-04-22 03:00:00,28144.23,32396.71,2670.15,1500.0,5065.02,2890.79,6569.49,6205.71,2676.27,5230.54,0.0,1284.78,974.1,demo,True
2026-04-22 04:00:00,28656.83,32719.41,2643.57,1500.0,5018.63,2890.33,6450.74,6064.32,2877.01,5722.99,0.0,1239.71,955.69,demo,True
2026-04-22 05:00:00,31148.55,33474.12,2743.08,1500.0,5562.4,2947.4,6728.79,6186.24,2804.49,5572.22,0.0,1240.12,932.45,demo,True
2026-04-22 06:00:00,31769.83,32876.93,2582.87,1500.0,5378.33,2915.13,6589.53,6193.05,3205.99,4914.72,0.0,1226.97,953.2,demo,True
2026-04-22 07:00:00,34640.13,34843.91,2753.72,2183.0,5475.08,3160.01,6285.09,6151.7,2883.64,5348.92,1129.76,1227.25,999.45,demo,True
2026-04-22 08:00:00,36582.97,36927.17,2932.5,3182.91,5085.22,2989.47,6381.72,6140.23,2795.72,6014.91,2169.83,1249.98,917.18,demo,True
2026-04-22 09:00:00,37635.83,37942.81,2896.66,4453.74,5064.79,2762.69,7076.98,6243.56,2704.16,4840.73,2619.63,1250.52,926.01,demo,True
2026-04-22 10:00:00,38917.73,39160.8,2936.53,4511.67,5446.71,2881.55,5906.98,6241.65,3028.39,5313.36,3689.38,1209.94,931.17,demo,True
2026-04-22 11:00:00,38844.92,38903.14,3143.51,3170.72,5131.69,3054.29,6748.28,6717.06,2831.84,5126.22,3878.02,1307.34,937.68,demo,True
2026-04-22 12:00:00,39045.97,39360.5,3025.81,4133.42,5041.18,2629.0,6934.51,6218.94,2780.91,5171.02,4258.48,1243.51,949.53,demo,True
2026-04-22 13:00:00,37987.3,37910.24,2879.11,3618.0,4962.57,3162.56,6702.59,6382.35,2918.18,4364.64,3568.94,1251.64,978.76,demo,True
2026-04-22 14:00:00,39044.3,39461.97,3118.25,3971.96,5067.06,2660.56,7189.85,6180.79,2957.66,5860.56,3375.34,1234.34,963.84,demo,True
2026-04-22 15:00:00,39610.25,39895.71,3042.41,5613.08,5427.52,2962.05,6828.48,6179.13,2957.56,4741.01,2991.74,1243.32,951.83,demo,True
2026-04-22 16:00:00,37900.7,38234.26,2812.89,5228.56,4807.49,2801.19,6634.44,5935.09,2885.57,5612.07,2130.49,1241.05,958.31,demo,True
2026-04-22 17:00:00,37984.78,37763.74,2923.47,6356.87,5363.55,2790.83,6336.64,5965.64,2903.93,4757.1,1070.53,1249.93,968.72,demo,True
2026-04-22 18:00:00,39302.55,39349.92,3083.51,9295.35,5015.86,2565.48,6640.93,6047.18,2914.21,4721.72,0.0,1249.64,899.55,demo,True
2026-04-22 19:00:00,37566.33,37725.29,3017.89,5737.25,5145.32,2963.35,6738.59,6354.58,2928.2,5605.73,0.0,1270.12,982.15,demo,True
2026-04-22 20:00:00,37501.01,37872.27,3011.35,6508.58,5161.98,2568.1,6501.23,6552.45,2940.2,5458.85,0.0,1255.68,925.21,demo,True
2026-04-22 21:00:00,34544.32,34624.61,2933.38,4524.21,5142.61,2540.3,6240.01,5924.23,3021.85,5027.1,0.0,1267.61,936.69,demo,True
2026-04-22 22:00:00,33887.7,34596.34,2757.24,3814.69,5125.35,3008.75,6078.52,6198.18,2898.51,5262.38,0.0,1249.75,960.21,demo,True
2026-04-22 23:00:00,30922.54,31984.69,2564.94,1500.0,5084.47,3122.13,6564.89,6020.01,2794.85,4694.81,0.0,1255.78,947.74,demo,True
2026-04-23 00:00:00,29237.62,31353.32,2609.78,1500.0,5051.43,2679.9,5981.89,6264.42,2876.61,4790.5,0.0,1243.97,964.61,demo,True
2026-04-23 01:00:00,28944.28,32552.34,2581.79,1500.0,5543.14,2980.56,6334.96,6561.15,2985.35,4417.86,0.0,1275.08,954.25,demo,True
2026-04-23 02:00:00,27167.59,31560.85,2364.32,1500.0,5206.51,2943.37,5648.89,6228.15,2681.39,5153.15,0.0,1258.07,941.32,demo,True
2026-04-23 03:00:00,27191.03,31790.6,2429.43,1500.0,5167.25,2783.53,6791.56,6318.07,2682.89,4305.39,0.0,1246.05,995.86,demo,True
2026-04-23 04:00:00,28744.53,33695.88,2430.46,1500.0,5032.39,3040.45,6903.92,6650.82,3007.49,5344.28,0.0,1245.3,971.24,demo,True
2026-04-23 05:00:00,31149.63,32004.49,2506.23,1500.0,5093.93,2770.55,6527.63,6433.62,3080.34,4392.08,0.0,1247.27,959.06,demo,True
2026-04-23 06:00:00,31776.47,32210.95,2855.5,1500.0,5033.3,2893.16,7141.01,6167.95,2746.65,4507.34,0.0,1250.76,970.78,demo,True
2026-04-23 07:00:00,35304.49,35784.3,2804.15,3518.64,5398.99,2574.32,6971.59,6372.5,2911.0,4822.4,1037.44,1248.59,928.84,demo,True
2026-04-23 08:00:00,36146.19,36483.79,2923.85,4470.45,5004.06,2582.01,6667.93,6157.92,2851.38,4399.88,2098.89,1236.03,1015.24,demo,True
2026-04-23 09:00:00,38509.57,38567.44,2892.08,5771.85,4615.98,3010.43,6460.37,6435.01,2868.32,4182.95,3036.03,1269.12,917.37,demo,True
2026-04-23 10:00:00,36698.18,37075.74,2967.92,3157.93,5215.16,2899.22,6377.71,6458.47,2936.49,4259.99,3546.67,1270.7,953.4,demo,True
2026-04-23 11:00:00,38063.07,38110.28,2872.31,3768.58,5127.36,2774.36,6696.87,6046.99,2744.81,4664.24,4051.08,1294.6,941.41,demo,True
2026-04-23 12:00:00,37407.61,37571.57,3097.2,3541.19,5047.7,3143.41,6450.57,6389.04,2767.13,3827.55,4229.81,1234.91,940.27,demo,True
2026-04-23 13:00:00,37900.8,38142.57,3139.07,3406.28,5437.0,3141.52,6691.88,6327.46,2863.81,4036.92,4034.68,1266.66,936.37,demo,True
2026-04-23 14:00:00,38599.2,38822.71,3077.78,5542.33,4489.28,2879.05,6717.86,6476.04,2882.39,4045.76,3660.88,1202.27,926.85,demo,True
2026-04-23 15:00:00,38354.54,38282.12,3028.06,5023.17,5609.82,2537.98,6419.65,6542.07,2764.5,4413.1,2715.45,1270.73,985.65,demo,True
2026-04-23 16:00:00,38412.44,38488.27,3027.83,5866.65,5474.22,2779.91,6883.53,6467.25,2994.08,3870.78,2024.41,1213.59,913.86,demo,True
2026-04-23 17:00:00,38504.74,38750.69,3053.11,7462.27,5036.71,2650.14,6420.01,6298.62,2848.84,4764.55,1064.67,1225.39,979.51,demo,True
2026-04-23 18:00:00,38519.87,38659.95,3127.1,8882.38,5082.8,2816.11,6507.47,6573.84,2847.86,3721.73,0.0,1258.31,969.46,demo,True
2026-04-23 19:00:00,37004.29,37457.02,3014.76,8431.21,5331.14,2631.47,6157.87,6179.69,2931.85,3620.76,0.0,1234.46,938.57,demo,True
2026-04-23 20:00:00,37023.13,37506.68,3099.21,8421.39,5338.12,2584.68,6405.28,6084.58,2881.83,3593.78,0.0,1231.04,965.98,demo,True
2026-04-23 21:00:00,35327.96,35376.29,2837.0,6876.37,5035.19,2392.73,7255.37,5675.53,2997.08,2960.87,0.0,1237.88,945.26,demo,True
2026-04-23 22:00:00,33148.69,33409.45,2909.49,5238.31,4779.64,2830.11,6184.86,6366.54,2783.77,3041.02,0.0,1268.24,916.97,demo,True
2026-04-23 23:00:00,31230.07,31764.96,2614.25,2665.41,5749.56,2386.22,6653.2,6204.77,2727.21,3234.63,0.0,1226.68,917.29,demo,True
2026-04-24 00:00:00,29274.35,31592.51,2448.18,1500.0,5448.59,2742.36,6340.93,6476.63,2856.75,4008.94,0.0,1248.65,969.66,demo,True
2026-04-24 01:00:00,29283.53,29824.9,2554.46,1500.0,5240.78,2924.99,5725.13,5959.14,2900.1,3366.11,0.0,1240.53,968.11,demo,True
2026-04-24 02:00:00,27369.87,30418.84,2464.49,1500.0,5245.7,2670.02,6695.64,6254.19,2742.85,3082.68,0.0,1270.5,957.26,demo,True
2026-04-24 03:00:00,27644.85,31090.29,2269.27,1500.0,5361.54,2604.73,6305.36,6503.86,2723.99,3881.36,0.0,1271.2,938.25,demo,True
2026-04-24 04:00:00,28541.06,31517.0,2438.31,1500.0,5392.68,2787.79,6611.66,6177.73,2911.09,3987.64,0.0,1204.12,944.29,demo,True
2026-04-24 05:00:00,30120.41,30951.01,2365.19,1500.0,4657.54,2650.85,6846.4,6498.3,2796.9,3784.65,0.0,1276.13,940.23,demo,True
2026-04-24 06:00:00,32011.37,32175.94,2649.36,3841.13,5108.77,2833.42,6582.11,6289.75,2712.07,2676.37,0.0,1234.73,897.59,demo,True
2026-04-24 07:00:00,34246.1,34638.33,2763.18,4818.74,5081.74,2614.09,6614.9,6409.19,3000.66,2802.38,1088.87,1255.91,951.84,demo,True
2026-04-24 08:00:00,36483.86,36751.95,2949.96,5111.09,5158.03,2781.19,6196.22,6551.51,2807.38,3905.17,2049.16,1226.53,965.67,demo,True
2026-04-24 09:00:00,37950.11,38219.62,2940.42,5538.47,5400.41,2737.64,6747.39,6634.43,3019.46,3068.47,2862.03,1259.28,952.03,demo,True
2026-04-24 10:00:00,38419.97,38326.29,2982.64,6244.99,4734.58,2797.93,6433.61,6449.48,2883.11,2765.07,3700.66,1313.78,1003.07,demo,True
2026-04-24 11:00:00,38087.8,38274.18,3122.2,5940.77,4849.22,3094.33,5800.55,6254.42,2913.2,3210.51,4038.14,1253.18,919.86,demo,True
2026-04-24 12:00:00,39228.27,39633.8,3265.61,6430.02,5022.75,2835.97,6789.54,6337.18,2850.5,3308.97,3890.21,1238.5,930.17,demo,True
2026-04-24 13:00:00,39006.75,39115.68,2989.61,6045.75,5240.13,2890.8,6896.54,6582.59,2555.23,2475.19,4231.27,1244.2,953.99,demo,True
2026-04-24 14:00:00,38324.08,38700.2,3131.34,5985.09,5416.35,2687.54,7018.39,6222.36,2735.32,2827.92,3636.64,1213.27,957.31,demo,True
2026-04-24 15:00:00,38032.96,38331.19,3053.5,4908.2,5624.14,2840.19,7259.79,6412.5,2854.47,3140.51,3112.2,1286.22,892.96,demo,True
2026-04-24 16:00:00,38983.71,39197.76,2956.15,8789.89,5125.55,2750.54,6770.74,6371.49,2911.05,2057.95,2194.65,1257.82,968.08,demo,True
2026-04-24 17:00:00,38757.75,39252.15,3042.91,9347.88,5415.93,2805.34,6679.89,6438.42,2650.18,2607.01,1126.28,1223.78,957.45,demo,True
2026-04-24 18:00:00,37373.81,37562.64,2786.7,9159.76,5384.64,2916.81,6882.04,6243.95,2856.09,2008.33,0.0,1224.59,886.42,demo,True
2026-04-24 19:00:00,37672.68,37874.05,3110.37,10607.58,5340.83,2709.96,6189.55,6063.47,2725.35,2040.42,0.0,1250.38,946.5,demo,True
2026-04-24 20:00:00,36721.76,36933.75,2909.45,9202.42,5193.69,2728.35,5914.81,6590.43,2885.61,2219.41,0.0,1273.3,925.74,demo,True
2026-04-24 21:00:00,34244.3,34508.8,2853.12,5953.71,5096.12,2712.45,6333.05,6693.0,2852.48,2710.38,0.0,1221.23,936.4,demo,True
2026-04-24 22:00:00,33022.06,33410.11,3014.66,5326.6,4923.0,2708.97,6947.04,6091.7,2941.3,2283.81,0.0,1277.84,909.86,demo,True
2026-04-24 23:00:00,29832.12,29817.06,2708.87,1955.86,4905.79,2831.18,6268.62,6572.3,2977.3,2095.82,0.0,1247.71,962.49,demo,True
2026-04-25 00:00:00,27512.19,30476.68,2365.94,1500.0,5290.24,2734.48,6662.96,6734.65,2901.49,2423.25,0.0,1226.74,1002.85,demo,True
2026-04-25 01:00:00,26242.54,30035.55,2286.07,1500.0,5185.85,3069.63,6700.65,6632.73,2946.71,1803.71,0.0,1238.31,957.95,demo,True
2026-04-25 02:00:00,24764.07,30425.97,2407.08,1500.0,5091.97,3282.25,6585.49,6415.3,2798.41,2573.62,0.0,1293.71,885.22,demo,True
2026-04-25 03:00:00,25624.23,30187.52,2231.18,1500.0,5372.85,2697.77,6052.83,6304.8,3176.13,2909.28,0.0,1215.29,958.57,demo,True
2026-04-25 04:00:00,24891.58,29810.89,2386.77,1500.0,5147.87,2852.92,6619.95,6535.64,2687.94,2290.71,0.0,1231.7,944.16,demo,True
2026-04-25 05:00:00,27543.55,29556.24,2685.37,1500.0,4962.57,2986.84,6352.46,6577.86,2767.63,2218.1,0.0,1273.81,916.97,demo,True
2026-04-25 06:00:00,30186.85,30678.38,2647.07,1500.0,5130.71,2752.17,7096.0,6550.0,2935.82,2497.66,0.0,1255.41,960.61,demo,True
2026-04-25 07:00:00,31627.76,31941.15,2788.88,2990.96,5413.36,2621.01,6897.91,6494.93,2914.62,1290.63,1111.13,1230.22,976.39,demo,True
2026-04-25 08:00:00,34543.41,34950.3,2926.07,4564.27,4933.89,3112.87,6364.8,6302.07,2879.34,2569.63,2019.38,1274.12,929.95,demo,True
2026-04-25 09:00:00,36624.21,36777.3,2867.81,3283.03,5254.41,2923.51,7118.01,6639.0,2898.38,3850.94,2634.03,1275.31,900.69,demo,True
2026-04-25 10:00:00,35070.54,35171.12,2870.38,3694.99,5185.59,2857.36,6620.3,6655.4,2563.74,2239.88,3205.92,1258.28,889.65,demo,True
2026-04-25 11:00:00,35547.45,35521.51,2766.16,3637.02,5002.19,3061.09,5914.93,6601.86,3000.84,2245.3,3893.55,1234.69,930.03,demo,True
2026-04-25 12:00:00,36272.95,36276.8,3012.91,3696.9,5123.73,2938.64,6472.59,6588.02,2781.95,2682.74,3808.35,1238.54,945.33,demo,True
2026-04-25 13:00:00,37126.94,37302.07,2832.53,3367.43,4791.36,2791.37,7072.35,6939.02,2952.15,3142.09,4054.66,1257.12,934.52,demo,True
2026-04-25 14:00:00,35090.17,35319.19,2893.26,3604.33,5228.51,2624.21,6213.06,6438.25,2554.79,2817.8,3691.55,1217.2,929.5,demo,True
2026-04-25 15:00:00,36174.32,36796.05,3038.38,6832.77,4845.17,2711.2,6476.12,6863.62,2825.7,1265.78,2725.45,1283.19,967.04,demo,True
2026-04-25 16:00:00,37384.72,37330.05,2959.91,6705.11,5478.83,3016.87,6024.05,6426.36,2723.33,2640.92,2058.18,1292.51,963.88,demo,True
2026-04-25 17:00:00,34979.94,35290.31,2780.92,4571.18,5176.09,2922.78,6079.6,6838.01,2855.58,3663.16,983.82,1244.1,955.99,demo,True
2026-04-25 18:00:00,35000.75,35120.08,2868.08,6459.73,5051.33,2766.4,6208.02,6871.63,2820.89,2708.7,0.0,1258.9,974.49,demo,True
2026-04-25 19:00:00,34933.74,35223.86,2824.39,7116.29,5501.75,3117.98,6070.41,6542.12,2822.62,1842.73,0.0,1279.65,930.31,demo,True
2026-04-25 20:00:00,33683.92,33834.34,2818.2,5419.75,4931.72,2771.7,6283.6,6978.35,2647.42,2585.74,0.0,1298.89,917.16,demo,True
2026-04-25 21:00:00,32952.91,33389.28,2696.01,4756.87,5005.6,2977.75,7108.4,6722.53,2763.4,1831.47,0.0,1288.92,934.33,demo,True
2026-04-25 22:00:00,30568.33,31003.58,2529.37,2518.87,4724.4,2839.61,6487.37,6432.8,2744.3,3117.36,0.0,1206.61,932.26,demo,True
2026-04-25 23:00:00,27118.02,30519.15,2479.79,1500.0,5540.47,3147.93,6774.93,6549.99,2820.98,2054.27,0.0,1242.11,888.46,demo,True
2026-04-26 00:00:00,26947.65,31567.24,2464.77,1500.0,5686.95,2935.55,6882.05,6888.07,2875.83,2602.65,0.0,1262.52,933.63,demo,True
2026-04-26 01:00:00,24974.7,29197.18,2261.26,1500.0,4764.87,2808.31,6112.05,6848.54,2770.69,2171.95,0.0,1237.64,983.15,demo,True
2026-04-26 02:00:00,25842.95,29112.45,2195.03,1500.0,4987.9,2767.82,6208.97,6419.35,2594.95,2364.87,0.0,1294.57,974.03,demo,True
2026-04-26 03:00:00,24940.5,31344.81,2390.75,1500.0,5218.15,2797.23,6768.04,6628.18,2756.41,3420.31,0.0,1290.73,965.76,demo,True
2026-04-26 04:00:00,26142.9,30229.35,2306.73,1500.0,5065.92,2669.43,6278.0,6710.34,3052.19,2769.92,0.0,1229.6,953.95,demo,True
2026-04-26 05:00:00,28741.79,30203.8,2687.01,1500.0,5191.86,2553.99,6744.86,6560.68,2931.69,2481.31,0.0,1245.94,993.47,demo,True
2026-04-26 06:00:00,30936.55,31030.01,2624.84,1965.38,5169.42,2855.57,7087.06,7197.91,2372.5,2232.7,0.0,1231.26,918.19,demo,True
2026-04-26 07:00:00,32701.93,33344.3,2754.95,4773.21,5305.96,2703.97,5990.62,6737.49,2732.24,1915.48,1019.15,1245.12,921.06,demo,True
2026-04-26 08:00:00,32873.42,32927.96,2678.1,2854.92,4950.15,2703.49,6375.07,6679.41,2831.66,2273.25,2031.92,1244.36,983.73,demo,True
2026-04-26 09:00:00,35612.72,35784.23,2885.51,3677.81,5250.09,2784.01,6430.61,6961.97,2693.04,3003.88,2758.12,1273.86,950.83,demo,True
2026-04-26 10:00:00,35180.15,35088.51,3126.31,2432.11,4909.81,2809.4,6315.77,6626.66,2654.78,3488.42,3693.91,1227.79,929.86,demo,True
2026-04-26 11:00:00,36308.36,36406.11,2860.99,3784.21,5092.92,2801.33,6287.21,6935.7,2672.98,2769.82,3910.8,1184.58,966.56,demo,True
2026-04-26 12:00:00,35121.53,35201.15,2908.54,1500.0,4748.44,3112.89,6327.76,6354.27,2766.26,3888.19,4356.61,1209.89,936.85,demo,True
2026-04-26 13:00:00,36321.59,36450.94,2907.67,3811.89,5094.82,2919.23,6494.66,6628.51,2557.12,2798.21,3997.33,1224.29,924.87,demo,True
2026-04-26 14:00:00,35391.21,35695.19,2938.07,2341.18,5051.09,3179.41,6557.71,6966.3,2832.48,3093.04,3516.33,1233.61,924.04,demo,True
2026-04-26 15:00:00,35112.15,35459.54,2658.28,2779.5,5445.33,2720.98,6833.69,7088.18,2677.98,2728.3,2971.24,1254.68,959.65,demo,True
2026-04-26 16:00:00,36619.48,36688.25,3111.45,4898.22,5184.59,2941.07,6491.21,6579.87,2567.32,3820.38,2026.42,1223.01,956.17,demo,True
2026-04-26 17:00:00,36315.32,36423.18,2948.61,4427.96,5231.85,2730.99,6891.36,6561.55,2809.22,4431.43,1123.6,1219.72,995.5,demo,True
2026-04-26 18:00:00,35477.72,35922.75,2902.39,7635.42,5194.16,2699.0,6292.87,6889.49,2483.63,2560.12,0.0,1226.76,941.3,demo,True
2026-04-26 19:00:00,36256.09,36813.05,3045.45,8179.02,4646.43,3186.2,6079.52,6634.97,2597.13,3326.88,0.0,1222.11,940.79,demo,True
2026-04-26 20:00:00,33749.88,34225.94,2797.45,4758.78,4680.79,2661.73,6393.34,6720.37,2589.83,4191.77,0.0,1236.14,993.19,demo,True
2026-04-26 21:00:00,32416.57,32370.23,2605.22,3192.49,5117.14,2398.29,6661.87,6979.73,2910.35,2895.72,0.0,1235.07,979.57,demo,True
2026-04-26 22:00:00,30597.41,31670.56,2373.84,1500.0,5272.43,2672.57,6801.16,6674.71,2565.48,3962.64,0.0,1267.23,954.35,demo,True
2026-04-26 23:00:00,27936.73,31320.5,2610.44,1500.0,5138.94,2438.5,7011.08,6369.55,2383.66,4350.34,0.0,1225.26,903.17,demo,True
2026-04-27 00:00:00,29426.66,30801.75,2505.34,1500.0,4975.34,2628.76,6601.57,6523.27,2566.99,3839.11,0.0,1241.06,925.64,demo,True
2026-04-27 01:00:00,27515.56,31842.09,2360.95,1500.0,5137.52,2645.44,6763.56,6819.29,2685.99,4135.53,0.0,1236.37,918.38,demo,True
2026-04-27 02:00:00,27172.69,32557.54,2348.94,1500.0,5114.96,2806.35,6979.07,6414.78,2719.91,4801.15,0.0,1270.22,951.09,demo,True
2026-04-27 03:00:00,28843.66,32357.28,2604.84,1500.0,5402.54,2431.07,6227.26,6767.02,2893.47,4955.02,0.0,1246.14,934.75,demo,True
2026-04-27 04:00:00,28370.12,31931.08,2424.23,1500.0,5387.99,3015.27,6426.45,6533.84,2783.55,4009.63,0.0,1276.27,998.09,demo,True
2026-04-27 05:00:00,29184.05,32286.49,2570.6,1500.0,5056.11,2462.36,7469.82,7208.61,2631.69,3833.85,0.0,1221.19,902.86,demo,True
2026-04-27 06:00:00,34040.16,34498.52,2773.7,4043.38,5187.02,2777.0,6799.74,7331.92,2496.56,3698.98,0.0,1248.77,915.16,demo,True
2026-04-27 07:00:00,36682.79,37131.87,2826.04,5009.69,5271.81,2741.65,6678.75,6630.57,2792.78,4705.81,1107.87,1235.6,957.34,demo,True
2026-04-27 08:00:00,36279.64,36258.4,2994.68,3999.43,5310.41,2948.56,6812.79,6927.68,2548.02,3589.11,1937.4,1219.35,965.64,demo,True
2026-04-27 09:00:00,36390.31,36523.55,2996.36,3507.76,5629.68,2863.28,6032.51,6667.75,2507.6,4205.62,2988.66,1248.31,872.39,demo,True
2026-04-27 10:00:00,38196.83,38463.67,2939.87,4761.88,5192.68,3013.64,6273.61,6818.87,2530.84,4439.29,3241.6,1293.32,897.94,demo,True
2026-04-27 11:00:00,38453.31,38986.31,2999.28,4426.2,5503.87,2734.94,6145.7,7291.58,2424.91,4191.54,4096.81,1228.68,942.09,demo,True
2026-04-27 12:00:00,38495.19,38254.24,3001.79,3544.53,4898.38,2716.35,6646.51,6800.08,2513.66,4636.99,4260.26,1246.81,990.68,demo,True
2026-04-27 13:00:00,37739.79,37879.84,2972.45,2317.23,5034.2,2874.3,6370.86,6847.78,2535.75,5832.26,3843.63,1217.19,1006.63,demo,True
2026-04-27 14:00:00,38871.53,38846.51,3210.45,4988.09,4644.69,2985.26,6533.39,6711.33,2645.65,4540.9,3646.13,1213.52,937.57,demo,True
2026-04-27 15:00:00,38887.15,38890.66,3011.01,4942.44,5239.34,2948.51,6391.14,7178.85,2505.64,4434.39,3075.14,1230.32,944.88,demo,True
2026-04-27 16:00:00,37583.72,38011.15,2953.77,5737.29,5368.36,2857.93,5930.76,6216.8,2394.34,5208.78,2133.26,1238.75,924.89,demo,True
2026-04-27 17:00:00,39145.61,39299.87,3079.11,7813.97,4535.6,2841.88,6809.74,6845.36,2348.2,4868.46,1027.8,1239.86,969.0,demo,True
2026-04-27 18:00:00,39854.38,39684.31,3052.82,8503.34,5248.95,2793.47,5883.23,6940.75,2560.01,5514.35,0.0,1244.35,995.86,demo,True
2026-04-27 19:00:00,37870.64,38092.12,2875.24,7146.73,5357.09,2873.79,6245.32,6813.51,2537.78,4921.43,0.0,1208.79,987.68,demo,True
2026-04-27 20:00:00,36332.21,36948.66,2946.67,5845.65,5342.28,3166.29,6039.58,7157.04,2456.74,4757.59,0.0,1234.35,949.13,demo,True
2026-04-27 21:00:00,34804.69,34729.48,2890.85,4972.69,4889.08,2756.34,6192.09,7239.65,2461.35,4030.9,0.0,1262.54,924.84,demo,True
2026-04-27 22:00:00,33349.85,33695.78,2761.44,3440.43,5401.01,2734.39,6570.65,6672.71,2558.25,4152.04,0.0,1216.04,950.25,demo,True
2026-04-27 23:00:00,29669.03,32793.93,2525.26,1500.0,5202.42,2720.61,6932.26,7452.1,2672.68,4081.31,0.0,1241.12,991.42,demo,True
2026-04-28 00:00:00,29221.93,32189.86,2417.24,1500.0,5353.67,2870.09,5953.65,6686.61,2406.38,5224.15,0.0,1257.32,937.98,demo,True
2026-04-28 01:00:00,27625.65,31699.27,2431.98,1500.0,5167.28,2418.09,6304.98,7291.44,2504.85,4386.66,0.0,1230.44,895.54,demo,True
2026-04-28 02:00:00,28764.31,33039.65,2474.93,1500.0,5299.07,2775.69,5887.83,7049.14,2603.36,5726.83,0.0,1258.54,939.2,demo,True
2026-04-28 03:00:00,27777.89,32834.95,2466.63,1500.0,5488.4,2958.52,6288.11,6913.6,2389.42,5143.31,0.0,1211.97,941.63,demo,True
2026-04-28 04:00:00,30276.05,32495.53,2586.34,1500.0,5146.95,2705.28,6525.16,6942.62,2474.87,5033.08,0.0,1272.21,895.36,demo,True
2026-04-28 05:00:00,30110.38,32850.06,2590.47,1500.0,5273.87,2833.61,6768.48,7033.58,2466.38,4758.04,0.0,1259.15,956.96,demo,True
2026-04-28 06:00:00,33333.58,33315.88,2842.05,1719.66,5524.94,3179.68,5758.5,7095.1,2307.78,5513.65,0.0,1251.39,965.18,demo,True
2026-04-28 07:00:00,35131.84,35201.53,2886.79,3036.14,5165.36,2859.69,6692.69,6855.11,2479.57,4820.56,1008.49,1278.12,1005.8,demo,True
2026-04-28 08:00:00,35965.0,35793.05,2914.15,4065.7,4907.4,2396.94,6159.58,7014.4,2457.35,4748.09,1891.81,1241.77,910.03,demo,True
2026-04-28 09:00:00,37880.28,38237.22,2804.22,3900.4,5375.77,2546.22,6074.33,6904.64,2514.4,5850.59,2864.4,1234.55,971.92,demo,True
2026-04-28 10:00:00,39272.93,39608.3,3148.57,4598.82,5573.07,2754.82,6523.62,6815.22,2299.6,5447.0,3332.84,1284.31,979.01,demo,True
2026-04-28 11:00:00,38437.02,38701.28,2957.61,2803.21,5535.08,2655.31,6719.5,6911.07,2437.47,5163.11,4214.91,1296.02,965.59,demo,True
2026-04-28 12:00:00,37453.77,37681.68,2928.88,2114.62,5385.9,2818.61,6464.84,6846.24,2596.35,5609.78,3692.88,1232.66,919.8,demo,True
2026-04-28 13:00:00,38516.87,39011.24,2880.32,4738.39,4590.52,2746.98,6117.4,7015.16,2674.12,5299.6,3663.85,1247.16,918.05,demo,True
2026-04-28 14:00:00,37844.14,38147.74,3136.88,2786.01,5034.68,3009.89,6464.66,7211.12,2572.73,5490.29,3349.32,1276.13,952.92,demo,True
2026-04-28 15:00:00,38290.36,38440.52,2783.19,5316.84,5048.0,2603.56,6246.19,7150.91,2272.18,4891.58,2710.52,1248.05,952.71,demo,True
2026-04-28 16:00:00,38582.69,38859.2,3136.92,3686.15,5211.67,2762.65,6711.41,7567.1,2461.88,6333.98,1926.28,1264.86,933.22,demo,True
2026-04-28 17:00:00,37472.21,38090.76,3030.58,5396.49,5638.95,2839.11,6876.38,6654.84,2344.13,5005.33,1077.3,1269.51,988.75,demo,True
2026-04-28 18:00:00,37296.54,37658.53,2796.65,5099.73,4919.06,2861.4,6854.01,7252.79,2430.54,6067.07,0.0,1235.94,937.98,demo,True
2026-04-28 19:00:00,38097.71,38277.53,3221.47,6377.68,5782.97,2826.42,6493.09,7159.35,2298.2,5186.14,0.0,1260.48,893.19,demo,True
2026-04-28 20:00:00,36212.43,36454.43,2953.96,4703.11,5100.59,2365.97,6892.93,7345.8,2179.66,5673.23,0.0,1249.85,943.28,demo,True
2026-04-28 21:00:00,33118.77,33452.18,2493.54,2015.66,5000.61,2814.99,6142.66,7332.38,2338.38,5623.52,0.0,1219.58,964.41,demo,True
2026-04-28 22:00:00,33478.56,34424.11,2695.26,1500.0,5419.75,2772.86,7124.0,7146.87,2460.89,5814.2,0.0,1225.26,960.26,demo,True
2026-04-28 23:00:00,31081.15,32665.57,2651.22,1500.0,5440.32,2955.54,6140.7,7229.57,2403.23,4802.49,0.0,1233.69,960.03,demo,True
2026-04-29 00:00:00,28617.15,33044.8,2608.35,1500.0,5368.99,2930.13,5789.46,7036.3,2411.55,5740.34,0.0,1273.21,994.82,demo,True
2026-04-29 01:00:00,26987.2,34342.1,2330.14,1500.0,4999.94,2843.35,6977.9,7343.42,2383.7,6103.19,0.0,1274.03,916.56,demo,True
2026-04-29 02:00:00,28065.9,32374.55,2200.02,1500.0,5330.53,2856.37,6251.45,6803.48,2400.86,5025.83,0.0,1268.75,937.29,demo,True
2026-04-29 03:00:00,28154.36,33225.07,2567.22,1500.0,4931.27,3043.43,6540.86,7396.14,2410.47,5145.54,0.0,1261.0,996.35,demo,True
2026-04-29 04:00:00,30786.35,32164.76,2628.44,1500.0,4992.72,3007.05,6139.22,7228.55,2308.61,4837.31,0.0,1260.32,890.98,demo,True
2026-04-29 05:00:00,31187.13,33433.15,2417.2,1500.0,5175.33,2849.56,7327.26,7134.91,2346.19,4894.57,0.0,1256.94,948.39,demo,True
2026-04-29 06:00:00,33203.89,34687.32,2746.3,1500.0,4986.81,3186.18,7137.64,7199.31,2540.14,5890.19,0.0,1260.19,986.87,demo,True
2026-04-29 07:00:00,34801.41,35097.06,2857.58,2503.59,5473.71,2686.92,7041.29,7223.84,2342.74,4497.05,1079.61,1261.88,986.42,demo,True
2026-04-29 08:00:00,37155.08,37025.23,2912.64,4257.38,5049.68,2586.62,6530.93,7552.66,2325.59,4490.85,2046.84,1214.89,969.8,demo,True
2026-04-29 09:00:00,38203.66,37905.12,2883.33,1817.59,5142.68,2798.05,6843.24,7987.01,2327.65,5728.22,3059.88,1230.24,970.56,demo,True
2026-04-29 10:00:00,39310.37,39601.17,2989.73,4627.41,4971.15,2732.71,6481.43,7552.4,2284.01,5194.08,3614.93,1224.28,918.77,demo,True
2026-04-29 11:00:00,38308.74,38405.23,2934.0,2086.19,5469.78,2356.24,6892.77,7168.03,2252.82,5899.27,4011.26,1277.68,991.2,demo,True
2026-04-29 12:00:00,38343.35,38298.29,3018.57,3866.81,5026.81,2682.57,6356.29,7439.32,2325.04,4569.46,3826.63,1291.35,914.0,demo,True
2026-04-29 13:00:00,38203.79,38305.83,3052.05,2639.23,5496.92,2861.85,7054.65,7457.26,2234.3,4811.81,3638.26,1195.77,915.79,demo,True
2026-04-29 14:00:00,39039.39,39455.83,2852.49,5044.31,5477.82,2789.56,6338.69,7113.94,2272.55,4370.77,3797.44,1289.12,961.64,demo,True
2026-04-29 15:00:00,39588.86,39903.27,3116.0,6716.63,5084.06,2660.24,6378.45,7048.44,2190.22,4723.75,2914.11,1252.17,935.21,demo,True
2026-04-29 16:00:00,38328.62,38717.54,3084.62,6811.3,5207.71,2807.62,6336.71,7320.22,2293.16,3714.65,1994.65,1275.32,956.2,demo,True
2026-04-29 17:00:00,38378.83,38710.39,3049.69,6195.56,5076.84,2822.15,6567.36,7520.15,2345.46,4892.48,1064.81,1262.66,962.92,demo,True
2026-04-29 18:00:00,38657.35,38741.96,3047.2,7917.76,5341.89,2928.71,6364.13,6996.16,2245.14,4658.82,0.0,1286.01,1003.34,demo,True
2026-04-29 19:00:00,37598.23,37988.01,3153.48,7625.72,5149.44,2684.53,6670.54,7200.45,2024.82,4414.26,0.0,1255.24,963.01,demo,True
2026-04-29 20:00:00,37254.77,37610.2,3119.14,7064.39,5091.46,2957.29,6331.65,7493.3,2331.98,4192.77,0.0,1215.91,931.44,demo,True
2026-04-29 21:00:00,33347.85,33576.7,2722.66,3226.37,5212.01,2603.68,6776.78,7384.76,2270.92,3884.53,0.0,1247.36,970.29,demo,True
2026-04-29 22:00:00,32360.47,32684.37,2665.65,1500.0,4788.62,2709.39,7031.43,7695.41,2132.72,4638.86,0.0,1262.89,925.05,demo,True
2026-04-29 23:00:00,30352.8,31588.73,2650.37,1500.0,5180.28,3105.82,6527.14,7081.56,2340.16,3631.78,0.0,1244.6,977.39,demo,True
2026-04-30 00:00:00,27502.61,33387.14,2529.49,1500.0,5368.9,2615.7,7276.41,7917.75,2075.07,4414.92,0.0,1266.44,951.94,demo,True
2026-04-30 01:00:00,27244.43,33093.6,2320.08,1500.0,5235.89,2681.42,6894.64,7070.11,2363.9,5137.26,0.0,1248.36,962.02,demo,True
2026-04-30 02:00:00,26850.22,32882.75,2289.61,1500.0,5447.43,2574.44,7248.38,6970.22,2227.2,4783.38,0.0,1235.11,896.58,demo,True
2026-04-30 03:00:00,27779.04,30434.48,2464.35,1500.0,5101.9,2651.09,6478.58,7411.84,1957.5,3228.24,0.0,1222.85,882.48,demo,True
2026-04-30 04:00:00,29907.6,30551.73,2444.9,1500.0,5080.58,2824.91,5918.49,7183.36,2246.9,3652.33,0.0,1240.2,904.96,demo,True
2026-04-30 05:00:00,30731.45,31523.22,2411.36,1500.0,4909.5,2927.18,6252.85,7432.53,2172.56,4071.12,0.0,1255.11,1002.37,demo,True
2026-04-30 06:00:00,32220.93,32388.1,2614.08,2743.7,5094.51,2796.65,6288.55,7432.93,2150.34,3764.86,0.0,1201.02,915.56,demo,True
2026-04-30 07:00:00,34888.39,35015.58,2890.9,4614.3,5711.13,2741.56,6166.44,7414.16,2124.55,3039.9,1001.08,1230.5,971.97,demo,True
2026-04-30 08:00:00,37327.75,37642.21,3114.99,6432.01,5271.64,2576.3,5731.43,7279.95,2193.78,3871.96,2154.3,1200.08,930.74,demo,True
2026-04-30 09:00:00,37092.93,37555.76,2885.83,4712.74,5047.76,2669.12,6858.63,7568.49,2146.87,3614.19,2760.6,1234.57,942.8,demo,True
2026-04-30 10:00:00,37806.76,37879.82,2958.55,5108.99,4938.4,2521.71,5848.99,7411.5,1978.39,4516.55,3326.7,1279.93,948.66,demo,True
2026-04-30 11:00:00,39074.65,39919.64,3071.97,5923.12,4784.38,2932.58,6825.11,7732.1,2350.0,3373.35,3779.34,1220.35,999.31,demo,True
2026-04-30 12:00:00,38503.06,38633.77,2952.02,3721.4,4984.1,2945.09,7264.94,7457.57,2164.26,4025.03,3836.27,1267.58,967.54,demo,True
2026-04-30 13:00:00,39002.4,39317.33,3005.44,6687.54,5397.39,2792.72,6227.58,7292.96,2102.04,2749.13,3785.18,1321.22,961.55,demo,True
2026-04-30 14:00:00,38486.28,38736.76,3080.18,6606.49,5088.97,2879.46,6635.65,7141.79,2050.82,2810.99,3247.35,1286.34,988.9,demo,True
2026-04-30 15:00:00,39041.16,39299.47,2964.22,6768.95,4950.88,2957.72,6360.48,7483.1,2275.15,3628.92,2689.93,1253.34,931.0,demo,True
2026-04-30 16:00:00,37935.25,38042.62,2949.5,6179.96,4979.47,2818.22,6789.48,7249.58,2023.34,3753.92,1995.14,1271.46,982.05,demo,True
2026-04-30 17:00:00,38677.71,39119.87,3083.09,9196.78,5368.87,3050.85,6081.96,7239.63,2191.79,2678.26,1118.93,1215.76,977.04,demo,True
2026-04-30 18:00:00,38300.02,38396.31,3110.87,9082.78,5178.87,2615.72,6453.87,7660.46,2102.3,3114.95,0.0,1210.66,976.7,demo,True
2026-04-30 19:00:00,36929.14,36860.74,2882.24,8371.81,5036.93,2737.24,6892.41,7161.09,2105.99,2359.21,0.0,1250.72,945.35,demo,True
2026-04-30 20:00:00,35503.9,35551.94,2895.43,6224.92,5119.82,2715.81,6482.9,7870.59,2033.38,2907.69,0.0,1259.97,936.88,demo,True
2026-04-30 21:00:00,35414.12,35924.27,2784.28,6045.69,5773.53,2916.5,5929.98,7602.74,2088.21,3366.36,0.0,1277.36,923.91,demo,True
2026-04-30 22:00:00,32703.5,33178.58,2679.73,3615.85,5517.1,2541.85,6934.58,7565.62,2160.61,2681.41,0.0,1235.78,925.78,demo,True
2026-04-30 23:00:00,30194.9,30633.05,2651.63,1500.0,5581.84,3060.64,6046.41,7355.25,2184.77,2726.81,0.0,1254.83,922.49,demo,True
2026-05-01 00:00:00,29069.54,29946.51,2508.54,1500.0,4744.45,2901.12,6527.56,7758.66,2059.32,2240.42,0.0,1253.98,961.01,demo,True
2026-05-01 01:00:00,28718.59,30843.52,2653.75,1500.0,5160.71,3115.05,6703.93,7597.42,2139.81,2436.73,0.0,1246.72,943.15,demo,True
2026-05-01 02:00:00,25904.32,31384.56,2322.14,1500.0,5032.35,2792.7,6541.95,7454.65,2254.53,3597.25,0.0,1248.19,962.94,demo,True
2026-05-01 03:00:00,26882.17,31440.13,2492.59,1500.0,5341.4,2700.94,7388.1,7657.05,1945.68,2713.7,0.0,1228.63,964.64,demo,True
2026-05-01 04:00:00,28492.51,30354.93,2572.59,1500.0,5475.55,2918.28,6756.83,7250.33,2141.79,2136.94,0.0,1256.99,918.21,demo,True
2026-05-01 05:00:00,31935.82,32285.66,2703.7,3676.41,5284.87,2985.5,6429.18,7268.19,2025.88,2443.45,0.0,1254.88,917.31,demo,True
2026-05-01 06:00:00,33150.31,33576.64,2676.56,5872.13,4973.16,2671.4,6710.93,7388.91,2011.15,1766.81,0.0,1239.0,943.14,demo,True
2026-05-01 07:00:00,35475.38,35672.24,2895.09,6515.44,5028.14,2440.43,6573.48,7719.59,2166.38,2025.14,1010.25,1266.64,926.75,demo,True
2026-05-01 08:00:00,35805.22,36020.78,2839.68,4606.14,5361.35,2471.27,6515.53,7649.28,2067.28,3181.13,1969.51,1275.7,923.59,demo,True
2026-05-01 09:00:00,37002.43,36982.56,2901.47,4610.34,5387.22,2847.05,6585.33,7888.04,1984.43,2400.57,3011.77,1266.93,1000.87,demo,True
2026-05-01 10:00:00,38767.64,38832.15,3053.55,5159.5,5236.65,3077.23,6348.07,7462.1,2287.17,3390.19,3743.3,1223.94,904.0,demo,True
2026-05-01 11:00:00,38734.46,39155.2,2919.94,6322.65,5233.75,2565.85,6574.52,7798.11,2236.56,2372.36,3788.23,1252.49,1010.69,demo,True
2026-05-01 12:00:00,39052.26,39368.36,2995.39,6868.4,5213.03,2750.97,6323.08,7653.78,1892.25,2379.49,4101.49,1227.21,958.67,demo,True
2026-05-01 13:00:00,38427.79,38696.57,2944.82,6741.93,5269.97,2737.28,5836.33,7478.46,1945.24,2697.64,3757.72,1252.41,979.59,demo,True
2026-05-01 14:00:00,38700.53,39177.71,3062.19,7322.34,5386.15,3145.7,6899.07,7777.76,2191.52,1022.93,3228.89,1227.31,976.05,demo,True
2026-05-01 15:00:00,38670.68,38686.65,2991.99,6362.96,5363.84,3206.57,6302.09,7685.49,2084.33,2446.06,2984.88,1281.93,968.51,demo,True
2026-05-01 16:00:00,39214.24,39593.87,3054.55,8614.58,5206.13,2876.4,6549.49,7568.58,2296.87,2305.82,1906.56,1269.58,999.85,demo,True
2026-05-01 17:00:00,39261.08,39298.83,3132.9,8710.62,5187.25,2961.64,6233.85,7723.16,2189.14,3062.44,1034.37,1278.82,917.53,demo,True
2026-05-01 18:00:00,37323.59,37839.61,2987.85,8604.5,5177.3,2956.64,6244.42,7692.31,2149.57,2793.28,0.0,1276.29,945.31,demo,True
2026-05-01 19:00:00,36217.18,36565.18,2982.23,9273.13,4997.11,2569.54,6136.35,7693.83,1989.54,1738.02,0.0,1243.24,924.41,demo,True
2026-05-01 20:00:00,37309.56,37733.17,2925.68,8107.53,4993.81,2925.73,6831.9,7643.67,2169.75,2922.29,0.0,1239.36,899.12,demo,True
2026-05-01 21:00:00,35775.5,35899.2,2873.95,7221.86,5341.43,2616.47,6916.4,7454.1,1956.39,2168.84,0.0,1293.54,930.16,demo,True
2026-05-01 22:00:00,32244.73,32887.51,2906.38,4464.39,5014.65,2769.12,6509.08,7764.33,2264.89,1848.99,0.0,1245.87,1006.18,demo,True
2026-05-01 23:00:00,29618.61,30529.02,2488.37,1500.0,5411.62,3005.15,6312.17,7577.94,2157.79,2403.42,0.0,1216.14,944.8,demo,True
2026-05-02 00:00:00,26716.18,29446.65,2196.1,1500.0,5186.65,2814.57,5907.43,7536.67,2007.1,2209.55,0.0,1275.19,1009.51,demo,True
2026-05-02 01:00:00,26090.57,31961.18,2381.31,1500.0,5413.09,2998.45,6778.4,7714.74,2201.67,3088.66,0.0,1253.59,1012.57,demo,True
2026-05-02 02:00:00,26269.15,31299.7,2292.56,1500.0,5365.61,3033.87,6263.21,7935.69,2373.21,2500.63,0.0,1287.65,1039.85,demo,True
2026-05-02 03:00:00,25801.22,30120.33,2351.51,1500.0,5419.16,2483.75,6108.96,7821.49,2077.31,2446.42,0.0,1256.07,1007.16,demo,True
2026-05-02 04:00:00,26388.33,30413.15,2349.92,1500.0,5076.14,2408.01,6510.24,7670.21,2168.75,2809.55,0.0,1249.5,1020.74,demo,True
2026-05-02 05:00:00,27797.8,31088.05,2493.11,1500.0,5306.31,3009.18,6383.06,7667.72,2050.25,2923.63,0.0,1288.15,959.76,demo,True
2026-05-02 06:00:00,30470.52,30956.36,2577.52,1570.37,5391.85,3016.43,5968.68,7939.59,2111.76,2789.28,0.0,1211.54,956.85,demo,True
2026-05-02 07:00:00,32238.77,32677.39,2669.99,3484.12,4796.66,2846.19,6016.75,7278.68,1920.19,3129.76,1010.84,1235.37,958.85,demo,True
2026-05-02 08:00:00,33402.79,33695.13,2839.85,1687.07,5642.44,2870.6,6617.79,7987.58,2100.61,2749.17,1862.06,1227.82,950.0,demo,True
2026-05-02 09:00:00,36730.23,37012.5,2752.07,5153.38,5789.15,2960.75,6270.51,7406.01,2105.61,2555.64,2621.84,1195.12,954.49,demo,True
2026-05-02 10:00:00,37213.78,37641.86,2830.5,3901.82,5446.29,2957.39,6678.59,7513.0,2316.05,3120.55,3463.77,1271.83,972.57,demo,True
2026-05-02 11:00:00,36998.9,37298.33,2864.62,4152.88,5409.53,2745.25,6551.29,7717.28,1884.64,2486.77,4178.6,1236.06,936.03,demo,True
2026-05-02 12:00:00,35533.54,35710.74,2679.37,1509.68,5353.08,2972.05,6866.64,8313.82,2066.29,2582.15,3865.73,1272.63,908.67,demo,True
2026-05-02 13:00:00,36667.68,36645.07,2839.4,2471.04,5115.91,2737.63,6208.75,8211.35,2254.62,3461.62,3963.5,1259.73,960.91,demo,True
2026-05-02 14:00:00,36463.57,36886.17,2836.44,2948.99,5171.36,2843.84,6581.45,8003.61,2071.16,3449.05,3622.32,1265.18,929.22,demo,True
2026-05-02 15:00:00,36379.78,36695.74,3004.85,4189.06,5450.75,2836.0,6723.4,7932.43,2079.82,2673.15,2640.19,1238.62,932.32,demo,True
2026-05-02 16:00:00,37054.57,37800.59,2983.42,7908.62,4946.96,2645.3,6280.82,7450.05,2000.69,2491.42,1900.12,1230.89,945.72,demo,True
2026-05-02 17:00:00,36650.93,36883.67,2931.79,5809.24,4924.21,2666.26,6894.52,7899.93,1989.14,3492.5,1016.78,1252.24,938.84,demo,True
2026-05-02 18:00:00,36485.51,36789.88,2935.32,7479.77,5096.69,3202.14,5916.8,7750.25,1882.42,3205.53,0.0,1272.98,983.3,demo,True
2026-05-02 19:00:00,35746.1,36054.69,2831.56,6909.72,5370.63,2639.46,6208.47,7696.99,2026.57,3009.12,0.0,1248.74,945.0,demo,True
2026-05-02 20:00:00,34356.89,34724.02,2920.33,6123.44,4974.86,2866.59,5903.71,7916.23,1983.98,2737.95,0.0,1232.45,984.81,demo,True
2026-05-02 21:00:00,31205.56,31281.52,2735.27,1801.79,5141.39,2904.36,6242.44,7783.99,2117.59,3113.75,0.0,1220.02,956.18,demo,True
2026-05-02 22:00:00,30527.7,31192.28,2476.94,1500.0,5172.26,2790.24,6445.9,8084.28,2009.7,2987.45,0.0,1255.1,947.34,demo,True
2026-05-02 23:00:00,28041.16,30577.55,2607.76,1500.0,4936.91,2920.87,6791.03,7472.46,2047.56,2717.83,0.0,1236.15,954.75,demo,True
2026-05-03 00:00:00,25760.97,30669.38,2257.28,1500.0,4565.66,2859.22,6445.65,7920.15,2051.81,3167.44,0.0,1248.21,911.25,demo,True
2026-05-03 01:00:00,26626.25,30678.74,2297.37,1500.0,4933.11,2643.35,6291.62,7715.46,2101.35,3289.67,0.0,1244.03,960.14,demo,True
2026-05-03 02:00:00,26231.13,30729.69,2391.13,1500.0,5267.83,2896.63,5957.77,7823.9,2044.84,3024.35,0.0,1238.89,975.48,demo,True
2026-05-03 03:00:00,26401.27,31528.66,2399.08,1500.0,5326.4,2701.95,6075.04,7986.13,1982.07,3720.01,0.0,1257.35,979.73,demo,True
2026-05-03 04:00:00,26837.18,32492.54,2376.18,1500.0,5328.53,3113.32,6608.57,7678.33,2121.07,3969.41,0.0,1263.86,909.43,demo,True
2026-05-03 05:00:00,29378.43,32820.92,2487.5,1500.0,5358.49,2877.24,6808.51,7965.23,2240.26,3867.62,0.0,1299.13,904.43,demo,True
2026-05-03 06:00:00,30480.94,31086.46,2682.44,1500.0,5037.14,2673.97,6353.27,7887.29,2129.05,3302.9,0.0,1268.95,933.9,demo,True
2026-05-03 07:00:00,32600.22,33335.66,2628.5,1500.0,4981.44,2861.61,6923.86,7793.51,2042.0,3877.87,1073.99,1289.84,991.54,demo,True
2026-05-03 08:00:00,33357.9,33459.3,2707.0,1603.71,5297.52,2633.53,6167.53,7840.09,2102.03,3598.36,2030.38,1229.53,956.63,demo,True
2026-05-03 09:00:00,35583.99,35451.36,3004.79,3129.39,5144.94,2846.4,6363.31,7914.32,1872.44,3001.32,3042.5,1209.98,926.76,demo,True
2026-05-03 10:00:00,36016.44,36247.23,2733.52,2135.24,5435.84,2759.37,6392.85,7784.04,2103.57,4015.66,3464.6,1249.64,906.41,demo,True
2026-05-03 11:00:00,35301.81,36666.8,2765.05,1500.0,5299.16,2651.16,7035.29,7959.1,2074.13,3812.67,4134.36,1271.45,929.48,demo,True
2026-05-03 12:00:00,36152.3,37699.73,2931.98,1500.0,5533.79,2648.9,6546.78,7900.85,2012.11,5096.77,4265.54,1267.53,927.45,demo,True
2026-05-03 13:00:00,36023.35,36636.32,2878.55,1500.0,5078.96,3238.29,5870.55,7832.01,2035.9,4589.03,4233.23,1280.28,978.07,demo,True
2026-05-03 14:00:00,37284.13,37550.06,3004.64,2229.22,5477.56,2816.45,6833.08,8320.64,2079.03,4276.27,3350.85,1186.59,980.38,demo,True
2026-05-03 15:00:00,36705.95,37159.0,2780.7,1969.83,5729.02,2722.29,7146.07,8066.53,2249.54,4105.39,2970.5,1281.32,918.5,demo,True
2026-05-03 16:00:00,36197.82,36344.38,2910.96,3396.77,5213.97,2691.11,6412.59,7895.23,2263.76,4122.48,2117.49,1258.39,972.59,demo,True
2026-05-03 17:00:00,36390.32,36736.84,2902.86,5388.19,5329.82,2884.81,6186.02,8015.69,2023.68,3598.19,1129.52,1211.4,969.52,demo,True
2026-05-03 18:00:00,36008.45,36546.04,3141.75,6791.13,4958.06,2685.07,6802.49,7761.8,2075.31,3289.48,0.0,1268.09,914.61,demo,True
2026-05-03 19:00:00,35168.23,35082.99,2938.67,3900.8,5432.45,2602.97,7187.49,7895.65,2080.86,3781.05,0.0,1254.24,947.49,demo,True
2026-05-03 20:00:00,33370.63,33669.71,2737.51,1949.06,5493.56,2794.17,6797.06,7925.29,2239.69,4251.14,0.0,1259.53,960.22,demo,True
2026-05-03 21:00:00,32358.35,32817.67,2727.02,3624.5,5071.44,2792.81,5931.95,7725.31,2162.66,3279.14,0.0,1274.98,954.9,demo,True
2026-05-03 22:00:00,29956.9,32864.4,2550.58,1500.0,5352.4,2724.93,6764.14,8088.65,2159.05,4115.79,0.0,1260.76,898.68,demo,True
2026-05-03 23:00:00,27565.28,32651.33,2473.18,1500.0,5272.92,2639.57,6641.47,7895.95,2215.07,4319.23,0.0,1213.18,953.94,demo,True
2026-05-04 00:00:00,29524.72,32316.68,2436.8,1500.0,5301.6,2729.63,6165.88,7932.67,2082.02,4389.37,0.0,1246.42,969.09,demo,True
2026-05-04 01:00:00,28232.86,33213.33,2575.07,1500.0,5411.13,2715.47,6951.09,7889.37,2320.2,4219.14,0.0,1209.56,997.39,demo,True
2026-05-04 02:00:00,26280.14,33634.31,2212.9,1500.0,5334.91,2690.49,6653.42,8669.03,2159.34,4430.94,0.0,1266.23,929.94,demo,True
2026-05-04 03:00:00,27873.93,34142.16,2439.28,1500.0,5163.86,2849.77,6960.24,7875.73,2059.93,5514.04,0.0,1284.95,933.64,demo,True
2026-05-04 04:00:00,29865.52,33148.79,2461.48,1500.0,5416.66,3200.72,6128.48,7569.8,2138.25,5032.19,0.0,1218.96,943.73,demo,True
2026-05-04 05:00:00,31684.45,33321.96,2646.65,1500.0,5489.08,3039.72,6639.57,7676.25,2316.87,4468.52,0.0,1233.21,958.74,demo,True
2026-05-04 06:00:00,33700.59,33837.01,2835.36,2183.61,5055.91,3149.55,6186.72,8198.54,2121.32,4760.51,0.0,1227.94,952.91,demo,True
2026-05-04 07:00:00,34995.5,35428.8,2652.71,2322.87,5199.53,2697.82,6586.68,8328.7,2289.66,4824.93,971.84,1238.65,968.13,demo,True
2026-05-04 08:00:00,36041.8,36471.57,2856.8,2843.54,4740.14,3101.44,7017.03,7887.79,2104.11,4497.83,2103.13,1260.31,916.24,demo,True
2026-05-04 09:00:00,37057.51,37251.6,2784.86,3169.61,5351.74,2840.91,6000.75,8322.19,2090.78,4538.2,2736.59,1238.92,961.91,demo,True
2026-05-04 10:00:00,38725.39,39300.16,2965.11,2908.12,5518.01,2977.55,6020.85,8206.94,2265.39,5467.17,3742.1,1266.31,927.73,demo,True
2026-05-04 11:00:00,38989.17,39175.45,2891.48,3444.39,5133.1,2882.39,6834.42,8004.99,2085.0,4789.27,3779.56,1276.63,945.7,demo,True
2026-05-04 12:00:00,39599.27,39932.43,3076.42,4579.87,5234.69,2738.21,6495.06,7992.2,2292.29,4487.13,3834.19,1277.54,1001.24,demo,True
2026-05-04 13:00:00,39359.15,39687.32,3003.69,3573.95,5142.75,2929.51,6909.94,8092.03,2239.55,5046.21,3623.28,1222.05,908.05,demo,True
2026-05-04 14:00:00,38443.27,38453.79,3044.92,3005.66,5100.19,2887.29,6217.45,8247.95,2096.36,5158.04,3514.59,1284.65,941.62,demo,True
2026-05-04 15:00:00,37719.05,37949.16,3075.05,4168.79,5260.36,2481.73,6517.92,8144.9,2196.52,4141.83,2838.7,1286.65,911.76,demo,True
2026-05-04 16:00:00,38476.43,39154.89,3017.69,5092.29,4996.1,2777.66,6740.85,7911.12,2143.2,5134.8,2115.47,1288.82,954.59,demo,True
2026-05-04 17:00:00,38878.23,38962.22,3124.46,5130.63,5138.83,2957.03,6573.57,8024.13,2254.95,5613.96,1041.62,1246.05,981.45,demo,True
2026-05-04 18:00:00,38346.04,38708.57,3147.84,6461.05,4964.82,2849.94,5873.94,8500.7,2443.69,5428.14,0.0,1231.2,955.09,demo,True
2026-05-04 19:00:00,37415.74,37457.95,2873.38,2923.58,5353.16,2884.5,7487.91,8122.38,2176.82,6337.7,0.0,1225.39,946.5,demo,True
2026-05-04 20:00:00,36815.35,36897.47,3050.58,3767.43,5262.2,2664.74,6574.31,8260.58,2289.56,5866.33,0.0,1222.46,989.85,demo,True
2026-05-04 21:00:00,34621.32,34616.75,2774.45,2037.87,5087.88,2846.12,6030.85,8190.25,2232.7,5980.88,0.0,1250.29,959.92,demo,True
2026-05-04 22:00:00,32549.52,35388.43,2570.68,1500.0,5209.64,2782.66,6609.97,8133.68,2236.97,6669.73,0.0,1271.2,974.59,demo,True
2026-05-04 23:00:00,31168.51,34288.03,2618.92,1500.0,5142.61,2763.38,6650.2,8099.44,2218.63,5659.65,0.0,1282.66,971.46,demo,True
2026-05-05 00:00:00,28895.47,34410.05,2468.89,1500.0,5497.41,2677.73,6847.87,8274.86,2139.99,5370.6,0.0,1237.86,863.71,demo,True
2026-05-05 01:00:00,28139.85,34878.21,2299.69,1500.0,5085.34,2964.68,6824.5,8237.37,2287.59,5782.01,0.0,1249.03,947.7,demo,True
2026-05-05 02:00:00,27732.08,33693.01,2311.75,1500.0,5365.11,2862.18,6425.15,8139.08,2217.26,5019.17,0.0,1247.4,917.66,demo,True
2026-05-05 03:00:00,27172.21,32849.02,2516.97,1500.0,5016.65,2844.02,5897.27,7930.08,2147.92,5353.84,0.0,1234.12,925.12,demo,True
2026-05-05 04:00:00,28841.66,34531.84,2500.75,1500.0,5411.7,3169.14,6661.48,8169.13,2382.84,4974.92,0.0,1268.39,994.24,demo,True
2026-05-05 05:00:00,31959.44,33820.9,2767.74,1500.0,5469.7,2885.28,5925.15,8071.09,2277.71,5494.13,0.0,1259.07,938.76,demo,True
2026-05-05 06:00:00,32179.04,34409.49,2626.63,1500.0,5481.97,3016.09,6925.34,8019.47,2243.2,4963.11,0.0,1253.55,1006.78,demo,True
2026-05-05 07:00:00,33496.6,35471.53,2639.37,1500.0,5582.46,2849.13,6243.53,8677.99,2436.17,4937.11,1078.42,1258.96,907.77,demo,True
2026-05-05 08:00:00,35340.04,35777.26,2659.84,1500.0,5276.04,2736.43,6722.24,7751.36,2059.87,5476.42,2072.03,1265.39,917.49,demo,True
2026-05-05 09:00:00,37846.48,37949.41,3026.65,2294.7,5521.87,2609.36,6270.34,8302.04,2437.82,5187.56,3087.73,1265.14,972.87,demo,True
2026-05-05 10:00:00,38515.81,38884.53,3039.39,3763.27,5622.29,2843.45,6327.79,7902.51,2184.39,4277.02,3795.02,1229.04,939.76,demo,True
2026-05-05 11:00:00,38651.34,39155.57,2960.02,4500.17,4908.27,2320.57,6219.66,8122.22,2320.37,4495.03,4037.66,1272.41,959.22,demo,True
2026-05-05 12:00:00,39558.07,39701.42,2966.47,3059.0,5043.16,2849.04,6750.63,8659.43,2229.43,4628.89,4278.83,1256.38,946.63,demo,True
2026-05-05 13:00:00,36728.18,36755.84,2969.31,1688.89,4811.12,2856.77,6282.53,7883.52,2194.3,4738.48,4115.37,1239.13,945.72,demo,True
2026-05-05 14:00:00,38822.99,39015.98,2984.18,2544.52,5475.9,2760.84,6768.99,7936.82,2467.83,5362.39,3501.98,1255.86,940.87,demo,True
2026-05-05 15:00:00,39693.0,39760.6,3047.53,4827.23,4807.78,2783.37,6291.68,8092.96,2538.05,5237.65,2967.88,1258.61,955.38,demo,True
2026-05-05 16:00:00,37920.36,38241.96,2916.26,4554.75,4737.24,2574.79,6419.0,7911.1,2293.93,5631.68,1873.17,1277.04,969.25,demo,True
2026-05-05 17:00:00,38470.31,38525.94,2976.32,4628.12,4914.68,3049.41,6512.45,8292.57,2365.96,5444.19,1096.3,1223.85,998.43,demo,True
2026-05-05 18:00:00,37970.48,38395.6,3057.61,6238.17,4748.04,2739.29,6553.84,7980.99,2337.79,5570.43,0.0,1283.12,943.92,demo,True
2026-05-05 19:00:00,37204.22,37492.5,2827.48,5141.25,5270.76,2625.02,6176.53,8242.9,2543.9,5303.36,0.0,1250.58,938.19,demo,True
2026-05-05 20:00:00,36419.95,36850.69,2934.91,5154.94,4918.02,2898.04,6746.33,7806.95,2087.99,5066.75,0.0,1237.35,934.33,demo,True
2026-05-05 21:00:00,35983.33,35797.14,2967.06,4014.2,4760.53,2819.94,6405.03,7702.14,2392.18,5472.44,0.0,1236.58,994.09,demo,True
2026-05-05 22:00:00,34285.34,34218.87,2762.88,1752.18,5189.11,2735.5,6690.37,8049.47,2265.06,5341.51,0.0,1224.97,970.71,demo,True
2026-05-05 23:00:00,30725.34,32871.8,2673.69,1500.0,5204.45,2716.47,6494.32,7754.89,2075.02,5027.13,0.0,1206.48,893.03,demo,True
2026-05-06 00:00:00,30520.4,34060.91,2672.31,1500.0,4713.86,2798.99,6705.26,8434.02,2319.93,5430.22,0.0,1266.93,891.71,demo,True
2026-05-06 01:00:00,28003.88,32066.95,2518.9,1500.0,5014.44,3042.25,6356.03,7763.4,2590.44,3575.77,0.0,1299.52,925.1,demo,True
2026-05-06 02:00:00,28778.42,32678.11,2422.67,1500.0,5180.59,2884.52,6223.64,7871.55,2295.46,4555.88,0.0,1209.56,956.9,demo,True
2026-05-06 03:00:00,27914.5,33390.12,2418.59,1500.0,5107.23,2793.81,6649.4,8190.64,2474.61,4499.2,0.0,1226.24,949.0,demo,True
2026-05-06 04:00:00,29280.27,33806.73,2520.65,1500.0,5114.33,2953.44,6327.19,7970.37,2529.12,5178.04,0.0,1268.79,965.44,demo,True
2026-05-06 05:00:00,31218.83,34505.75,2566.02,1500.0,5506.61,2804.96,7010.58,7764.97,2389.34,5335.7,0.0,1248.86,944.74,demo,True
2026-05-06 06:00:00,35227.7,35537.55,2807.52,3390.41,5758.1,2872.28,6523.68,8547.38,2410.93,3772.0,0.0,1270.86,991.92,demo,True
2026-05-06 07:00:00,35584.16,35884.58,2797.45,3517.12,5118.54,2827.2,6019.23,7877.71,2196.15,5148.62,959.38,1247.46,973.16,demo,True
2026-05-06 08:00:00,36158.25,36650.95,3118.75,4326.97,4856.31,2906.16,6295.09,8054.31,2321.81,3802.23,1900.27,1235.48,952.33,demo,True
2026-05-06 09:00:00,38514.4,38761.85,2992.49,5293.95,5139.01,2720.05,6150.24,8050.79,2522.27,3761.3,2895.52,1244.35,984.36,demo,True
2026-05-06 10:00:00,38250.88,38493.04,3076.63,3241.65,5250.52,2594.92,6875.52,8252.34,2426.39,4157.86,3602.86,1190.45,900.53,demo,True
2026-05-06 11:00:00,38400.85,38795.35,2906.54,2966.72,5186.15,2963.23,6770.74,8196.96,2468.9,4058.22,4015.56,1221.41,947.45,demo,True
2026-05-06 12:00:00,39354.16,39703.64,3211.2,4578.36,5358.78,3070.89,6478.63,7912.44,2446.52,3379.76,4250.42,1273.71,954.13,demo,True
2026-05-06 13:00:00,38630.92,38718.41,2956.5,2491.41,5775.1,2603.46,6601.53,8021.68,2699.32,4424.98,3853.08,1279.8,968.06,demo,True
2026-05-06 14:00:00,38750.84,38984.26,3020.43,4565.16,4754.59,2832.27,6469.31,8042.38,2390.36,4380.32,3366.17,1285.15,898.55,demo,True
2026-05-06 15:00:00,38619.79,38948.67,2845.66,4135.6,5068.16,2719.2,6801.14,8255.93,2640.44,4507.83,2617.16,1261.02,942.19,demo,True
2026-05-06 16:00:00,38955.41,39099.79,3169.33,5776.67,5600.7,2959.01,6681.94,7832.92,2469.58,3703.97,1919.39,1193.6,962.01,demo,True
2026-05-06 17:00:00,39043.65,39196.6,3191.51,6295.35,5064.27,2844.4,6744.99,8532.64,2662.65,3840.61,1013.26,1234.12,964.31,demo,True
2026-05-06 18:00:00,37151.62,37151.16,2879.51,5622.2,5405.27,3398.95,6432.85,7920.26,2318.14,3784.79,0.0,1283.12,985.58,demo,True
2026-05-06 19:00:00,38306.87,38037.97,3141.96,6225.21,5364.03,2745.74,6278.95,8083.91,2493.1,4583.6,0.0,1290.58,972.85,demo,True
2026-05-06 20:00:00,35970.92,36153.59,2822.4,6069.48,5521.59,3076.71,6732.77,7829.11,2429.5,2262.18,0.0,1284.07,948.17,demo,True
2026-05-06 21:00:00,33984.48,34257.39,2856.22,2771.26,5697.47,3094.23,7042.97,7797.11,2499.29,3140.72,0.0,1244.09,970.25,demo,True
2026-05-06 22:00:00,32968.28,33021.1,2692.92,1704.2,5286.6,2896.05,6887.1,7888.65,2635.05,3562.15,0.0,1217.34,943.96,demo,True
2026-05-06 23:00:00,31029.28,31672.3,2732.84,1500.0,4746.08,2806.67,7053.58,7865.75,2539.64,2957.18,0.0,1248.98,954.4,demo,True
2026-05-07 00:00:00,28711.41,32060.5,2498.53,1500.0,5017.89,2817.07,6556.71,7986.3,2646.45,3311.87,0.0,1250.37,973.84,demo,True
2026-05-07 01:00:00,28570.7,32073.67,2559.45,1500.0,5768.37,2801.84,6160.5,7860.15,2425.39,3319.64,0.0,1289.14,948.64,demo,True
2026-05-07 02:00:00,26621.31,31380.05,2471.95,1500.0,4832.31,3003.99,6191.58,8226.56,2412.89,2996.15,0.0,1255.69,960.86,demo,True
2026-05-07 03:00:00,27704.95,32403.13,2403.05,1500.0,5329.17,2642.93,6982.85,7899.22,2519.38,3300.33,0.0,1250.42,978.84,demo,True
2026-05-07 04:00:00,28789.12,30806.21,2464.04,1500.0,4546.23,2771.02,5848.32,7872.69,2518.62,3526.12,0.0,1251.84,971.36,demo,True
2026-05-07 05:00:00,30940.38,31897.81,2505.57,1500.0,4848.68,2749.21,7026.66,7980.66,2506.76,3038.83,0.0,1260.0,987.0,demo,True
2026-05-07 06:00:00,33207.7,33647.49,2719.37,3638.37,5430.6,2489.29,6224.33,8283.25,2419.83,2876.32,0.0,1265.66,1019.85,demo,True
2026-05-07 07:00:00,34292.73,34848.3,2968.08,2512.08,5209.35,2954.6,7173.19,8109.73,2684.49,2967.12,1034.77,1231.89,971.09,demo,True
2026-05-07 08:00:00,37170.33,37101.33,3029.55,4891.57,5102.13,2991.33,6475.29,8038.08,2502.9,2994.58,1945.74,1223.56,936.16,demo,True
2026-05-07 09:00:00,37890.2,38255.25,2915.13,6076.92,4988.27,2685.84,6752.9,7742.23,2723.34,2077.74,2958.39,1284.26,965.35,demo,True
2026-05-07 10:00:00,37189.8,37594.66,3081.31,3207.86,4680.9,2985.42,7334.77,7803.51,2559.5,3129.66,3719.99,1208.97,964.06,demo,True
2026-05-07 11:00:00,37382.66,37594.35,2979.9,3918.23,5380.29,2514.94,6384.45,7770.99,2641.53,2625.83,4098.74,1290.94,968.41,demo,True
2026-05-07 12:00:00,38719.52,38533.56,3077.39,3475.76,5126.38,2804.31,6378.57,8337.0,2636.38,3436.08,4141.98,1202.23,994.85,demo,True
2026-05-07 13:00:00,38464.49,38661.21,3051.75,5053.18,4804.32,2777.27,6256.81,8163.4,2476.27,3056.44,3938.67,1235.39,899.48,demo,True
2026-05-07 14:00:00,38493.44,38638.85,3055.86,5198.69,5207.85,2815.79,6149.38,7854.23,2624.95,3303.23,3215.02,1274.3,995.42,demo,True
2026-05-07 15:00:00,38600.41,39125.77,2868.7,6436.05,5351.12,2814.86,6384.56,7916.66,2817.98,2171.73,2977.28,1250.01,1005.51,demo,True
2026-05-07 16:00:00,38887.7,39121.75,3181.47,7725.6,5147.82,2786.13,6305.81,7856.22,2622.44,2452.4,2041.19,1217.09,967.04,demo,True
2026-05-07 17:00:00,39419.53,39595.31,2936.58,9813.18,5230.16,2730.2,6062.41,7839.79,2706.05,1979.61,1005.49,1260.66,967.76,demo,True
2026-05-07 18:00:00,37739.73,37884.15,3135.77,8240.64,5209.91,2780.43,6426.33,8132.76,2686.72,2212.93,0.0,1251.68,942.75,demo,True
2026-05-07 19:00:00,37029.89,37338.52,2996.32,6655.47,5016.23,3045.38,6657.43,7964.98,2645.98,3158.27,0.0,1244.6,950.19,demo,True
2026-05-07 20:00:00,35903.01,36163.24,2979.12,5496.96,5214.11,2695.83,6186.43,8482.76,2637.1,3244.71,0.0,1234.4,970.94,demo,True
2026-05-07 21:00:00,35206.33,35314.14,2901.32,5175.45,5391.16,3205.96,6443.14,8296.58,2685.96,1897.75,0.0,1249.13,969.01,demo,True
2026-05-07 22:00:00,33890.63,34188.15,2891.66,3594.91,5469.01,2685.67,6992.28,8306.12,2717.41,2215.69,0.0,1235.45,971.62,demo,True
2026-05-07 23:00:00,30678.56,31044.81,2593.95,1500.0,5405.59,2843.21,6003.16,8162.19,2469.07,2381.93,0.0,1310.86,968.8,demo,True
2026-05-08 00:00:00,27455.67,32098.98,2447.42,1500.0,5024.47,2902.82,7176.08,7917.89,2666.48,2690.28,0.0,1244.0,976.95,demo,True
2026-05-08 01:00:00,26806.18,30347.41,2426.99,1500.0,5365.42,2747.48,6264.09,8138.7,2620.17,1497.29,0.0,1240.66,973.6,demo,True
2026-05-08 02:00:00,26987.71,30681.0,2578.49,1500.0,5321.02,3048.83,6570.32,7926.69,2600.7,1557.72,0.0,1236.46,919.27,demo,True
2026-05-08 03:00:00,27609.4,32385.96,2476.18,1500.0,5015.48,2898.14,6947.71,8358.26,2808.59,2588.4,0.0,1294.42,974.97,demo,True
2026-05-08 04:00:00,28922.65,30622.59,2397.05,1500.0,5079.28,2763.12,7054.52,8084.65,2570.45,1355.79,0.0,1209.02,1005.76,demo,True
2026-05-08 05:00:00,31010.0,31438.04,2574.14,1500.0,5376.72,3046.83,6664.44,8049.46,2496.38,2096.03,0.0,1258.99,949.2,demo,True
2026-05-08 06:00:00,32804.28,33201.75,2783.14,3358.44,5558.0,2617.21,6256.92,8015.66,2764.53,2391.98,0.0,1244.02,994.98,demo,True
2026-05-08 07:00:00,35742.8,35879.07,3005.32,5623.74,4728.97,2698.21,6226.02,8366.45,2503.85,2512.7,1082.24,1214.41,922.48,demo,True
2026-05-08 08:00:00,36200.12,36604.86,2858.61,5180.86,5626.42,2901.26,6298.79,7664.0,2448.17,2230.36,2076.38,1229.52,949.11,demo,True
2026-05-08 09:00:00,37252.48,37237.01,3154.2,3208.23,5502.68,2944.26,7161.24,8379.6,2793.69,2117.12,2941.49,1257.92,930.77,demo,True
2026-05-08 10:00:00,38859.38,39139.65,3060.46,5507.01,5251.77,2858.07,6365.9,7929.92,2708.89,2723.5,3574.83,1228.39,991.38,demo,True
2026-05-08 11:00:00,37688.72,37943.36,3003.88,4072.3,5137.41,2777.11,6613.27,7657.14,2751.67,2447.47,4231.29,1256.49,999.21,demo,True
2026-05-08 12:00:00,39010.92,39441.41,2950.37,6523.31,5301.51,2754.74,6134.68,7796.57,2646.91,1987.43,4056.01,1293.23,947.02,demo,True
2026-05-08 13:00:00,38700.95,38785.54,3139.92,5868.65,5033.45,3003.65,6095.28,7594.36,2538.89,2338.29,4073.57,1254.27,985.13,demo,True
2026-05-08 14:00:00,38472.62,38576.86,2980.47,5035.5,5153.8,2843.27,6509.24,8096.77,2567.7,2521.9,3635.51,1213.66,999.52,demo,True
2026-05-08 15:00:00,39741.79,39740.78,3042.59,7382.74,4816.49,2643.0,6386.34,7719.9,2682.26,3202.71,2729.51,1228.83,949.01,demo,True
2026-05-08 16:00:00,38304.26,38452.25,3010.63,7216.56,4747.2,2632.62,6411.9,7980.72,2567.12,2752.38,1946.99,1242.86,953.89,demo,True
2026-05-08 17:00:00,40208.38,40504.35,3288.98,8461.62,5806.4,3072.42,5982.33,8188.37,2761.49,2984.47,1034.06,1241.19,972.01,demo,True
2026-05-08 18:00:00,38369.7,38296.09,3132.99,9203.99,5216.4,2670.62,6474.28,7786.16,2673.94,2092.17,0.0,1253.8,924.72,demo,True
2026-05-08 19:00:00,36966.36,37136.63,2920.48,6996.79,5252.96,2849.09,7042.24,7870.12,2756.38,2157.94,0.0,1257.81,953.3,demo,True
2026-05-08 20:00:00,36727.28,37087.22,2938.59,7621.05,5192.01,3043.16,6201.44,7637.4,2757.48,2327.13,0.0,1293.26,1014.28,demo,True
2026-05-08 21:00:00,34260.72,34492.2,2952.55,4587.21,4984.78,2897.58,6814.1,7833.67,2789.92,2400.03,0.0,1249.91,935.0,demo,True
2026-05-08 22:00:00,32502.94,32766.47,2685.64,4213.12,5120.16,2663.62,5287.47,8480.3,2808.03,1996.95,0.0,1221.2,975.61,demo,True
2026-05-08 23:00:00,31268.42,31761.18,2663.14,1500.0,5223.71,2617.18,6219.18,8080.01,2711.36,3165.18,0.0,1278.85,965.71,demo,True
2026-05-09 00:00:00,27105.77,31475.28,2460.59,1500.0,5148.87,3136.58,5831.36,7845.41,2779.19,3007.2,0.0,1281.58,945.09,demo,True
2026-05-09 01:00:00,25073.46,31263.81,1980.7,1500.0,5004.43,2612.59,6932.67,7763.8,2789.87,2448.0,0.0,1255.81,956.65,demo,True
2026-05-09 02:00:00,25772.02,31896.12,2439.7,1500.0,5324.67,2700.41,6807.57,7883.65,2474.45,2958.95,0.0,1243.84,1002.58,demo,True
2026-05-09 03:00:00,26320.07,31538.93,2270.55,1500.0,5248.97,2867.05,6137.98,7916.24,2847.82,2788.68,0.0,1265.56,966.61,demo,True
2026-05-09 04:00:00,27723.94,32040.6,2395.5,1500.0,5302.16,2760.6,6601.25,7789.98,2792.49,3078.11,0.0,1244.72,971.29,demo,True
2026-05-09 05:00:00,28863.59,31832.24,2643.43,1500.0,5383.31,2903.28,6920.6,7993.27,2846.39,2088.76,0.0,1198.61,998.03,demo,True
2026-05-09 06:00:00,31486.9,31549.74,2774.14,1655.63,5155.66,2535.8,6975.02,7661.32,2628.42,2732.49,0.0,1264.09,941.32,demo,True
2026-05-09 07:00:00,31201.7,32324.97,2652.08,1500.0,5156.09,2762.13,6357.97,7654.6,2749.03,2822.31,1131.94,1272.31,918.59,demo,True
2026-05-09 08:00:00,33960.8,33990.0,2811.42,1693.05,5585.44,2921.98,5726.9,7941.19,2659.97,3210.71,1961.68,1286.03,1003.05,demo,True
2026-05-09 09:00:00,34759.2,35037.63,2886.22,2778.03,4954.56,2922.59,6185.51,7596.89,2884.26,2633.68,2896.27,1231.73,954.1,demo,True
2026-05-09 10:00:00,36117.62,36694.0,3022.26,4540.35,4712.86,2696.96,6768.15,8008.57,2630.2,1748.34,3356.12,1255.65,976.81,demo,True
2026-05-09 11:00:00,35873.66,36321.91,2992.84,1908.38,5344.44,2616.09,7234.61,7839.18,2691.21,2509.15,3995.53,1256.19,927.13,demo,True
2026-05-09 12:00:00,36131.83,36473.51,2870.45,2500.45,5036.37,2838.47,6480.99,7434.26,2870.54,3072.39,4026.27,1252.13,961.66,demo,True
2026-05-09 13:00:00,37456.69,37751.64,2877.18,4210.38,4919.89,2563.76,6287.61,7854.51,2734.6,3188.9,3822.03,1252.87,917.09,demo,True
2026-05-09 14:00:00,35967.03,37036.53,2832.22,1500.0,5430.16,3031.17,7339.78,7453.65,2702.36,4053.92,3322.64,1250.93,951.91,demo,True
2026-05-09 15:00:00,36429.65,36517.41,2894.96,2576.4,5162.36,2828.33,6642.01,7970.84,2926.15,3559.47,2666.0,1255.29,930.56,demo,True
2026-05-09 16:00:00,36087.22,36291.53,2880.17,4537.08,4871.47,2674.57,6070.28,7757.44,2934.57,3365.76,1888.16,1268.52,923.67,demo,True
2026-05-09 17:00:00,36329.17,36682.65,2816.32,4057.75,5703.09,2610.19,6458.38,8213.2,2910.94,3366.48,1141.21,1280.51,940.91,demo,True
2026-05-09 18:00:00,36041.71,36361.86,2942.99,4974.3,4781.22,2686.05,6849.97,8035.4,2929.51,3993.12,0.0,1231.09,881.2,demo,True
2026-05-09 19:00:00,35684.09,36076.06,2766.33,6175.35,5177.46,2518.85,6475.37,7560.06,2803.17,3204.91,0.0,1245.69,915.2,demo,True
2026-05-09 20:00:00,35004.05,35473.59,2870.06,5243.43,4708.79,2889.06,6778.03,7342.5,2809.64,3489.24,0.0,1239.43,973.47,demo,True
2026-05-09 21:00:00,33677.27,33898.74,2792.64,4389.66,5270.37,2655.49,5938.25,7614.53,2759.59,3074.57,0.0,1235.86,960.43,demo,True
2026-05-09 22:00:00,30755.9,32285.52,2585.91,1500.0,5033.31,2871.94,5998.04,7505.52,2860.57,4388.75,0.0,1209.6,917.77,demo,True
2026-05-09 23:00:00,28913.18,33154.94,2555.75,1500.0,5413.01,2896.76,6242.8,8169.36,2780.12,3935.85,0.0,1250.61,966.44,demo,True
2026-05-10 00:00:00,25921.26,32255.78,2389.1,1500.0,5195.48,2973.88,6401.23,7758.87,2794.44,3446.24,0.0,1261.98,923.65,demo,True
2026-05-10 01:00:00,25457.47,33415.49,2496.13,1500.0,5551.16,2845.33,6616.88,7959.89,2921.27,3803.17,0.0,1246.12,971.66,demo,True
2026-05-10 02:00:00,25749.04,33364.92,2261.87,1500.0,5088.27,3002.54,6722.87,7685.18,2994.23,4175.53,0.0,1249.78,946.53,demo,True
2026-05-10 03:00:00,26125.99,33355.87,2362.44,1500.0,4782.82,3049.5,7363.14,7701.66,2902.6,3855.45,0.0,1260.46,940.25,demo,True
2026-05-10 04:00:00,26876.65,32655.7,2387.34,1500.0,5261.75,2846.48,6241.51,7727.26,3072.77,3773.38,0.0,1285.28,947.27,demo,True
2026-05-10 05:00:00,29123.47,32667.41,2507.24,1500.0,5134.34,2857.33,6390.1,7971.08,2775.36,3772.9,0.0,1239.51,1026.79,demo,True
2026-05-10 06:00:00,30886.04,32085.65,2466.03,1500.0,4726.99,2699.65,6251.27,7789.36,2641.97,4328.45,0.0,1220.71,927.24,demo,True
2026-05-10 07:00:00,33368.47,33728.6,2609.27,1500.0,4925.6,2622.23,6877.79,7481.31,2950.7,4038.3,1128.15,1247.74,956.8,demo,True
2026-05-10 08:00:00,34395.88,35529.98,2766.17,1500.0,5008.35,3030.77,6896.88,8063.94,2774.67,4048.12,1936.72,1297.09,973.44,demo,True
2026-05-10 09:00:00,35127.11,35475.34,2666.04,1658.55,5604.4,2909.03,6343.32,7635.59,2836.71,3663.88,2681.75,1220.98,921.13,demo,True
2026-05-10 10:00:00,36279.26,37487.15,2833.29,1500.0,5383.94,2923.63,7223.01,7592.78,2659.36,4426.77,3609.24,1266.25,902.17,demo,True
2026-05-10 11:00:00,34232.25,35870.9,2678.05,1500.0,5109.59,2693.67,6251.89,7063.44,2765.94,4352.43,3923.03,1278.95,931.97,demo,True
2026-05-10 12:00:00,36526.16,37855.8,2842.31,1500.0,5322.43,3092.31,6860.47,7818.4,2695.61,4336.26,4066.68,1190.86,972.78,demo,True
2026-05-10 13:00:00,33595.27,37513.98,2797.04,1500.0,4669.74,2758.85,7009.08,7693.91,2825.71,4649.39,4207.31,1260.26,939.74,demo,True
2026-05-10 14:00:00,34889.41,36517.2,2663.85,1500.0,5053.12,2655.67,6023.45,7686.48,2832.35,4975.7,3582.28,1265.09,943.07,demo,True
2026-05-10 15:00:00,36466.23,36897.46,2945.92,1742.25,5304.26,2696.74,6702.17,7568.65,2892.28,5002.88,2767.59,1243.32,977.32,demo,True
2026-05-10 16:00:00,36594.08,36585.17,2834.68,3031.56,5243.0,3082.81,5546.23,7523.45,3031.96,4977.48,1989.02,1233.84,925.81,demo,True
2026-05-10 17:00:00,35472.47,35818.48,2802.78,3051.97,5059.77,2600.01,6788.47,7561.39,2966.05,4628.33,979.92,1235.23,947.34,demo,True
2026-05-10 18:00:00,35549.03,35864.62,2913.6,4808.83,5190.04,2664.8,6114.44,7737.24,2691.71,4511.18,0.0,1241.79,904.58,demo,True
2026-05-10 19:00:00,36339.65,36928.13,2897.05,4371.31,5287.91,3321.73,6698.61,7768.57,2960.8,4317.13,0.0,1242.45,959.62,demo,True
2026-05-10 20:00:00,33859.51,34209.78,2678.94,2026.39,5197.57,2969.39,6764.25,7569.71,2902.63,4585.23,0.0,1237.73,956.89,demo,True
2026-05-10 21:00:00,34104.14,34332.43,2728.49,1500.0,5423.86,2668.05,6892.05,7821.85,2878.78,4932.59,0.0,1241.39,973.87,demo,True
2026-05-10 22:00:00,30547.82,33441.18,2409.33,1500.0,5282.86,2605.34,6811.58,7588.22,2889.01,4568.76,0.0,1279.77,915.64,demo,True
2026-05-10 23:00:00,28796.12,33467.02,2499.64,1500.0,5332.92,2498.91,6519.56,7487.13,2917.42,5047.19,0.0,1219.64,944.24,demo,True
2026-05-11 00:00:00,30368.67,33444.55,2282.9,1500.0,5645.52,2817.48,6366.83,7634.15,2810.9,4551.75,0.0,1206.27,911.65,demo,True
2026-05-11 01:00:00,28120.7,32937.08,2523.41,1500.0,5415.15,2931.04,6473.96,7283.83,2873.01,4237.29,0.0,1280.17,942.62,demo,True
2026-05-11 02:00:00,26899.19,34748.14,2413.91,1500.0,5652.65,3073.38,6109.4,7626.46,3037.85,5508.74,0.0,1245.2,994.45,demo,True
2026-05-11 03:00:00,27953.0,32522.37,2563.23,1500.0,5025.3,2459.08,6425.91,7228.32,2812.11,4890.98,0.0,1240.29,940.38,demo,True
2026-05-11 04:00:00,29213.6,32246.07,2684.09,1500.0,4785.97,2561.43,6398.26,7333.8,2773.71,4736.66,0.0,1247.22,909.02,demo,True
2026-05-11 05:00:00,30057.68,32482.6,2625.0,1500.0,5163.53,2778.48,6224.12,7108.06,2890.52,4633.05,0.0,1255.23,929.6,demo,True
2026-05-11 06:00:00,32873.42,33655.02,2630.9,1500.0,5141.34,3301.78,5890.58,7505.89,2762.81,5414.04,0.0,1236.9,901.67,demo,True
2026-05-11 07:00:00,34518.72,35875.29,2958.05,1500.0,5579.45,2959.46,6053.07,7890.75,2692.21,5910.26,1116.32,1262.65,911.13,demo,True
2026-05-11 08:00:00,37350.38,37289.48,2829.25,4538.28,4906.19,2867.1,5397.46,7503.05,2857.99,5039.24,1984.09,1225.94,970.13,demo,True
2026-05-11 09:00:00,37910.33,38178.43,2781.64,3182.69,5179.49,2579.51,6392.24,7662.55,3073.45,5148.63,2810.79,1242.45,906.61,demo,True
2026-05-11 10:00:00,38356.21,38620.68,3122.65,1999.7,5305.35,2418.4,6626.17,8030.59,2895.2,5805.5,3385.76,1194.63,959.37,demo,True
2026-05-11 11:00:00,38719.34,38822.44,3054.23,4182.42,5226.03,2806.99,5561.1,7594.07,2921.39,4375.35,3925.01,1279.31,950.77,demo,True
2026-05-11 12:00:00,38924.33,38844.06,2816.41,1815.96,5155.4,2782.11,6582.85,7328.9,2644.38,6272.5,4082.29,1245.6,934.05,demo,True
2026-05-11 13:00:00,39090.93,39378.06,2867.95,1807.79,5293.23,2751.79,6457.13,7351.23,2952.53,6517.19,4023.59,1266.75,956.82,demo,True
2026-05-11 14:00:00,37906.03,38215.91,3018.37,3929.72,5480.57,2731.52,6088.14,7481.46,2911.03,3945.61,3464.07,1261.91,921.87,demo,True
2026-05-11 15:00:00,37930.88,38251.92,2885.24,3274.0,5599.29,2665.3,6349.08,7334.07,2819.83,5251.25,2720.13,1263.75,975.23,demo,True
2026-05-11 16:00:00,39543.08,39614.89,3014.27,5375.9,5208.53,2624.02,6867.78,7342.5,2920.93,4939.31,2157.06,1249.81,929.05,demo,True
2026-05-11 17:00:00,38507.53,38828.95,3202.84,5658.2,4987.88,3050.11,6159.03,7673.98,2919.36,5162.75,1019.52,1259.71,938.41,demo,True
2026-05-11 18:00:00,37565.71,37783.57,3181.77,5329.64,5598.98,2640.42,6527.6,7674.91,2771.34,5079.87,0.0,1225.97,934.84,demo,True
2026-05-11 19:00:00,38200.94,38606.54,3039.81,6420.78,4919.82,2750.29,6621.31,7078.74,2937.75,5686.45,0.0,1220.72,970.68,demo,True
2026-05-11 20:00:00,37032.69,37107.22,2938.96,4715.38,5665.55,2792.97,6212.23,7252.94,3040.95,5213.4,0.0,1247.47,966.33,demo,True
2026-05-11 21:00:00,33972.59,34429.63,2852.1,2002.87,5549.48,2927.13,6852.89,7322.72,2869.22,4800.96,0.0,1233.01,871.35,demo,True
2026-05-11 22:00:00,33219.8,34113.31,2662.56,1500.0,5587.24,2646.67,6641.34,7548.44,2791.67,5154.68,0.0,1285.64,957.63,demo,True
2026-05-11 23:00:00,31535.4,34436.85,2414.34,1500.0,5378.2,2976.05,6411.83,7659.94,2873.58,5480.2,0.0,1259.38,897.66,demo,True
2026-05-12 00:00:00,29508.93,33947.24,2257.96,1500.0,4650.75,2695.66,7327.13,7994.7,2996.48,4610.66,0.0,1232.09,939.76,demo,True
2026-05-12 01:00:00,28481.37,32637.23,2454.2,1500.0,4929.83,2770.86,6854.4,7289.61,2745.71,4356.85,0.0,1243.21,946.75,demo,True
2026-05-12 02:00:00,26627.84,34383.23,2415.27,1500.0,5279.79,3095.76,5909.84,7292.37,2961.16,6151.55,0.0,1253.33,939.44,demo,True
2026-05-12 03:00:00,28271.54,32848.18,2436.97,1500.0,5024.33,2625.54,6363.79,7505.07,2809.16,4806.97,0.0,1248.3,965.02,demo,True
2026-05-12 04:00:00,29036.69,34305.37,2564.99,1500.0,5118.03,2929.76,7363.32,7217.23,2918.27,5030.36,0.0,1256.79,971.6,demo,True
2026-05-12 05:00:00,30685.04,33191.95,2656.92,1500.0,5359.33,2980.83,6156.24,7328.03,2820.12,4868.89,0.0,1251.72,926.8,demo,True
2026-05-12 06:00:00,33671.89,33706.59,2862.7,1644.55,5155.81,2855.78,6523.22,7259.45,2818.33,5308.52,0.0,1215.23,925.71,demo,True
2026-05-12 07:00:00,36083.75,36628.54,2890.5,3152.9,4883.05,2778.84,6930.85,6765.69,3067.6,5885.56,1018.9,1196.23,948.92,demo,True
2026-05-12 08:00:00,37969.39,38184.61,3004.75,3293.15,5430.27,3182.63,6728.31,7361.25,2714.11,5251.87,2078.68,1240.66,903.69,demo,True
2026-05-12 09:00:00,38816.47,39060.27,3033.01,4698.8,5333.87,2797.51,6778.76,7285.69,2939.73,4163.58,2862.61,1264.01,935.69,demo,True
2026-05-12 10:00:00,38487.35,38956.6,2977.71,3866.96,5135.26,2836.73,6758.16,7597.14,3087.46,4189.74,3253.76,1240.94,990.44,demo,True
2026-05-12 11:00:00,39050.57,39664.44,2890.79,4320.38,5384.93,2739.43,6508.89,7310.33,2960.09,4639.6,3615.06,1280.91,904.81,demo,True
2026-05-12 12:00:00,39314.92,39641.03,3157.32,4952.7,5224.71,2827.19,6222.69,7024.72,2716.15,4660.57,3823.67,1248.83,939.8,demo,True
2026-05-12 13:00:00,38753.99,39213.64,2994.26,4285.23,5546.15,2973.54,6652.17,7235.62,2720.06,3887.69,3697.02,1283.93,932.23,demo,True
2026-05-12 14:00:00,38707.37,38791.71,2967.84,3862.72,5239.31,2750.45,6359.03,6823.99,2781.54,5110.78,3574.93,1278.8,1010.16,demo,True
2026-05-12 15:00:00,39246.62,39401.32,3023.75,6188.53,5544.22,2420.46,6331.53,7009.24,2888.5,4108.94,2699.75,1276.28,933.86,demo,True
2026-05-12 16:00:00,38738.31,38744.87,2899.22,4152.96,4712.85,2892.44,7018.87,7407.07,2894.4,5348.35,2162.42,1219.91,935.61,demo,True
2026-05-12 17:00:00,38295.67,38452.86,3011.05,5620.18,5319.4,2605.9,6366.65,7204.45,2712.34,5460.32,994.13,1250.43,919.08,demo,True
2026-05-12 18:00:00,38277.37,38629.11,3097.03,6686.86,5096.56,2933.54,7097.15,7453.42,2757.79,4372.96,0.0,1280.57,950.28,demo,True
2026-05-12 19:00:00,38344.0,38632.19,2997.39,7816.48,4976.65,2799.76,6589.87,6809.34,2762.65,4662.53,0.0,1256.81,958.11,demo,True
2026-05-12 20:00:00,36720.43,37281.31,3063.05,6390.7,5501.21,2969.76,6444.3,7180.31,2835.76,3771.98,0.0,1263.86,923.43,demo,True
2026-05-12 21:00:00,35292.24,35912.09,2825.53,4935.47,5431.16,2629.3,5863.85,7120.63,3092.97,4643.75,0.0,1215.3,979.66,demo,True
2026-05-12 22:00:00,33538.22,33763.65,2615.63,2690.5,4678.32,2703.66,7241.95,7427.12,2740.1,4025.91,0.0,1297.97,958.13,demo,True
2026-05-12 23:00:00,30768.11,32090.68,2717.57,1500.0,5386.03,2738.79,6497.91,7356.42,2732.05,3673.71,0.0,1230.22,975.56,demo,True
2026-05-13 00:00:00,29786.23,31299.22,2543.65,1500.0,5354.48,2533.19,5705.23,7341.3,2710.43,4014.31,0.0,1200.14,940.16,demo,True
2026-05-13 01:00:00,28314.17,32873.87,2533.29,1500.0,5012.0,3000.06,6845.7,7530.7,2919.73,3867.16,0.0,1241.22,957.3,demo,True
2026-05-13 02:00:00,26756.46,31420.81,2446.13,1500.0,4982.82,2507.42,6482.43,7102.19,2835.49,3878.04,0.0,1188.81,943.61,demo,True
2026-05-13 03:00:00,29059.43,32328.54,2397.83,1500.0,4786.45,2997.52,6174.04,7468.48,2729.81,4455.64,0.0,1222.87,993.73,demo,True
2026-05-13 04:00:00,28908.01,31837.33,2451.67,1500.0,5112.24,2876.39,6825.91,6936.62,2790.66,3528.05,0.0,1313.96,953.49,demo,True
2026-05-13 05:00:00,29874.43,31600.8,2619.03,1500.0,5153.85,2764.2,5607.94,6920.15,2735.98,4727.91,0.0,1240.5,950.26,demo,True
2026-05-13 06:00:00,32340.97,32371.63,2859.48,2385.88,5407.22,2862.12,6250.07,7315.14,2863.17,3137.47,0.0,1214.31,936.25,demo,True
2026-05-13 07:00:00,34343.53,34584.36,2786.28,2359.1,5270.04,2857.19,6395.21,6810.09,3146.41,4547.32,1013.84,1250.63,934.52,demo,True
2026-05-13 08:00:00,36759.85,36973.69,2886.05,5129.94,4924.42,2727.92,6798.27,7258.75,2886.95,3171.04,1891.7,1227.55,957.13,demo,True
2026-05-13 09:00:00,37714.41,38014.26,3129.87,3833.72,5262.11,2853.67,7284.09,7146.64,2806.18,3618.69,2962.96,1271.61,974.59,demo,True
2026-05-13 10:00:00,38338.38,38564.76,2958.73,5161.22,5133.95,2931.61,6414.33,7351.78,2733.97,3314.29,3366.39,1227.76,929.46,demo,True
2026-05-13 11:00:00,39247.46,39190.87,3097.31,5856.78,4956.95,2629.96,6660.98,7094.52,2648.92,3328.1,3804.11,1256.77,953.8,demo,True
2026-05-13 12:00:00,45660.48,38895.86,3962.59,4005.24,4786.73,2862.32,7461.94,7111.56,2894.46,3841.71,3755.06,1221.32,955.53,demo,True
2026-05-13 13:00:00,38900.4,39283.13,3050.12,4685.78,5362.45,2327.26,6501.66,7202.91,2884.17,4132.59,3910.59,1314.98,960.75,demo,True
2026-05-13 14:00:00,38912.71,39043.41,2963.47,5555.3,5316.06,2452.67,6663.87,6936.74,2742.88,3920.26,3294.26,1262.59,898.78,demo,True
2026-05-13 15:00:00,39111.29,39319.51,3048.32,7083.38,5344.76,2901.61,6066.93,6918.82,2940.51,3065.66,2829.21,1246.36,922.26,demo,True
2026-05-13 16:00:00,37314.24,37463.8,2922.28,5226.45,5010.66,2724.79,7185.71,7170.24,2793.48,3304.18,1896.6,1242.68,909.02,demo,True
2026-05-13 17:00:00,38561.06,38646.72,3140.35,8488.53,5244.48,2646.38,6250.46,7051.1,2879.9,2765.92,1132.79,1236.16,950.99,demo,True
2026-05-13 18:00:00,37051.35,37132.18,3028.43,8366.21,4842.41,2790.46,6594.0,6959.64,2818.39,2607.14,0.0,1230.98,922.97,demo,True
2026-05-13 19:00:00,37935.51,38369.08,3152.55,9690.34,4943.49,2728.73,6584.08,7022.74,2757.44,2476.85,0.0,1230.29,935.11,demo,True
2026-05-13 20:00:00,36725.09,36932.04,2910.71,7542.32,5208.77,2622.05,6529.87,7383.48,2659.91,2779.51,0.0,1291.96,914.17,demo,True
2026-05-13 21:00:00,35795.96,36160.22,2911.07,7112.53,5268.21,2504.97,6347.99,6926.95,2752.77,3072.71,0.0,1236.18,937.9,demo,True
2026-05-13 22:00:00,33910.51,34298.95,2888.97,6656.93,4776.51,2445.73,6584.46,6912.33,2866.96,1942.98,0.0,1196.76,916.28,demo,True
2026-05-13 23:00:00,31182.44,31489.42,2723.22,2161.71,4925.04,2932.98,7115.07,6632.31,2700.57,2828.16,0.0,1220.85,972.74,demo,True
2026-05-14 00:00:00,28916.61,32228.47,2371.44,1500.0,5105.0,2723.95,7298.33,6990.41,2809.88,3563.33,0.0,1273.19,964.38,demo,True
2026-05-14 01:00:00,28398.59,31641.25,2502.51,1500.0,5449.21,2974.52,6438.7,7136.05,2622.7,3321.87,0.0,1243.69,954.51,demo,True
2026-05-14 02:00:00,27261.29,30175.62,2336.98,1500.0,4988.59,2722.12,6342.69,7167.32,2841.7,2425.6,0.0,1246.65,940.94,demo,True
2026-05-14 03:00:00,28058.84,29744.36,2547.32,1500.0,5236.55,2863.89,6216.93,6999.01,2781.06,1978.8,0.0,1279.25,888.87,demo,True
2026-05-14 04:00:00,29958.82,31788.17,2739.12,1500.0,5263.8,2777.43,7440.15,7177.35,2594.61,2868.01,0.0,1230.57,936.25,demo,True
2026-05-14 05:00:00,30652.56,30733.62,2394.2,2783.26,5135.08,2808.0,6545.09,7119.82,2707.29,1442.12,0.0,1265.81,927.16,demo,True
2026-05-14 06:00:00,33646.48,33943.86,2725.01,3618.94,5269.69,2816.75,6890.26,7195.7,2841.2,3120.6,0.0,1233.3,957.42,demo,True
2026-05-14 07:00:00,35542.44,35462.13,2924.28,5732.54,4850.32,2719.77,6743.83,7159.32,2573.56,2425.42,1024.38,1264.4,968.59,demo,True
2026-05-14 08:00:00,36064.98,36567.16,2900.93,4327.22,5029.5,2578.67,7272.94,7280.12,2591.29,3416.61,1870.86,1240.22,959.74,demo,True
2026-05-14 09:00:00,38597.83,38735.63,3165.46,7654.06,5572.93,2937.9,6413.3,6889.36,2706.58,1608.33,2721.3,1243.96,987.89,demo,True
2026-05-14 10:00:00,39073.16,39235.92,3081.67,6258.57,5591.24,3086.84,6112.53,6626.73,2965.99,2903.9,3486.67,1270.5,932.95,demo,True
2026-05-14 11:00:00,38895.02,38898.89,3008.56,4725.97,5419.16,3098.66,7150.81,7056.72,2624.31,2369.78,4253.09,1268.7,931.71,demo,True
2026-05-14 12:00:00,38264.51,38507.98,2922.79,4805.15,5486.1,2700.41,6816.16,7074.47,2759.43,2231.95,4407.31,1245.86,981.14,demo,True
2026-05-14 13:00:00,38087.72,38289.43,2907.0,6139.04,4725.26,2668.03,6659.7,7240.22,2726.16,1692.27,4245.56,1238.21,954.99,demo,True
2026-05-14 14:00:00,38259.47,38837.56,2960.53,6009.66,4953.34,2700.23,7037.32,7168.8,2619.1,2657.1,3459.44,1289.98,942.59,demo,True
2026-05-14 15:00:00,39069.81,39474.47,3035.65,7294.18,5119.11,2768.35,6679.67,7307.04,2704.04,2681.66,2650.3,1264.73,1005.4,demo,True
2026-05-14 16:00:00,38130.87,38288.23,3070.47,5594.88,5828.07,2790.56,7049.47,7007.56,2625.78,3222.88,1961.49,1240.22,967.33,demo,True
2026-05-14 17:00:00,39132.43,39082.51,3109.74,9211.4,5118.6,2620.37,6586.31,6913.71,2631.37,2823.45,999.34,1233.67,944.28,demo,True
2026-05-14 18:00:00,37718.27,37557.21,3019.16,9574.59,5393.68,2533.65,6815.68,6550.89,2469.69,2013.99,0.0,1275.62,929.42,demo,True
2026-05-14 19:00:00,37777.42,37842.69,2984.94,9429.05,5298.38,2808.99,6684.24,6915.61,2660.82,1802.93,0.0,1252.89,989.8,demo,True
2026-05-14 20:00:00,36815.09,36825.47,2958.7,9678.24,5292.59,2164.53,6386.15,6718.55,2766.32,1616.97,0.0,1245.91,956.21,demo,True
2026-05-14 21:00:00,36785.68,37098.43,2943.59,7915.44,5193.88,2781.88,6428.11,6878.93,2659.96,3036.61,0.0,1252.87,950.74,demo,True
2026-05-14 22:00:00,32125.05,32348.96,2651.88,4712.39,4887.99,2629.95,6362.5,6836.73,2778.54,1912.13,0.0,1258.44,970.29,demo,True
2026-05-14 23:00:00,32080.91,32334.02,2752.4,3400.23,4497.7,2940.43,6592.92,6920.88,2711.9,3044.98,0.0,1248.58,976.4,demo,True
2026-05-15 00:00:00,29381.75,30600.14,2663.42,1500.0,5533.28,2988.57,6340.47,6788.09,2629.66,2573.47,0.0,1280.09,966.5,demo,True
2026-05-15 01:00:00,28356.8,30491.1,2375.35,1500.0,5039.71,2992.82,6652.56,7007.64,2555.98,2484.38,0.0,1281.48,976.52,demo,True
2026-05-15 02:00:00,27723.68,28759.36,2555.06,1500.0,4714.55,2737.64,6640.67,6195.32,2567.47,2176.88,0.0,1263.3,963.54,demo,True
2026-05-15 03:00:00,28381.12,30178.82,2544.04,1500.0,5313.87,2595.67,6571.8,6828.71,2443.82,2673.92,0.0,1284.37,966.65,demo,True
2026-05-15 04:00:00,29170.95,30196.57,2542.42,1500.0,5308.89,2653.37,6577.88,7044.01,2582.67,2351.49,0.0,1250.21,928.05,demo,True
2026-05-15 05:00:00,32070.83,32255.05,2841.52,3427.53,5399.65,2851.77,6301.84,7183.45,2626.66,2192.59,0.0,1267.26,1004.31,demo,True
2026-05-15 06:00:00,32772.97,33102.83,2727.0,4039.05,5490.09,2503.74,6401.31,6925.68,2809.38,2745.48,0.0,1275.11,912.99,demo,True
2026-05-15 07:00:00,35870.82,35764.99,2958.49,6480.57,4961.06,3050.84,5915.29,7127.98,2661.3,2348.04,985.15,1275.48,959.28,demo,True
2026-05-15 08:00:00,36292.28,36172.0,2955.91,6431.48,4972.5,2740.49,6458.05,6787.17,2488.46,2045.66,2065.4,1272.9,909.9,demo,True
2026-05-15 09:00:00,37883.92,38192.83,3028.58,7145.4,5117.14,2890.03,6154.97,6743.36,2413.85,2771.73,2743.52,1265.78,947.06,demo,True
2026-05-15 10:00:00,37843.79,38282.26,3054.34,6442.39,5413.63,2479.34,6534.95,6851.98,2556.1,2468.97,3303.11,1298.93,932.86,demo,True
2026-05-15 11:00:00,39152.19,39359.31,3077.13,7244.39,4653.31,2633.32,6249.93,6727.61,2672.59,2776.67,4210.89,1236.51,954.07,demo,True
2026-05-15 12:00:00,39819.73,40455.87,3181.69,9625.32,5233.33,2456.98,5782.26,6549.05,2542.99,2338.59,3720.96,1246.12,960.25,demo,True
2026-05-15 13:00:00,38645.01,38635.2,3000.86,5571.68,5442.35,2983.81,7288.36,6600.71,2628.76,1996.28,3957.31,1244.64,921.31,demo,True
2026-05-15 14:00:00,38508.01,38635.62,2980.15,5782.22,5431.62,2771.16,6419.0,6462.33,2536.24,3505.63,3537.5,1240.8,949.12,demo,True
2026-05-15 15:00:00,37919.76,38194.98,2948.05,5067.53,5384.23,2902.83,7006.47,6816.23,2638.25,3450.54,2736.81,1200.28,991.81,demo,True
2026-05-15 16:00:00,38649.3,38982.89,3048.15,7966.17,5476.38,2811.41,6315.55,6695.52,2354.77,3160.09,2008.0,1284.37,910.63,demo,True
2026-05-15 17:00:00,37721.21,37866.11,3138.07,8374.61,4485.73,2884.33,7094.34,6606.82,2733.16,2567.01,971.39,1224.35,924.38,demo,True
2026-05-15 18:00:00,37958.49,38017.82,3041.27,9721.03,5619.5,2739.26,6096.91,6554.53,2401.36,2655.16,0.0,1254.25,975.82,demo,True
2026-05-15 19:00:00,38089.02,38450.66,3128.41,8722.73,5285.91,2763.36,6561.61,6783.47,2624.31,3542.5,0.0,1214.45,952.33,demo,True
2026-05-15 20:00:00,37671.64,37945.63,3082.59,9227.55,5547.01,2783.49,6117.7,6837.26,2490.6,2721.97,0.0,1265.52,954.53,demo,True
2026-05-15 21:00:00,37050.54,37238.51,2989.46,8304.33,4894.6,2873.01,7410.26,6410.1,2503.55,2631.62,0.0,1230.37,980.67,demo,True
2026-05-15 22:00:00,32688.56,33028.34,2849.19,4060.08,4744.01,2877.78,6412.76,6368.82,2482.7,3934.42,0.0,1221.6,926.18,demo,True
2026-05-15 23:00:00,32065.21,32290.66,2763.18,1922.8,5664.46,3306.06,6789.96,6855.45,2536.49,3026.16,0.0,1254.86,934.42,demo,True
2026-05-16 00:00:00,26957.49,31261.06,2396.01,1500.0,4959.1,3102.69,6657.7,6336.33,2554.9,3987.13,0.0,1232.48,930.72,demo,True
2026-05-16 01:00:00,25473.11,29596.97,2312.44,1500.0,5119.18,2479.82,6491.07,6752.75,2621.19,2457.77,0.0,1235.65,939.55,demo,True
2026-05-16 02:00:00,25453.65,31647.04,2318.76,1500.0,5337.14,2774.24,6681.2,6981.52,2657.32,3471.14,0.0,1254.29,990.19,demo,True
2026-05-16 03:00:00,25623.15,32574.15,2178.42,1500.0,5400.95,2726.94,6975.71,6975.58,2522.37,4303.63,0.0,1270.0,898.97,demo,True
2026-05-16 04:00:00,26865.8,31685.93,2323.29,1500.0,5480.39,3030.42,6733.87,6775.27,2682.38,3339.87,0.0,1229.54,914.17,demo,True
2026-05-16 05:00:00,28277.16,30687.65,2513.16,1500.0,5258.08,2743.17,6556.86,6762.53,2482.09,3250.67,0.0,1225.22,909.03,demo,True
2026-05-16 06:00:00,29623.82,30781.14,2400.51,1500.0,4925.88,2883.57,6681.76,7095.71,2594.43,2857.15,0.0,1250.59,992.05,demo,True
2026-05-16 07:00:00,31507.72,32335.14,2571.39,1500.0,5383.72,2379.33,7170.26,6080.47,2510.79,4041.13,1074.38,1263.48,931.57,demo,True
2026-05-16 08:00:00,34710.6,34963.92,2797.1,4378.34,5387.86,2527.55,6354.12,6485.69,2387.66,3174.32,2041.61,1286.57,940.2,demo,True
2026-05-16 09:00:00,35242.41,35300.69,3100.52,3938.01,4728.09,3176.61,5851.14,6768.37,2469.54,3571.79,2672.36,1223.22,901.56,demo,True
2026-05-16 10:00:00,35686.9,36227.89,2931.6,4043.2,5568.86,2809.04,6116.22,6501.41,2502.41,3062.05,3440.51,1242.05,942.13,demo,True
2026-05-16 11:00:00,36349.62,36607.15,2968.8,3460.89,4553.36,2620.28,6142.26,6842.33,2432.41,4518.05,3782.17,1279.39,976.0,demo,True
2026-05-16 12:00:00,36874.59,36884.27,2826.66,2410.94,5468.95,2843.72,6191.55,6554.95,2480.08,4377.44,4299.72,1299.33,957.59,demo,True
2026-05-16 13:00:00,36335.42,36868.33,2921.06,4059.55,5035.13,2610.45,6203.58,6586.67,2528.66,3844.61,3827.74,1225.17,946.76,demo,True
2026-05-16 14:00:00,35696.59,36190.47,2704.92,3472.5,5383.43,2748.99,6491.74,6491.39,2416.31,3343.63,3707.9,1231.53,903.05,demo,True
2026-05-16 15:00:00,37068.4,37154.82,2914.72,4422.93,5332.65,2538.53,6586.6,6431.05,2060.16,4748.76,2834.45,1259.53,940.16,demo,True
2026-05-16 16:00:00,37425.24,37617.1,3033.94,5992.98,5190.35,2658.03,6582.84,6419.89,2609.15,3857.65,2116.26,1235.56,954.41,demo,True
2026-05-16 17:00:00,36692.36,36859.99,2843.49,6933.69,5317.28,2725.06,6244.4,6594.22,2366.39,3547.44,980.25,1231.02,920.25,demo,True
2026-05-16 18:00:00,36789.06,36698.96,3038.69,7511.98,5177.52,3001.73,6847.87,6358.52,2297.68,3277.91,0.0,1256.11,969.65,demo,True
2026-05-16 19:00:00,36309.64,36618.08,3000.29,6513.22,5385.63,2883.53,6687.06,6733.05,2255.97,3894.34,0.0,1288.74,976.55,demo,True
2026-05-16 20:00:00,35049.4,35451.53,2833.13,5009.44,5768.17,2914.93,7053.46,6661.54,2344.91,3547.68,0.0,1217.26,934.14,demo,True
2026-05-16 21:00:00,33023.96,33392.2,2669.48,3603.04,4851.28,2795.36,6796.37,6754.24,2312.19,4020.5,0.0,1287.46,971.77,demo,True
2026-05-16 22:00:00,31028.01,31283.91,2545.64,2100.21,4371.08,2948.11,6377.66,6258.6,2285.74,4760.15,0.0,1235.63,946.71,demo,True
2026-05-16 23:00:00,28934.26,31104.57,2474.55,1500.0,5091.92,2642.77,6956.92,6127.74,2286.82,4255.34,0.0,1258.64,984.41,demo,True
2026-05-17 00:00:00,26028.72,31735.94,2302.41,1500.0,5074.15,2668.11,6595.76,6495.43,2426.76,4674.93,0.0,1289.77,1011.02,demo,True
2026-05-17 01:00:00,26079.49,32348.4,2381.97,1500.0,5101.83,2873.37,6779.29,7128.87,2601.38,4188.33,0.0,1258.13,917.19,demo,True
2026-05-17 02:00:00,24211.76,32026.29,2182.41,1500.0,4959.13,2749.75,6752.15,6764.55,2450.79,4634.28,0.0,1242.56,973.08,demo,True
2026-05-17 03:00:00,25033.59,32891.03,2415.41,1500.0,5426.83,2797.51,6456.49,6358.91,2481.64,5612.55,0.0,1267.95,989.15,demo,True
2026-05-17 04:00:00,27711.02,31206.41,2568.64,1500.0,4840.85,2770.46,6536.14,6569.25,2296.28,4526.87,0.0,1245.67,920.88,demo,True
2026-05-17 05:00:00,29161.15,32413.27,2527.07,1500.0,5317.2,3025.62,6454.02,6630.97,2348.8,4940.88,0.0,1263.03,932.75,demo,True
2026-05-17 06:00:00,31653.68,31868.99,2636.25,2530.23,5366.0,3035.0,6201.47,6164.95,2382.13,4011.92,0.0,1244.88,932.41,demo,True
2026-05-17 07:00:00,32408.09,33054.29,2606.74,1500.0,5282.28,2687.29,5749.36,6762.48,2246.55,5599.14,1009.65,1271.53,946.02,demo,True
2026-05-17 08:00:00,33456.76,33730.09,2751.82,1988.22,5326.66,2483.22,6257.17,6419.55,2269.39,4643.2,2188.23,1215.14,939.31,demo,True
2026-05-17 09:00:00,35277.79,35465.15,2854.06,1500.0,5446.81,2671.93,6569.71,6431.73,2417.85,5448.03,2810.38,1224.66,944.05,demo,True
2026-05-17 10:00:00,36185.59,36465.58,2844.37,2055.14,5213.93,2638.55,6879.95,6452.27,2440.99,4900.32,3694.51,1214.78,975.14,demo,True
2026-05-17 11:00:00,36408.96,37028.95,2825.97,1500.0,5109.91,2949.71,6778.6,6694.26,2313.15,5304.95,4236.66,1248.59,893.13,demo,True
2026-05-17 12:00:00,37121.72,37503.56,2947.76,2681.73,5326.46,2965.69,6402.14,6271.81,2156.58,5369.98,4196.63,1211.76,920.78,demo,True
2026-05-17 13:00:00,35966.27,36345.89,2867.69,3074.98,5356.1,2614.41,6261.94,6057.97,2259.51,4841.56,3676.62,1232.7,970.1,demo,True
2026-05-17 14:00:00,36412.26,36661.22,2819.07,2116.44,5431.32,2664.19,6437.04,6500.18,2117.05,5644.99,3561.11,1222.31,966.58,demo,True
2026-05-17 15:00:00,35527.96,35661.01,2862.99,4320.77,4754.78,2533.78,6158.75,5975.21,2294.1,4748.69,2669.7,1286.99,918.24,demo,True
2026-05-17 16:00:00,36645.03,36951.03,2859.96,4684.47,5152.28,2824.19,5759.66,6354.33,2310.84,5544.14,2129.09,1225.23,966.79,demo,True
2026-05-17 17:00:00,36358.35,36448.57,2853.26,5654.09,4923.0,2791.92,5959.2,6677.52,2242.87,4984.87,1007.47,1217.84,989.81,demo,True
2026-05-17 18:00:00,35592.63,35848.85,2886.5,4158.48,5345.85,2942.04,6981.16,6539.7,2299.57,5377.3,0.0,1256.21,948.53,demo,True
2026-05-17 19:00:00,35285.19,35507.86,2820.44,3922.2,5388.94,2889.48,7150.05,6637.58,2315.86,4991.81,0.0,1292.17,919.76,demo,True
2026-05-17 20:00:00,34139.41,34862.79,2733.98,3738.58,5128.65,2909.84,6763.88,6540.77,2291.96,5265.77,0.0,1247.1,976.25,demo,True
2026-05-17 21:00:00,32414.98,32444.11,2781.45,2418.86,5010.39,2522.44,6479.65,6930.67,2112.31,4719.07,0.0,1249.03,1001.69,demo,True
2026-05-17 22:00:00,31859.11,31642.75,2611.06,1500.0,5355.21,2687.26,6012.46,6267.16,2221.51,5393.46,0.0,1282.27,923.42,demo,True
2026-05-17 23:00:00,28511.58,32382.52,2631.63,1500.0,5165.36,2970.8,6443.6,6480.4,2296.55,5302.67,0.0,1271.96,951.18,demo,True
2026-05-18 00:00:00,29136.13,32475.48,2564.28,1500.0,5570.88,2703.06,6714.14,6292.74,2432.33,5018.99,0.0,1260.64,982.7,demo,True
2026-05-18 01:00:00,26630.76,32716.82,2292.97,1500.0,5660.97,2507.04,6790.46,6596.01,2205.82,5267.62,0.0,1235.44,953.46,demo,True
2026-05-18 02:00:00,27044.89,32840.08,2496.68,1500.0,5460.18,2945.44,6741.08,6368.42,2300.18,5365.79,0.0,1261.4,897.58,demo,True
2026-05-18 03:00:00,27915.66,32642.82,2372.12,1500.0,5260.49,2696.09,6923.35,6756.64,2335.14,4991.82,0.0,1215.98,963.3,demo,True
2026-05-18 04:00:00,28828.43,33195.63,2678.94,1500.0,5674.65,2991.27,7180.03,6258.31,2201.91,5234.4,0.0,1234.41,920.64,demo,True
2026-05-18 05:00:00,32050.19,32473.52,2687.56,2025.54,5262.59,2796.69,6358.24,6681.33,2359.11,4792.36,0.0,1285.79,911.88,demo,True
2026-05-18 06:00:00,33007.04,34310.43,2757.12,1500.0,5075.41,2750.1,7481.86,6499.0,2361.42,6461.93,0.0,1282.55,898.17,demo,True
2026-05-18 07:00:00,36010.17,36453.75,2891.2,4773.36,5024.41,3045.37,5793.02,6358.18,2378.72,5810.13,1023.89,1260.94,985.71,demo,True
2026-05-18 08:00:00,36816.53,37073.81,2954.78,5041.33,5017.09,2565.52,6227.59,6481.55,2264.06,5406.23,1943.71,1201.77,924.96,demo,True
2026-05-18 09:00:00,37982.16,38399.31,2955.49,3665.07,5198.34,3058.16,6570.0,6416.65,2488.31,5842.47,2980.51,1219.79,960.0,demo,True
2026-05-18 10:00:00,38562.01,38757.62,2955.23,5658.02,5320.4,2684.92,6692.16,6434.52,2127.36,4251.15,3388.71,1233.01,967.37,demo,True
2026-05-18 11:00:00,38866.33,39403.35,3083.45,6461.14,4832.06,2829.23,6436.43,6307.81,2452.24,3943.96,3939.92,1245.71,954.85,demo,True
2026-05-18 12:00:00,40041.3,40376.07,3197.47,6118.21,5083.28,2830.93,6326.48,6196.16,2285.78,5002.88,4354.72,1218.74,958.9,demo,True
2026-05-18 13:00:00,37105.44,37215.07,2821.37,2705.66,5255.34,2723.12,7270.9,6274.05,2350.72,4490.69,3939.31,1243.84,961.43,demo,True
2026-05-18 14:00:00,37274.75,37636.2,3085.59,4308.07,5367.34,2662.82,6309.77,5974.8,2147.83,5036.87,3580.37,1294.18,954.14,demo,True
2026-05-18 15:00:00,38349.78,38604.65,3071.06,5658.27,5193.26,2733.43,6143.22,6527.73,2284.0,5231.01,2646.51,1260.02,927.2,demo,True
2026-05-18 16:00:00,38849.98,39063.52,3023.67,6023.78,5263.57,2617.38,7091.79,6068.25,2350.39,5559.25,1909.13,1255.47,924.52,demo,True
2026-05-18 17:00:00,39349.24,39616.53,3090.94,8809.38,4877.98,3153.15,6797.2,6289.66,2045.23,4498.65,973.85,1224.56,946.85,demo,True
2026-05-18 18:00:00,38958.66,39343.89,3275.48,8764.39,4962.94,2713.4,6883.15,6477.74,2152.74,5234.29,0.0,1209.03,946.22,demo,True
2026-05-18 19:00:00,37691.3,37560.14,3116.43,7180.63,5184.18,3008.61,6568.55,6517.55,1912.09,5006.36,0.0,1219.3,962.88,demo,True
2026-05-18 20:00:00,37491.66,37678.49,3128.33,7931.08,5332.74,2984.89,6018.4,5940.24,2144.4,5135.66,0.0,1208.02,983.05,demo,True
2026-05-18 21:00:00,35835.23,36208.11,2903.55,6304.91,5260.14,2865.33,6529.62,6308.32,2064.72,4662.88,0.0,1251.88,960.32,demo,True
2026-05-18 22:00:00,33258.01,33552.69,2788.71,3507.93,4979.31,2775.58,5970.21,6427.61,2133.42,5573.37,0.0,1259.6,925.67,demo,True
2026-05-18 23:00:00,31764.36,31811.61,2682.11,1512.37,5138.49,2834.88,6584.81,6335.92,2507.37,4787.33,0.0,1225.87,884.57,demo,True
2026-05-19 00:00:00,29507.71,33565.15,2506.0,1500.0,5593.08,2902.99,6728.69,6618.26,2359.73,5681.78,0.0,1253.7,926.93,demo,True
2026-05-19 01:00:00,27715.94,31203.77,2455.16,1500.0,5341.51,2818.08,6876.4,6139.93,1977.98,4353.47,0.0,1286.72,909.67,demo,True
2026-05-19 02:00:00,28169.31,31025.74,2552.16,1500.0,5157.74,2517.99,6467.66,5868.18,2214.61,5072.53,0.0,1298.94,928.09,demo,True
2026-05-19 03:00:00,28187.24,31253.24,2595.18,1500.0,4933.28,2472.7,6761.83,6495.56,2241.07,4622.26,0.0,1269.26,957.27,demo,True
2026-05-19 04:00:00,29319.46,30705.31,2499.45,1500.0,5014.52,3071.62,6183.65,6197.53,2102.0,4437.83,0.0,1245.63,952.53,demo,True
2026-05-19 05:00:00,32124.06,32231.21,2567.9,2636.42,5201.71,2325.75,6838.32,5927.29,2161.37,4866.16,0.0,1268.45,1005.75,demo,True
2026-05-19 06:00:00,31416.89,31387.3,2790.34,1500.0,5271.75,2835.22,6736.1,6277.84,2170.59,4347.5,0.0,1283.8,964.49,demo,True
2026-05-19 07:00:00,34125.88,34292.69,2969.81,4969.21,5347.05,2757.7,6219.91,6582.07,1973.46,3112.06,1124.14,1199.82,1007.28,demo,True
2026-05-19 08:00:00,35952.38,36195.68,2972.64,6344.75,5300.88,2828.94,6685.63,6032.14,2008.95,2856.52,1879.37,1287.05,971.45,demo,True
2026-05-19 09:00:00,37711.82,38042.94,3133.44,4330.32,5103.74,2594.81,6881.4,6822.76,2151.12,4968.12,2971.72,1236.39,982.57,demo,True
2026-05-19 10:00:00,38455.94,38505.98,3049.54,5069.19,5067.11,2863.12,6527.53,6123.37,2140.19,4890.13,3649.49,1236.63,939.23,demo,True
2026-05-19 11:00:00,37818.54,38100.58,2882.82,3431.52,5732.22,2837.08,6212.12,6325.78,2041.12,5161.0,4200.85,1241.13,917.76,demo,True
2026-05-19 12:00:00,38158.53,38440.5,2894.21,5051.62,5055.32,3296.98,6562.21,6037.45,2028.8,4150.21,4063.38,1258.0,936.53,demo,True
2026-05-19 13:00:00,38136.57,38564.05,2904.76,6344.3,4864.16,2823.4,6693.36,6313.91,2111.4,3453.72,3787.94,1222.22,949.64,demo,True
2026-05-19 14:00:00,40406.03,40600.8,3158.65,8356.93,4773.93,3042.68,6209.49,6274.51,2226.64,3830.82,3711.76,1242.88,931.16,demo,True
2026-05-19 15:00:00,40001.22,40330.91,3108.6,9289.08,5108.17,2530.24,6147.32,5975.5,2109.33,3986.52,3001.66,1263.13,919.97,demo,True
2026-05-19 16:00:00,38561.58,38863.5,3014.46,6856.93,5444.4,2983.62,6682.57,6924.2,2311.53,3417.18,2025.11,1255.46,962.51,demo,True
2026-05-19 17:00:00,38621.66,39029.27,3074.26,8163.32,5050.25,2840.73,6788.16,6192.95,2031.68,4684.69,1098.13,1259.52,919.84,demo,True
2026-05-19 18:00:00,37833.06,37935.47,3123.96,6855.27,5584.15,2848.55,7252.42,6192.63,2136.8,4919.75,0.0,1241.9,904.0,demo,True
2026-05-19 19:00:00,36634.58,36331.82,2931.56,6803.43,5198.11,2851.04,6733.0,6514.17,2069.65,3978.74,0.0,1267.34,916.34,demo,True
2026-05-19 20:00:00,36706.52,36913.88,2924.31,7467.08,5488.49,3107.14,6076.82,6699.77,2181.34,3673.87,0.0,1276.41,942.97,demo,True
2026-05-19 21:00:00,34425.59,34634.02,2822.6,5840.43,5002.99,2845.92,7213.92,6548.17,2015.69,2971.71,0.0,1274.91,920.27,demo,True
2026-05-19 22:00:00,33079.77,33121.42,2837.12,3674.39,5007.02,2658.86,6869.25,6035.9,2339.55,4332.6,0.0,1260.69,943.16,demo,True
2026-05-19 23:00:00,29980.35,29958.9,2564.78,2216.99,5223.67,2689.13,5798.16,6347.1,1904.26,3538.11,0.0,1273.47,968.01,demo,True
2026-05-20 00:00:00,28793.48,29645.43,2534.55,1500.0,5325.46,2947.08,6139.4,5886.1,2311.93,3296.44,0.0,1271.78,967.23,demo,True
2026-05-20 01:00:00,28223.02,30346.64,2607.92,1500.0,5153.47,2880.54,6327.95,6498.41,2115.91,3623.26,0.0,1316.91,930.18,demo,True
2026-05-20 02:00:00,27947.18,29428.3,2725.81,1500.0,5276.04,2524.51,6793.33,5940.42,2170.51,3032.14,0.0,1280.45,910.88,demo,True
2026-05-20 03:00:00,28412.04,29322.09,2538.24,1500.0,5353.01,2892.64,5667.19,6123.65,2263.57,3341.53,0.0,1247.78,932.73,demo,True
2026-05-20 04:00:00,28404.18,28587.4,2537.9,1500.0,4830.67,2605.18,6458.31,6299.93,2205.62,2490.82,0.0,1227.21,969.67,demo,True
2026-05-20 05:00:00,31701.28,32154.6,2574.91,3056.98,5111.36,2878.89,6773.37,6398.88,2014.47,3700.5,0.0,1243.47,976.68,demo,True
2026-05-20 06:00:00,32582.35,32798.22,2783.43,5899.47,5065.14,2655.0,5508.06,6244.01,2173.53,3050.71,0.0,1241.71,960.59,demo,True
2026-05-20 07:00:00,35571.26,35820.82,2900.44,5289.01,5077.77,2749.33,6761.37,6636.13,2325.15,3629.4,1103.83,1262.79,986.04,demo,True
2026-05-20 08:00:00,36785.89,36795.9,3053.71,6224.71,5305.79,2701.93,6803.43,6461.63,1994.2,2897.73,2172.1,1232.49,1001.88,demo,True
2026-05-20 09:00:00,37012.63,37261.84,2933.39,6039.82,5068.75,3073.4,6203.67,6445.02,2354.59,2879.8,2981.46,1279.8,935.5,demo,True
2026-05-20 10:00:00,38422.83,38605.21,3086.33,8688.87,4678.68,2872.33,6096.35,6033.46,2146.45,2292.73,3586.48,1215.26,994.6,demo,True
2026-05-20 11:00:00,39139.43,39278.09,3136.87,6943.61,5138.51,3027.0,6198.2,6678.62,2048.05,3231.21,3861.53,1209.19,942.18,demo,True
2026-05-20 12:00:00,39287.22,39274.09,3282.7,8691.09,4923.25,3321.14,5564.77,6128.98,1992.81,2367.4,4057.43,1246.62,980.6,demo,True
2026-05-20 13:00:00,38650.47,38744.14,3202.17,6822.33,5329.05,2808.42,6385.83,6688.9,2073.25,2517.7,3918.47,1228.94,971.26,demo,True
2026-05-20 14:00:00,39768.08,40373.04,3262.43,8661.94,5409.48,3070.36,6576.86,6752.58,1865.54,2718.72,3208.33,1218.54,890.69,demo,True
2026-05-20 15:00:00,39455.25,39642.35,3198.88,10030.04,4634.54,2674.1,6073.23,6421.62,2050.55,2737.85,2865.33,1234.07,921.01,demo,True
2026-05-20 16:00:00,38680.15,39072.28,3075.43,9518.75,4998.7,3025.88,6840.22,6537.1,2069.13,1785.04,2153.15,1230.96,913.36,demo,True
2026-05-20 17:00:00,39411.26,39625.9,3247.62,11818.81,5291.88,2654.65,6535.9,5633.1,1972.13,2485.43,1087.22,1250.25,896.54,demo,True
2026-05-20 18:00:00,40001.16,40194.97,3143.1,12338.5,4833.69,2796.69,6591.01,6269.82,2191.26,2963.14,0.0,1234.49,976.38,demo,True
2026-05-20 19:00:00,39352.61,39488.13,3161.41,11604.6,5403.49,2896.64,6359.3,6556.64,2075.82,2343.05,0.0,1236.52,1012.06,demo,True
2026-05-20 20:00:00,35938.73,36430.95,3134.47,8146.86,5472.82,2924.96,6760.07,6519.08,2026.41,2388.6,0.0,1249.88,942.27,demo,True
2026-05-20 21:00:00,34485.52,34802.67,2935.31,7204.82,5157.88,2570.94,6951.7,6048.95,2064.38,2553.02,0.0,1275.36,975.62,demo,True
2026-05-20 22:00:00,34188.61,34296.48,2884.16,7232.05,4998.78,2643.94,6357.37,6254.35,2146.84,2381.84,0.0,1286.77,994.54,demo,True
2026-05-20 23:00:00,30369.7,30548.76,2677.58,4281.74,4599.25,2910.06,6766.36,5762.73,2113.89,1904.77,0.0,1253.69,956.25,demo,True
2026-05-21 00:00:00,28411.08,29435.23,2494.55,1500.0,5411.65,2733.81,6770.21,6413.42,2021.96,2379.3,0.0,1255.64,949.24,demo,True
2026-05-21 01:00:00,27788.64,29510.02,2273.74,1500.0,5720.66,2548.48,6646.25,5910.14,2122.21,2874.23,0.0,1245.42,942.63,demo,True
2026-05-21 02:00:00,27994.99,29780.21,2376.49,1500.0,5666.87,2787.22,7086.97,6575.17,2102.18,1833.63,0.0,1262.03,966.13,demo,True
2026-05-21 03:00:00,28058.13,28627.44,2532.0,1500.0,5149.31,2778.59,6245.73,6588.73,1972.75,2156.35,0.0,1259.76,976.24,demo,True
2026-05-21 04:00:00,28883.13,28998.18,2461.49,2709.0,4915.9,2831.84,6352.46,6226.31,2076.16,1639.5,0.0,1283.15,963.85,demo,True
2026-05-21 05:00:00,30641.05,30918.87,2618.01,2792.79,5417.78,2895.26,6228.06,6447.56,2181.69,2790.12,0.0,1202.78,962.82,demo,True
2026-05-21 06:00:00,32653.86,32994.28,2661.23,5262.63,5167.01,2883.82,6753.76,6287.41,2182.29,2264.76,0.0,1244.14,948.46,demo,True
2026-05-21 07:00:00,34522.6,34550.99,2809.43,6604.86,5324.31,2661.73,6404.63,6390.76,2087.58,1879.76,1036.67,1258.48,902.21,demo,True
2026-05-21 08:00:00,38400.48,38802.02,3093.3,9665.91,5278.72,2726.05,6256.49,6087.59,2198.02,2347.35,2015.63,1249.34,976.93,demo,True
2026-05-21 09:00:00,38194.36,38497.88,3157.07,8003.09,5224.18,2967.0,7082.1,6479.45,2000.92,1698.2,2904.96,1226.52,911.46,demo,True
2026-05-21 10:00:00,39274.9,39497.36,3242.62,9033.79,5467.41,2702.23,7133.33,5984.03,2006.42,1784.47,3199.58,1217.52,968.58,demo,True
2026-05-21 11:00:00,38551.32,38820.2,3014.79,8178.92,5477.07,2728.88,6384.96,5945.18,2092.02,1574.8,4195.54,1270.16,972.67,demo,True
2026-05-21 12:00:00,38737.97,39115.26,3116.61,9207.42,5064.1,2529.23,6021.41,6323.68,2303.83,1777.55,3741.18,1231.08,915.79,demo,True
2026-05-21 13:00:00,38259.68,38926.58,2911.9,6553.07,4959.99,2794.84,7152.23,6306.85,2145.74,2998.09,3877.87,1206.13,931.77,demo,True
2026-05-21 14:00:00,36849.64,37209.43,2979.21,7047.21,4550.23,2862.15,6664.76,6416.12,2095.22,1963.75,3324.94,1271.41,1013.64,demo,True
2026-05-21 15:00:00,37795.39,38191.29,3117.73,7795.92,5110.0,2444.41,6647.25,6216.28,2315.74,2576.7,2875.89,1261.47,947.62,demo,True
2026-05-21 16:00:00,37602.37,37887.21,3036.38,8904.57,4915.74,2607.35,6536.75,6777.07,2098.28,1941.07,1945.88,1247.1,913.39,demo,True
2026-05-21 17:00:00,37321.32,37913.62,3146.4,8963.34,5308.99,2544.09,6219.89,6400.66,2403.22,2756.96,1115.3,1227.14,974.03,demo,True
2026-05-21 18:00:00,37820.75,37806.87,3173.02,10842.66,5112.67,2941.9,6355.35,6419.74,2076.12,1884.43,0.0,1247.16,926.82,demo,True
2026-05-21 19:00:00,38917.74,38855.0,3177.16,11475.01,5140.87,2455.78,6737.2,6415.16,2018.57,2439.64,0.0,1280.39,892.38,demo,True
2026-05-21 20:00:00,36777.23,37054.77,2997.8,9149.68,5411.11,2785.84,6343.35,6595.73,2122.58,2471.25,0.0,1209.63,965.59,demo,True
2026-05-21 21:00:00,36047.49,36416.31,2907.92,7142.62,5303.29,2929.22,6651.54,6505.22,2115.31,3635.72,0.0,1210.9,922.5,demo,True
2026-05-21 22:00:00,33446.85,33233.42,2673.16,5184.96,5169.66,2833.81,6504.68,6479.21,2050.99,2816.17,0.0,1234.31,959.64,demo,True
2026-05-21 23:00:00,31668.29,31917.67,2580.85,4007.2,5638.47,2720.81,6130.09,6547.43,2462.95,2235.76,0.0,1249.33,925.62,demo,True
2026-05-22 00:00:00,28716.23,30118.07,2609.9,1500.0,5391.92,2862.36,7067.4,5987.71,2191.83,2908.05,0.0,1237.59,971.22,demo,True
2026-05-22 01:00:00,28505.74,30389.89,2629.19,1500.0,5091.88,2986.66,6707.91,5999.71,2212.25,3669.92,0.0,1266.07,955.5,demo,True
2026-05-22 02:00:00,28220.93,28548.11,2399.42,1591.49,5103.47,2780.63,6615.73,6379.84,2104.13,1823.27,0.0,1277.22,872.32,demo,True
2026-05-22 03:00:00,27736.16,28920.88,2468.8,1500.0,5404.98,2396.99,6694.26,6356.91,2093.32,2255.99,0.0,1256.97,961.46,demo,True
2026-05-22 04:00:00,29740.21,29795.79,2423.89,2038.18,5252.74,3006.59,5872.49,6531.85,2288.87,2599.75,0.0,1264.01,941.31,demo,True
2026-05-22 05:00:00,31519.33,31624.11,2603.86,4333.9,4908.5,2872.05,6327.39,6412.67,1967.94,2552.37,0.0,1256.8,992.5,demo,True
2026-05-22 06:00:00,32777.81,33160.82,2792.74,5542.17,5432.63,2794.05,5965.44,6540.31,2035.2,2638.94,0.0,1250.24,961.86,demo,True
2026-05-22 07:00:00,34362.32,34679.76,2815.77,6418.69,5526.88,2443.53,6543.64,6142.37,2146.03,2199.22,1069.04,1217.66,972.68,demo,True
2026-05-22 08:00:00,35984.44,36122.71,2732.81,4541.93,5507.16,2746.3,6614.07,6418.21,2341.28,3600.86,2199.91,1224.3,928.68,demo,True
2026-05-22 09:00:00,38056.65,38332.67,3213.14,7950.87,5601.11,2642.41,6549.47,6129.79,2137.72,2236.6,2942.18,1216.23,926.3,demo,True
2026-05-22 10:00:00,38893.07,38952.63,3068.41,6120.86,5737.99,2581.07,6912.51,6514.24,2236.17,2898.19,3756.08,1246.29,949.23,demo,True
2026-05-22 11:00:00,38348.9,38967.84,2935.54,6516.29,5649.79,2775.44,5975.93,6020.28,2193.2,3572.92,4069.0,1255.81,939.18,demo,True
2026-05-22 12:00:00,38896.75,39250.13,3080.95,7100.61,5288.57,2703.53,6220.26,6514.58,2349.13,3087.82,3781.72,1213.77,990.14,demo,True
2026-05-22 13:00:00,39168.54,39560.05,3095.45,8012.2,5145.81,2715.38,6645.02,6119.28,2007.19,2667.26,4050.69,1251.81,945.4,demo,True
2026-05-22 14:00:00,39148.57,39646.39,3144.0,8567.7,4724.3,2933.13,6592.38,6362.66,2289.51,2537.71,3497.62,1228.12,913.26,demo,True
2026-05-22 15:00:00,39856.31,40289.24,3112.53,8992.49,5202.83,2846.0,6039.6,6648.56,2181.22,3153.09,3077.0,1223.27,925.17,demo,True
2026-05-22 16:00:00,39773.69,40029.37,3183.91,8943.09,5334.98,2710.81,6918.79,6506.41,2320.04,2946.48,2135.46,1234.37,978.95,demo,True
2026-05-22 17:00:00,38205.27,38421.97,3165.84,8641.97,5211.32,2687.97,7040.13,6099.11,2114.76,3485.29,974.45,1221.99,944.98,demo,True
2026-05-22 18:00:00,39846.01,40327.9,3088.79,12764.76,4709.06,2718.13,6648.96,6318.07,2220.08,2740.3,0.0,1265.17,943.38,demo,True
2026-05-22 19:00:00,37628.58,37883.36,2989.55,9546.92,5125.48,2755.46,5971.83,6140.59,2209.0,3906.48,0.0,1245.8,981.81,demo,True
2026-05-22 20:00:00,37549.74,37664.92,3130.24,8817.78,5367.79,2905.13,6555.9,6103.02,2105.21,3617.16,0.0,1270.38,922.56,demo,True
2026-05-22 21:00:00,35201.68,35805.68,2854.58,7222.09,4933.26,2612.34,6619.12,6506.78,2076.11,3714.11,0.0,1238.91,882.94,demo,True
2026-05-22 22:00:00,32880.66,32962.2,2725.37,2913.95,5243.08,3062.52,6404.86,6609.25,2164.43,4399.84,0.0,1239.86,924.41,demo,True
2026-05-22 23:00:00,29865.11,31305.93,2523.41,1500.0,5312.22,2905.26,6971.54,6588.07,2254.05,3520.7,0.0,1296.83,957.26,demo,True
2026-05-23 00:00:00,26736.77,30127.28,2349.92,1500.0,5490.67,2307.17,6459.42,6628.93,2152.06,3437.09,0.0,1209.42,942.51,demo,True
2026-05-23 01:00:00,24557.41,31675.81,2236.33,1500.0,5645.28,2815.36,7236.59,6499.01,2207.76,3586.52,0.0,1282.11,903.19,demo,True
2026-05-23 02:00:00,25897.94,30931.9,2231.41,1500.0,5101.77,2987.33,6774.09,6446.82,2025.61,3824.44,0.0,1291.36,980.48,demo,True
2026-05-23 03:00:00,26711.57,30862.05,2428.23,1500.0,5247.78,2869.97,6596.63,6276.29,2212.02,3935.32,0.0,1269.15,954.9,demo,True
2026-05-23 04:00:00,26300.69,30937.5,2461.04,1500.0,5255.92,2725.78,6822.15,6421.01,2383.97,3625.27,0.0,1241.74,961.67,demo,True
2026-05-23 05:00:00,28844.38,30613.5,2502.27,1500.0,5368.84,2789.0,7035.81,6232.65,2350.45,3088.5,0.0,1285.67,962.59,demo,True
2026-05-23 06:00:00,30164.73,31121.12,2665.34,1500.0,5339.72,2832.1,6814.67,6342.99,2260.14,3878.51,0.0,1241.96,911.04,demo,True
2026-05-23 07:00:00,32218.32,32923.14,2628.25,1500.0,5570.5,2938.53,6473.46,6554.12,2304.6,4397.24,993.25,1232.36,959.09,demo,True
2026-05-23 08:00:00,34865.48,35083.11,2771.09,4283.91,4593.86,2545.28,6269.03,6514.34,2180.81,4343.13,2135.24,1240.29,977.22,demo,True
2026-05-23 09:00:00,35479.12,36159.21,2860.53,2537.17,5308.69,2691.1,6107.26,7220.25,2480.01,4931.68,2663.1,1235.75,984.21,demo,True
2026-05-23 10:00:00,37391.92,37624.76,2974.11,3621.04,5326.73,3094.94,5645.75,6255.74,2538.14,5365.69,3578.75,1226.33,971.64,demo,True
2026-05-23 11:00:00,36076.11,36397.55,2839.51,1897.81,5138.84,2805.93,6560.98,6530.16,2314.76,4822.71,4083.21,1277.75,965.39,demo,True
2026-05-23 12:00:00,37087.68,37634.56,2971.11,3174.93,4611.36,3075.02,6364.32,6250.38,2610.88,5188.35,4230.78,1230.66,897.88,demo,True
2026-05-23 13:00:00,36347.35,36773.91,2761.4,2332.95,5184.14,3337.41,6383.06,6484.27,2223.44,4933.39,3696.45,1249.26,949.55,demo,True
2026-05-23 14:00:00,36782.88,37270.79,2879.74,3198.8,5015.25,2711.43,6860.1,6499.25,2160.03,5456.65,3234.06,1213.91,921.3,demo,True
2026-05-23 15:00:00,35966.99,36055.07,2933.48,1721.34,5636.27,2584.49,6460.77,6767.58,2230.15,5577.52,2837.72,1250.77,988.47,demo,True
2026-05-23 16:00:00,36355.12,36826.19,2992.4,3530.46,5297.58,2752.2,7163.29,6488.92,2294.14,5176.7,1917.89,1221.1,983.91,demo,True
2026-05-23 17:00:00,36335.32,36615.85,2989.43,4841.16,4993.17,2997.82,6299.42,6551.95,2603.15,5101.86,1085.35,1220.49,921.48,demo,True
2026-05-23 18:00:00,35592.26,35708.02,2991.85,6167.75,4666.31,3023.0,6160.17,6505.62,2297.21,4692.07,0.0,1247.27,948.62,demo,True
2026-05-23 19:00:00,35973.72,36263.67,2894.21,6057.59,5353.56,3208.96,6059.83,6298.36,2233.08,4818.42,0.0,1276.42,957.46,demo,True
2026-05-23 20:00:00,34783.51,35067.75,2697.15,4486.26,5381.0,2793.38,6752.96,6469.48,2233.75,4712.89,0.0,1261.01,977.02,demo,True
2026-05-23 21:00:00,33079.58,33665.84,2704.78,2316.17,5143.9,2887.85,6903.02,6535.32,2483.73,5233.39,0.0,1262.73,899.73,demo,True
2026-05-23 22:00:00,31755.04,32073.68,2707.93,1906.64,5356.96,2671.88,6291.96,6642.04,2471.99,4601.73,0.0,1246.75,883.71,demo,True
2026-05-23 23:00:00,29655.04,31236.92,2591.04,1500.0,5109.45,2348.74,6127.61,6755.27,2299.48,4903.61,0.0,1241.61,951.14,demo,True
2026-05-24 00:00:00,26604.4,31532.01,2338.96,1500.0,5477.48,2792.86,7035.6,6587.25,2138.1,3856.89,0.0,1269.78,874.06,demo,True
2026-05-24 01:00:00,25920.12,32486.02,2223.4,1500.0,5458.1,2592.32,5992.36,6589.98,2233.24,5929.33,0.0,1235.92,954.76,demo,True
2026-05-24 02:00:00,24794.31,32124.96,2185.1,1500.0,4773.88,2915.8,6853.58,6273.54,2580.73,4988.8,0.0,1270.86,967.77,demo,True
2026-05-24 03:00:00,25676.16,31962.64,2243.93,1500.0,4837.25,2461.35,6300.16,6777.56,2462.37,5355.97,0.0,1280.9,987.08,demo,True
2026-05-24 04:00:00,26448.7,33483.99,2179.59,1500.0,5728.13,2666.92,6638.98,6512.46,2393.13,5884.07,0.0,1228.97,931.32,demo,True
2026-05-24 05:00:00,29777.05,33636.91,2487.15,1500.0,5442.37,2848.18,6876.92,6836.72,2615.12,5330.12,0.0,1232.64,954.84,demo,True
2026-05-24 06:00:00,30937.09,33636.38,2586.85,1500.0,4871.78,2867.03,6666.69,6968.81,2631.47,5924.7,0.0,1236.36,969.55,demo,True
2026-05-24 07:00:00,32515.64,32632.83,2669.86,1884.74,4791.7,2791.46,6396.66,6644.74,2397.79,4601.94,995.74,1213.33,914.73,demo,True
2026-05-24 08:00:00,35168.87,36566.69,2777.68,1500.0,5254.02,3136.12,6988.63,6467.88,2405.65,6439.47,2159.19,1238.26,977.46,demo,True
2026-05-24 09:00:00,33996.67,36083.64,2669.86,1500.0,4903.0,3082.5,6601.19,6696.31,2343.58,5799.97,2916.33,1282.54,958.23,demo,True
2026-05-24 10:00:00,34774.29,37087.68,2733.47,1500.0,5117.66,2676.82,7788.88,6783.72,2384.96,5374.29,3305.66,1223.86,931.84,demo,True
2026-05-24 11:00:00,36980.76,37125.13,2836.65,1871.53,5187.71,3089.69,5903.2,6644.65,2246.46,5993.12,3951.4,1283.13,954.24,demo,True
2026-05-24 12:00:00,36440.47,36467.87,2941.25,2663.49,5176.49,3117.2,5898.03,6597.08,2251.69,4704.75,3874.16,1239.16,945.82,demo,True
2026-05-24 13:00:00,36464.48,37370.7,2866.75,1500.0,5492.9,2777.7,6847.99,6852.29,2229.56,5150.83,4243.18,1302.85,973.4,demo,True
2026-05-24 14:00:00,35307.36,37300.32,3086.08,1500.0,5677.04,2808.17,6488.89,6844.97,2572.15,6020.91,3216.06,1232.95,939.19,demo,True
2026-05-24 15:00:00,36273.73,36513.22,2860.89,3390.74,5075.48,2790.87,6777.41,6666.55,2260.42,4366.47,2982.06,1246.4,956.81,demo,True
2026-05-24 16:00:00,37802.26,38094.26,3020.6,5454.19,4906.03,2683.9,6115.57,6386.11,2687.56,5579.01,2123.28,1227.25,931.37,demo,True
2026-05-24 17:00:00,37003.11,37205.38,2920.25,4770.69,5301.1,2701.78,6518.95,6857.71,2371.7,5561.22,967.56,1232.81,921.86,demo,True
2026-05-24 18:00:00,36306.29,36330.61,2874.15,3227.15,5624.18,3037.48,6660.06,6595.84,2673.62,6273.68,0.0,1283.45,955.15,demo,True
2026-05-24 19:00:00,35212.93,35648.46,3014.71,5444.49,5095.16,2878.73,6309.7,6819.19,2427.13,4489.1,0.0,1261.86,923.1,demo,True
2026-05-24 20:00:00,34062.13,34465.37,2859.28,2337.14,5421.09,2700.25,6581.14,6812.71,2288.8,6074.5,0.0,1275.72,974.02,demo,True
2026-05-24 21:00:00,31183.65,31308.64,2445.66,1500.0,4982.34,2633.32,6023.47,6371.35,2636.61,4976.68,0.0,1217.11,967.77,demo,True
2026-05-24 22:00:00,30869.51,32686.79,2498.6,1500.0,5205.53,2663.54,6638.19,6812.25,2656.59,5017.27,0.0,1266.37,927.05,demo,True
2026-05-24 23:00:00,29242.33,32268.83,2496.93,1500.0,4897.9,2770.51,7005.91,6915.14,2385.46,4611.8,0.0,1225.71,956.41,demo,True
2026-05-25 00:00:00,28273.93,31945.99,2403.29,1500.0,5202.82,2964.37,6066.85,6949.68,2460.2,4658.6,0.0,1216.57,926.91,demo,True
2026-05-25 01:00:00,27705.99,32140.24,2272.63,1500.0,5169.72,2645.19,6045.72,6842.92,2397.12,5381.73,0.0,1255.97,901.87,demo,True
2026-05-25 02:00:00,26930.61,32410.62,2403.09,1500.0,5358.11,2962.31,6916.47,6389.75,2497.17,4599.01,0.0,1255.71,932.08,demo,True
2026-05-25 03:00:00,27494.07,33379.17,2229.46,1500.0,5662.3,2835.45,6039.53,7113.36,2530.39,5498.33,0.0,1251.33,948.49,demo,True
2026-05-25 04:00:00,29415.96,32631.56,2527.21,1500.0,5098.89,2825.71,6794.21,6930.52,2481.09,4767.56,0.0,1267.94,965.64,demo,True
2026-05-25 05:00:00,29693.91,31265.57,2600.01,1500.0,4680.07,2984.64,6519.37,6583.1,2310.8,4461.27,0.0,1271.84,954.48,demo,True
2026-05-25 06:00:00,33622.49,33762.45,2842.28,3127.45,5147.45,2951.8,6353.76,6682.28,2465.16,4770.57,0.0,1286.74,977.23,demo,True
2026-05-25 07:00:00,35705.96,35790.22,2851.93,3112.76,5277.82,2547.19,7013.28,6914.24,2625.08,5167.52,991.52,1220.24,920.57,demo,True
2026-05-25 08:00:00,36667.56,37008.8,3048.52,3601.91,5252.49,2604.88,6824.85,7020.75,2521.37,4823.23,2133.07,1287.55,938.7,demo,True
2026-05-25 09:00:00,36289.6,36892.66,2909.51,3073.68,5159.07,2758.69,6597.9,6771.69,2512.92,4939.87,2782.46,1297.06,999.33,demo,True
2026-05-25 10:00:00,37996.67,38525.69,3049.52,4161.55,5586.81,2864.08,5746.57,7068.53,2446.28,5229.91,3289.06,1240.84,892.07,demo,True
2026-05-25 11:00:00,39796.7,40188.75,3020.54,4948.32,5235.42,3045.62,6749.29,6500.41,2490.52,5380.3,3694.15,1208.29,936.44,demo,True
2026-05-25 12:00:00,36963.54,36780.26,3034.41,2413.61,5172.75,2811.71,6125.2,6673.41,2738.53,4639.64,4072.14,1215.41,917.86,demo,True
2026-05-25 13:00:00,38555.9,38470.28,3016.27,4486.44,4997.8,3106.67,6422.52,6456.54,2438.41,4226.56,4152.76,1238.45,944.14,demo,True
2026-05-25 14:00:00,37919.83,38361.38,3119.76,4835.35,4745.86,2672.8,6502.57,6721.26,2667.39,4739.16,3239.69,1300.35,936.97,demo,True
2026-05-25 15:00:00,39363.2,39904.68,3193.72,5170.45,5285.6,2703.24,7164.05,7258.47,2592.22,4887.42,2624.74,1250.43,968.06,demo,True
2026-05-25 16:00:00,38437.23,38786.9,3060.85,6281.65,5263.81,2744.98,6411.37,7387.44,2621.62,3871.34,2012.46,1234.57,957.67,demo,True
2026-05-25 17:00:00,39218.94,39413.93,3143.65,8948.41,4924.57,2652.9,6002.03,6994.38,2510.01,4104.7,1133.23,1232.86,910.83,demo,True
2026-05-25 18:00:00,39093.32,39586.74,3107.05,8716.72,5188.46,3008.69,7014.38,6810.39,2561.31,4137.49,0.0,1216.93,932.36,demo,True
2026-05-25 19:00:00,39315.63,39701.27,3055.12,9403.61,5162.6,2301.43,6754.01,6910.18,2608.45,4339.13,0.0,1271.86,950.0,demo,True
2026-05-25 20:00:00,36706.27,37161.01,3023.83,6796.23,5037.63,2709.36,6767.04,7071.2,2552.24,4007.43,0.0,1247.7,972.18,demo,True
2026-05-25 21:00:00,35447.32,35363.14,2925.87,4039.47,4993.74,3006.68,7020.95,6631.35,2660.05,4685.43,0.0,1302.5,1022.99,demo,True
2026-05-25 22:00:00,32159.63,32471.43,2544.41,2071.86,5305.32,2743.78,7103.12,6857.41,2680.71,3472.44,0.0,1265.71,971.08,demo,True
2026-05-25 23:00:00,31993.79,32563.21,2662.19,2423.8,5141.29,2993.12,6187.89,7307.21,2892.05,3427.47,0.0,1270.75,919.63,demo,True
2026-05-26 00:00:00,28854.5,31378.11,2566.59,1500.0,5046.34,3195.58,6013.15,6769.67,2670.19,3992.03,0.0,1243.95,947.18,demo,True
2026-05-26 01:00:00,27786.45,31531.61,2567.26,1500.0,4975.97,2814.47,6794.86,6843.16,2412.79,4012.21,0.0,1222.72,955.43,demo,True
2026-05-26 02:00:00,27735.26,31366.94,2499.67,1500.0,5166.2,3010.41,6408.14,7019.08,2787.24,3313.29,0.0,1228.16,934.42,demo,True
2026-05-26 03:00:00,27085.79,32188.31,2264.51,1500.0,5440.37,3235.44,6439.88,7086.71,2628.61,3677.43,0.0,1215.77,964.11,demo,True
2026-05-26 04:00:00,29548.67,31403.36,2430.99,1500.0,5253.73,2872.38,6107.42,6895.18,2899.86,3720.18,0.0,1272.76,881.86,demo,True
2026-05-26 05:00:00,31840.22,31969.66,2624.8,1566.72,5138.35,2791.35,6704.36,7057.89,2840.27,3663.75,0.0,1240.38,966.59,demo,True
2026-05-26 06:00:00,33407.55,33519.38,2881.74,2759.11,5280.21,2962.44,6640.75,7182.99,2608.42,3875.94,0.0,1273.81,935.71,demo,True
2026-05-26 07:00:00,34076.03,34239.95,2722.73,2262.15,5554.74,3013.16,6445.58,7489.07,2760.93,3408.81,1105.41,1253.4,946.71,demo,True
2026-05-26 08:00:00,36766.67,37020.89,3018.46,4429.59,5327.51,2793.01,6014.08,7038.09,2608.25,4418.22,2155.49,1242.68,993.97,demo,True
2026-05-26 09:00:00,38555.52,38515.7,2978.91,5148.65,5267.65,2712.91,6923.2,7065.1,2685.02,3863.3,2716.95,1220.76,912.15,demo,True
2026-05-26 10:00:00,37389.57,37771.17,3006.26,3923.58,5366.02,3109.13,6589.5,7418.57,2770.96,3155.83,3221.86,1257.54,958.18,demo,True
2026-05-26 11:00:00,38191.33,38411.77,2912.2,4200.44,5158.92,2751.29,6891.25,6970.06,2828.5,3547.22,3845.76,1244.53,973.82,demo,True
2026-05-26 12:00:00,39531.72,39935.38,3062.32,6255.86,5247.86,3014.87,5763.95,6807.87,2807.42,3503.03,4306.85,1272.55,955.11,demo,True
2026-05-26 13:00:00,38998.23,38866.8,2937.07,4661.0,5072.87,2847.32,6519.89,7162.65,2714.02,3990.03,3765.33,1232.11,901.57,demo,True
2026-05-26 14:00:00,39044.21,39448.57,3185.31,6000.2,4796.86,3128.85,6249.09,7352.73,3008.0,3024.81,3632.12,1265.4,990.51,demo,True
2026-05-26 15:00:00,40111.64,40602.28,3076.82,7779.01,5289.14,2647.17,6512.65,7203.78,2671.12,3651.76,2612.97,1291.02,943.66,demo,True
2026-05-26 16:00:00,39247.79,39576.73,2968.08,7774.41,5290.14,2646.82,6830.12,7111.4,2526.94,3232.98,1972.93,1256.81,934.17,demo,True
2026-05-26 17:00:00,39406.69,39662.1,2978.73,8393.44,5125.19,2953.81,6629.48,6822.49,2554.88,3902.74,1069.74,1269.63,940.69,demo,True
2026-05-26 18:00:00,40605.02,41010.76,3202.59,10444.36,5469.31,2596.54,6506.34,7136.7,2906.31,3748.36,0.0,1264.3,938.54,demo,True
2026-05-26 19:00:00,37890.6,38369.46,3009.72,8517.17,5012.38,2820.99,6504.47,7429.23,2724.97,3148.49,0.0,1297.45,914.29,demo,True
2026-05-26 20:00:00,36299.82,36643.94,3023.41,8137.52,4739.44,3078.71,5954.08,6894.84,2757.95,2867.16,0.0,1259.29,954.95,demo,True
2026-05-26 21:00:00,35493.55,35851.12,2884.2,6970.84,5018.75,2478.73,6182.7,7120.91,2678.4,3201.21,0.0,1267.5,932.08,demo,True
2026-05-26 22:00:00,33516.46,34064.71,2893.81,4680.94,4799.36,2872.39,6892.45,7097.92,2693.77,2808.66,0.0,1249.09,970.13,demo,True
2026-05-26 23:00:00,30801.8,31712.99,2565.43,1500.0,5287.89,3018.11,6323.06,7038.09,2658.18,3691.49,0.0,1230.64,965.53,demo,True
2026-05-27 00:00:00,28674.18,31330.26,2581.39,1500.0,5004.46,2795.34,6899.15,7254.54,2813.65,2844.55,0.0,1219.8,998.77,demo,True
2026-05-27 01:00:00,29805.87,31217.59,2470.85,1500.0,5456.02,2633.12,6789.23,7305.94,2749.86,2558.09,0.0,1281.67,943.65,demo,True
2026-05-27 02:00:00,27989.62,31280.29,2323.62,1500.0,5450.59,2752.73,6807.72,7312.05,2818.12,2488.39,0.0,1224.79,925.9,demo,True
2026-05-27 03:00:00,27677.21,29791.68,2367.63,1500.0,4959.51,2649.07,6616.52,7010.34,2810.97,2070.72,0.0,1268.65,905.91,demo,True
2026-05-27 04:00:00,30039.68,30437.24,2460.51,1500.0,4989.89,2812.45,6347.4,6871.54,2723.39,2916.37,0.0,1260.4,1015.8,demo,True
2026-05-27 05:00:00,31096.59,31520.99,2530.27,2647.67,5338.95,2750.19,6447.1,7299.79,2603.65,2190.83,0.0,1272.94,969.86,demo,True
2026-05-27 06:00:00,33035.48,33600.28,2791.32,3696.3,5454.76,2707.61,6724.14,7139.16,2597.35,3114.6,0.0,1237.13,929.23,demo,True
2026-05-27 07:00:00,35591.85,35846.24,2871.94,6561.46,4676.72,2883.91,5756.04,7663.29,3150.12,1885.75,1037.94,1230.23,1000.79,demo,True
2026-05-27 08:00:00,35959.02,36520.64,2904.66,3705.8,5273.23,3084.24,6935.32,7681.85,2968.33,2564.58,2057.14,1259.46,990.68,demo,True
2026-05-27 09:00:00,38292.94,38572.57,3063.34,6010.96,4628.63,2859.01,6324.96,7713.6,2955.73,3046.93,2880.6,1242.69,909.46,demo,True
2026-05-27 10:00:00,40053.24,40555.63,3008.91,9051.53,5057.39,3041.86,6469.8,7077.2,2717.86,1368.7,3624.67,1219.22,927.4,demo,True
2026-05-27 11:00:00,39279.99,39565.71,3111.61,4736.87,5484.35,3084.19,6472.82,7417.66,2803.79,3429.16,3892.38,1298.46,946.03,demo,True
2026-05-27 12:00:00,38664.79,38826.15,2930.27,4925.27,5982.54,2694.4,6486.06,7492.38,2708.57,2184.83,4203.98,1230.21,917.9,demo,True
2026-05-27 13:00:00,38464.19,39060.17,2973.0,6026.06,5137.91,2849.47,6040.23,7475.96,2652.67,2447.74,4257.86,1225.16,947.1,demo,True
2026-05-27 14:00:00,38478.6,38622.78,2865.14,6213.48,4875.75,2723.51,6553.1,7239.51,2743.11,2644.95,3414.06,1243.95,971.36,demo,True
2026-05-27 15:00:00,38642.22,38774.36,3107.55,6370.7,5066.49,2533.21,6708.03,7607.23,2976.48,2706.65,2615.44,1281.32,908.8,demo,True
2026-05-27 16:00:00,38665.34,38689.25,2921.2,8055.51,5217.18,2864.04,5784.44,7334.24,2921.74,2467.26,1890.23,1195.83,958.79,demo,True
2026-05-27 17:00:00,39597.59,40075.7,3036.56,10175.49,5025.74,2610.61,6044.72,7370.64,2707.88,2818.12,1058.19,1279.25,985.05,demo,True
2026-05-27 18:00:00,37504.25,38024.87,2943.18,8802.59,4959.55,2887.17,6813.55,7012.43,2789.88,2570.47,0.0,1227.21,962.01,demo,True
2026-05-27 19:00:00,38653.67,38970.83,3080.36,8802.04,5089.02,2519.94,6748.43,7500.89,2920.86,3185.3,0.0,1256.61,947.73,demo,True
2026-05-27 20:00:00,36602.55,36675.46,2966.31,7136.12,5302.85,2830.78,6604.56,7310.03,2765.68,2562.38,0.0,1233.1,929.96,demo,True
2026-05-27 21:00:00,35467.95,35716.73,2962.55,5900.48,5155.95,2517.27,6261.25,7477.83,2846.91,3282.32,0.0,1299.8,974.93,demo,True
2026-05-27 22:00:00,32430.28,32625.8,2697.19,2739.48,4970.78,2921.3,6750.46,7435.55,2888.67,2751.76,0.0,1253.12,914.69,demo,True
2026-05-27 23:00:00,32110.54,32175.05,2800.29,4427.28,5025.78,2729.19,6078.98,7431.86,2890.38,1401.99,0.0,1232.3,957.28,demo,True
2026-05-28 00:00:00,30278.8,31833.01,2595.95,1500.0,5092.4,2711.84,6451.93,7390.21,2876.91,3616.49,0.0,1242.47,950.77,demo,True
2026-05-28 01:00:00,28870.69,30106.26,2412.85,1500.0,4940.15,3002.77,6042.73,7581.52,2770.84,2032.25,0.0,1252.24,983.77,demo,True
2026-05-28 02:00:00,26710.5,31125.45,2312.15,1500.0,5016.14,2742.12,6443.3,7372.88,2785.96,3078.09,0.0,1254.44,932.52,demo,True
2026-05-28 03:00:00,28780.2,30203.1,2635.67,1500.0,5367.35,2819.95,6139.36,7104.66,2718.77,2356.98,0.0,1260.97,935.07,demo,True
2026-05-28 04:00:00,29691.93,31449.58,2653.41,1500.0,5140.12,2764.25,6764.53,7558.11,2670.09,2889.77,0.0,1249.96,912.74,demo,True
2026-05-28 05:00:00,30059.31,30611.56,2649.95,2003.55,4744.09,2891.33,6651.61,7263.07,2846.26,2032.96,0.0,1215.57,963.12,demo,True
2026-05-28 06:00:00,33205.49,33385.04,2847.63,3623.11,5466.49,2987.73,6300.3,7157.81,2960.47,2710.35,0.0,1241.49,937.29,demo,True
2026-05-28 07:00:00,35463.43,35870.08,2939.42,5206.69,5308.35,2950.41,6881.6,7232.33,2699.31,2293.44,1108.64,1265.17,924.14,demo,True
2026-05-28 08:00:00,37262.59,37546.55,2996.53,5959.34,4840.39,2716.0,6165.29,7527.61,2900.04,3234.33,2043.3,1233.25,927.0,demo,True
2026-05-28 09:00:00,38180.18,38502.63,3022.33,5628.35,5105.0,3017.63,6487.65,7452.07,2963.71,2691.15,2924.13,1266.82,966.11,demo,True
2026-05-28 10:00:00,38928.03,38974.27,3220.06,7027.89,4994.05,2635.06,6284.81,7012.12,2651.33,2968.93,3232.37,1250.79,916.91,demo,True
2026-05-28 11:00:00,39995.2,40108.3,3101.36,7741.1,5376.0,2666.35,6759.83,7404.89,2841.38,1450.18,3704.44,1244.56,919.58,demo,True
2026-05-28 12:00:00,39796.36,39913.55,3115.03,5613.9,5103.37,2777.0,6725.2,7754.48,3073.42,2522.74,4086.69,1279.85,976.89,demo,True
2026-05-28 13:00:00,36822.22,37076.79,2764.41,3038.81,5181.08,2988.42,6955.68,7405.9,2944.06,2806.11,3605.16,1206.55,945.02,demo,True
2026-05-28 14:00:00,38553.63,39042.33,2905.48,6021.55,5150.81,2589.37,6529.04,7476.68,2655.24,2749.9,3657.95,1233.12,978.66,demo,True
2026-05-28 15:00:00,38714.74,39042.73,3199.77,6677.29,4815.17,2960.47,5464.14,7750.42,2960.49,3157.81,3036.91,1280.81,939.22,demo,True
2026-05-28 16:00:00,37713.34,37801.28,3056.52,5641.96,5565.4,2790.15,6349.2,7703.81,2793.47,2535.24,2176.33,1295.75,949.97,demo,True
2026-05-28 17:00:00,39032.1,39297.82,3079.25,7405.5,5372.21,2721.93,7047.84,7761.41,2967.78,2785.31,974.01,1307.15,954.69,demo,True
2026-05-28 18:00:00,39601.63,39837.12,3164.94,10070.76,5005.68,2997.61,6386.25,6934.45,2803.56,3395.93,0.0,1251.26,991.62,demo,True
2026-05-28 19:00:00,37299.67,37486.51,2903.3,8974.62,5249.88,2655.52,5828.86,7933.55,2881.47,1711.99,0.0,1261.45,989.18,demo,True
2026-05-28 20:00:00,37113.81,37361.04,2953.45,6065.86,5453.27,3211.42,6657.27,7699.91,2824.71,3193.56,0.0,1270.44,984.6,demo,True
2026-05-28 21:00:00,34573.01,34960.48,2700.04,4300.37,5214.49,2768.2,6683.42,8109.12,2890.9,2780.96,0.0,1281.88,931.14,demo,True
2026-05-28 22:00:00,32758.83,32879.24,2706.93,3254.85,5604.76,2826.97,6245.48,7403.15,2823.66,2542.14,0.0,1257.83,920.4,demo,True
2026-05-28 23:00:00,32224.67,32475.24,2748.94,1500.0,5958.64,3077.72,6413.64,7194.94,2866.05,3218.27,0.0,1273.15,972.82,demo,True
2026-05-29 00:00:00,29037.07,32016.69,2531.15,1500.0,5167.21,2831.67,6203.45,7592.08,2752.85,3716.64,0.0,1261.49,991.3,demo,True
2026-05-29 01:00:00,28532.53,32661.16,2610.48,1500.0,5048.54,3014.0,6682.9,7537.48,2953.77,3676.53,0.0,1263.06,984.88,demo,True
2026-05-29 02:00:00,26470.98,31399.13,2376.0,1500.0,4942.75,2448.43,6519.81,7749.4,2916.81,3144.49,0.0,1227.04,950.39,demo,True
2026-05-29 03:00:00,29513.43,31408.51,2283.07,1500.0,4624.47,2720.33,6091.98,7849.57,2702.59,3705.96,0.0,1241.77,971.83,demo,True
2026-05-29 04:00:00,29840.38,32978.7,2714.73,1500.0,5524.52,2871.41,6496.66,7601.34,3016.45,3759.03,0.0,1236.93,972.36,demo,True
2026-05-29 05:00:00,31065.25,31811.7,2531.61,1500.0,5108.09,2994.66,6243.44,7575.01,2876.77,3338.99,0.0,1220.28,954.47,demo,True
2026-05-29 06:00:00,33635.38,33793.95,2784.62,2489.24,5427.59,2938.55,7011.37,7750.35,2917.89,3094.49,0.0,1208.71,955.77,demo,True
2026-05-29 07:00:00,34231.38,34265.61,2793.73,2008.45,5479.88,2921.69,6812.79,7586.3,2990.69,3182.34,1091.12,1239.41,952.95,demo,True
2026-05-29 08:00:00,37711.1,37819.05,2996.91,4603.05,4918.95,2990.99,6457.2,7575.2,2938.71,3978.31,2186.87,1243.4,926.36,demo,True
2026-05-29 09:00:00,37839.31,38035.17,2972.85,3959.04,4957.99,2885.5,6528.37,7885.44,3039.44,3598.12,2999.22,1252.63,929.42,demo,True
2026-05-29 10:00:00,38591.32,38788.3,3019.34,3967.71,5653.62,2414.23,6854.82,7941.65,2864.64,3156.21,3742.59,1263.89,928.96,demo,True
2026-05-29 11:00:00,38629.51,38770.27,2896.13,4175.89,5181.78,3059.6,6439.24,7910.16,3024.09,2897.17,3925.62,1254.7,902.02,demo,True
2026-05-29 12:00:00,38541.68,38789.23,3218.96,3086.63,5028.33,2649.22,6765.44,7641.82,2914.75,4215.92,4289.27,1243.58,954.29,demo,True
2026-05-29 13:00:00,39325.43,40015.83,3128.13,5583.6,4928.25,2856.45,7017.09,7215.18,2960.87,3587.01,3691.47,1227.12,948.78,demo,True
2026-05-29 14:00:00,38964.97,38904.43,3034.69,4402.85,5163.22,2832.58,6328.19,7660.39,2948.27,4085.89,3238.25,1271.93,972.86,demo,True
2026-05-29 15:00:00,39296.22,39750.91,3218.51,3913.31,5592.05,2808.52,7076.15,7533.26,3048.51,4600.66,2943.18,1247.45,987.82,demo,True
2026-05-29 16:00:00,38943.65,39190.34,2971.36,6093.84,5378.21,2600.91,6974.29,7678.45,2985.89,3386.15,1863.7,1239.16,989.73,demo,True
2026-05-29 17:00:00,39335.41,39506.59,3175.35,7372.52,5247.26,2451.04,6587.0,7566.28,2845.79,4077.47,1121.36,1245.34,992.55,demo,True
2026-05-29 18:00:00,38444.31,38331.03,3008.21,6983.45,5613.02,2619.57,6344.63,7716.24,2821.53,4073.63,0.0,1231.68,927.29,demo,True
2026-05-29 19:00:00,39631.08,40018.38,3169.57,7982.18,5562.9,2948.72,6582.64,7499.0,2891.96,4407.2,0.0,1236.73,907.04,demo,True
2026-05-29 20:00:00,35790.78,35781.41,2916.94,4173.3,5286.87,2539.61,6414.42,7452.68,2806.08,4894.58,0.0,1235.94,977.92,demo,True
2026-05-29 21:00:00,36106.75,36505.77,2705.71,5037.94,5921.79,2641.55,6222.53,8010.18,2770.31,3667.18,0.0,1242.82,991.46,demo,True
2026-05-29 22:00:00,34196.7,34760.14,2657.39,2952.03,5135.67,2875.25,6686.3,7534.56,2640.41,4672.85,0.0,1266.39,996.68,demo,True
2026-05-29 23:00:00,30603.98,33389.44,2706.03,1500.0,5485.49,2615.06,6141.77,7754.61,2708.98,4958.8,0.0,1260.18,964.55,demo,True
2026-05-30 00:00:00,28487.35,33367.55,2423.08,1500.0,5097.82,2702.25,6381.51,7971.13,3132.17,4403.9,0.0,1288.67,890.1,demo,True
2026-05-30 01:00:00,26415.82,33641.05,2518.76,1500.0,5434.74,2814.73,6386.11,7968.84,2814.09,4481.28,0.0,1280.29,960.97,demo,True
2026-05-30 02:00:00,25970.63,33654.17,2418.87,1500.0,5135.42,2850.88,6022.16,7949.07,3120.15,4810.92,0.0,1298.91,966.66,demo,True
2026-05-30 03:00:00,25739.43,34024.15,2278.35,1500.0,5319.96,2611.5,6730.47,7847.29,2938.9,4824.51,0.0,1263.98,987.56,demo,True
2026-05-30 04:00:00,26776.47,34645.23,2329.67,1500.0,5821.44,2825.37,6420.08,7946.34,2883.25,4992.29,0.0,1263.58,992.89,demo,True
2026-05-30 05:00:00,28556.41,34821.54,2606.16,1500.0,5447.48,2871.79,6954.6,8095.49,2707.76,5029.31,0.0,1237.81,977.29,demo,True
2026-05-30 06:00:00,31015.87,33096.05,2779.52,1500.0,5323.98,2570.82,6414.37,7893.22,2886.93,4303.7,0.0,1270.65,932.38,demo,True
2026-05-30 07:00:00,33709.09,34677.91,2695.02,1500.0,4998.58,2838.67,6357.69,7401.78,3111.89,5334.22,982.37,1233.6,919.13,demo,True
2026-05-30 08:00:00,34520.25,36014.28,2890.33,1500.0,5248.94,2671.02,6183.38,7695.88,3070.11,5465.2,2000.51,1213.24,966.02,demo,True
2026-05-30 09:00:00,34938.09,36643.79,2865.62,1500.0,4937.92,2822.3,6513.66,7971.5,2914.4,5015.81,2753.82,1288.16,926.23,demo,True
2026-05-30 10:00:00,36821.27,36996.96,3002.61,1994.69,5430.61,2930.15,6515.64,7686.42,2741.86,4214.83,3269.73,1218.77,994.25,demo,True
2026-05-30 11:00:00,37128.48,38423.79,2900.89,1500.0,5424.09,2768.27,6759.62,8186.84,2762.97,4941.79,3920.37,1260.97,898.86,demo,True
2026-05-30 12:00:00,36916.4,37873.16,2818.22,1500.0,5153.29,2964.41,6523.46,7822.5,2773.57,5131.68,3809.26,1227.99,967.01,demo,True
2026-05-30 13:00:00,36871.01,38904.24,2794.43,1500.0,5632.52,2942.35,7232.87,7861.07,3027.23,4495.49,3974.97,1278.17,959.59,demo,True
2026-05-30 14:00:00,36106.18,38328.0,2723.8,1500.0,5595.95,2963.41,6659.68,8095.63,3067.55,4918.97,3301.45,1281.57,943.8,demo,True
2026-05-30 15:00:00,35699.7,36059.49,2991.52,1500.0,5238.91,2872.56,6154.61,7813.77,2893.06,4423.5,2977.62,1263.23,922.25,demo,True
2026-05-30 16:00:00,35852.07,36243.01,2831.3,1500.0,5347.03,2998.14,6124.98,7898.53,2830.92,5458.82,1915.29,1281.16,888.15,demo,True
2026-05-30 17:00:00,35341.35,35786.79,2705.73,1500.0,5047.0,2869.32,6687.18,8063.25,3050.79,5262.95,1122.06,1250.18,934.06,demo,True
2026-05-30 18:00:00,36413.36,36525.89,3018.84,5840.83,5129.23,2499.89,6143.59,7547.18,2745.09,4379.63,0.0,1305.85,934.58,demo,True
2026-05-30 19:00:00,35521.85,35972.03,2803.9,3356.01,4919.72,2657.43,6708.2,7813.89,2866.24,5398.54,0.0,1268.65,983.35,demo,True
2026-05-30 20:00:00,34090.34,34495.2,2694.13,1500.0,5075.63,2761.97,6813.47,8064.59,2913.01,5212.52,0.0,1227.49,926.51,demo,True
2026-05-30 21:00:00,30665.16,34662.35,2751.46,1500.0,5172.86,2784.3,6821.91,7902.07,2751.27,5514.62,0.0,1251.74,963.58,demo,True
2026-05-30 22:00:00,29876.04,33551.44,2393.22,1500.0,4768.3,2864.39,6195.78,8215.85,2775.77,5073.92,0.0,1246.19,911.23,demo,True
2026-05-30 23:00:00,29495.08,33730.52,2532.22,1500.0,5349.97,2654.75,6822.51,7551.67,2763.63,4879.84,0.0,1243.74,964.41,demo,True
2026-05-31 00:00:00,26471.62,34283.57,2294.56,1500.0,5465.75,3161.57,6612.91,7531.85,3016.42,4903.64,0.0,1208.57,882.87,demo,True
2026-05-31 01:00:00,25981.39,34216.71,2233.98,1500.0,5197.94,2781.56,6287.25,8078.2,3073.19,5026.05,0.0,1259.67,1012.86,demo,True
2026-05-31 02:00:00,24327.35,33669.58,2073.13,1500.0,4498.72,2798.62,6444.21,8104.5,2854.22,5308.2,0.0,1215.36,945.77,demo,True
2026-05-31 03:00:00,26736.91,34087.21,2354.02,1500.0,5134.22,2679.27,6664.95,7876.59,2805.17,5373.98,0.0,1186.86,866.16,demo,True
2026-05-31 04:00:00,26837.71,33369.34,2266.73,1500.0,4837.72,2619.39,6264.5,8012.22,2762.21,5203.42,0.0,1241.4,928.47,demo,True
2026-05-31 05:00:00,28916.02,34086.95,2520.62,1500.0,5041.5,2777.27,6605.65,8093.05,2831.17,5083.48,0.0,1231.1,923.73,demo,True
2026-05-31 06:00:00,32380.55,34677.16,2667.61,1500.0,5577.5,2804.96,7005.96,7754.95,2761.63,5113.36,0.0,1228.46,930.33,demo,True
2026-05-31 07:00:00,33799.77,35982.46,2686.06,1500.0,4567.04,2784.36,6837.42,7783.34,2812.65,6534.44,1051.74,1172.42,939.06,demo,True
2026-05-31 08:00:00,34188.74,36093.56,2664.73,1500.0,4987.75,3097.93,6528.7,7985.35,2870.44,4884.32,2080.22,1228.73,930.12,demo,True
2026-05-31 09:00:00,35170.85,37131.59,2919.97,1500.0,5415.69,2777.26,6581.95,8147.22,2768.7,4977.43,2792.17,1245.66,925.51,demo,True
2026-05-31 10:00:00,36026.29,38607.7,2880.75,1500.0,5017.5,2784.53,6311.68,7696.45,2791.02,6887.7,3469.43,1234.15,915.24,demo,True
2026-05-31 11:00:00,36850.6,37825.1,2807.23,1500.0,4997.61,2946.75,6321.54,7913.99,2787.87,5433.31,3689.69,1259.68,974.65,demo,True
2026-05-31 12:00:00,36394.48,37654.32,2726.06,1500.0,5728.43,2769.21,5961.98,7908.32,2768.31,4512.53,4234.69,1284.82,986.03,demo,True
2026-05-31 13:00:00,36082.49,38571.52,2660.13,1500.0,5298.38,2897.08,6587.89,8058.45,2749.67,5601.31,3673.46,1262.91,942.36,demo,True
2026-05-31 14:00:00,37332.86,37717.02,3007.29,1500.0,5442.92,2569.77,6738.87,7968.96,2890.27,4700.16,3680.94,1275.66,949.47,demo,True
2026-05-31 15:00:00,36280.05,37104.68,2926.72,1500.0,5328.61,2571.19,6475.2,7855.09,2582.42,5582.71,3015.5,1277.73,916.21,demo,True
2026-05-31 16:00:00,38079.52,38115.93,3061.75,3341.02,5242.04,2821.97,6192.94,8254.11,2979.86,4993.56,2113.78,1224.53,952.13,demo,True
2026-05-31 17:00:00,36559.69,36547.6,2891.94,3044.93,5528.65,2758.31,6523.14,7864.96,2803.19,4847.89,958.66,1260.98,956.9,demo,True
2026-05-31 18:00:00,37507.22,37639.64,3035.12,3483.41,5695.39,2654.38,6969.62,7923.44,2856.04,5839.06,0.0,1274.88,943.42,demo,True
2026-05-31 19:00:00,35840.39,36256.23,2966.32,3867.05,4762.29,2821.93,6814.29,7641.61,2865.71,5282.36,0.0,1239.1,961.88,demo,True
2026-05-31 20:00:00,35082.41,35639.24,2816.44,2954.97,5190.82,2837.64,6489.68,7838.71,2689.53,5448.4,0.0,1230.23,959.26,demo,True
2026-05-31 21:00:00,32236.86,34673.1,2625.47,1500.0,5188.77,2672.22,7216.6,8113.14,2660.51,5140.23,0.0,1263.26,918.38,demo,True
2026-05-31 22:00:00,30161.54,34313.89,2462.5,1500.0,5088.39,2706.62,7444.55,8073.96,2642.05,4659.58,0.0,1212.96,985.79,demo,True
2026-05-31 23:00:00,29042.29,34308.33,2514.7,1500.0,5455.08,2838.99,6331.95,8139.08,2731.9,5144.76,0.0,1222.8,943.77,demo,True
2026-06-01 00:00:00,30138.85,34402.93,2579.39,1500.0,5266.79,2616.21,6413.94,8132.09,2841.02,5399.29,0.0,1233.33,1000.27,demo,True
2026-06-01 01:00:00,28267.16,34830.84,2402.41,1500.0,5700.62,2691.27,6742.67,8473.78,2682.58,4816.04,0.0,1261.26,962.61,demo,True
2026-06-01 02:00:00,26910.36,34603.72,2329.01,1500.0,5486.07,2896.11,6180.46,7853.5,2821.05,5601.93,0.0,1255.47,1009.13,demo,True
2026-06-01 03:00:00,27287.63,34110.72,2372.9,1500.0,5554.82,2795.71,6797.2,7665.23,2459.35,5077.34,0.0,1275.81,985.26,demo,True
2026-06-01 04:00:00,28449.53,33015.67,2517.49,1500.0,4888.22,2714.1,6535.51,7793.78,2692.6,4707.69,0.0,1226.95,956.82,demo,True
2026-06-01 05:00:00,29985.66,33335.26,2406.42,1500.0,4990.42,2637.45,6630.07,7873.43,2874.23,4675.74,0.0,1225.61,928.31,demo,True
2026-06-01 06:00:00,33339.14,33742.82,2625.62,2530.95,5011.84,2617.62,6298.6,7817.14,2708.91,4565.7,0.0,1263.1,928.95,demo,True
2026-06-01 07:00:00,36035.79,35926.95,2788.44,3633.8,5544.01,2776.28,6224.3,8055.28,2625.14,3817.42,1054.69,1230.03,965.99,demo,True
2026-06-01 08:00:00,36903.94,36914.42,2899.68,3659.65,4948.53,3164.65,5805.09,8313.37,2640.98,4342.91,1850.03,1234.91,954.29,demo,True
2026-06-01 09:00:00,36513.81,36589.26,2905.54,1791.73,4956.14,2901.84,7019.67,8379.55,2351.56,4442.5,2610.36,1203.58,932.33,demo,True
2026-06-01 10:00:00,38630.63,39015.34,2909.67,4160.72,4908.45,2560.08,6829.51,8154.74,2588.57,4066.96,3514.05,1257.27,974.99,demo,True
2026-06-01 11:00:00,38889.71,39004.51,3080.37,1673.89,5915.79,2927.3,6735.68,8517.76,2831.89,4386.16,3776.35,1288.53,951.16,demo,True
2026-06-01 12:00:00,40445.34,40767.58,3249.16,5529.18,5163.02,2663.4,6621.91,7971.09,2630.09,4169.63,3819.82,1224.27,975.17,demo,True
2026-06-01 13:00:00,37849.17,38066.45,2982.66,3229.59,5337.77,2799.13,5693.52,7693.08,2639.2,4486.88,3991.0,1275.54,920.74,demo,True
2026-06-01 14:00:00,38542.36,38805.17,3098.64,4335.24,4903.44,2694.01,6237.11,8286.6,2410.02,4372.17,3338.07,1248.52,979.98,demo,True
2026-06-01 15:00:00,40064.09,40403.36,3036.99,6091.48,5449.41,3164.1,6410.37,7653.01,2489.0,4064.38,2910.73,1205.86,965.03,demo,True
2026-06-01 16:00:00,39294.79,39593.81,3010.14,7989.15,4738.85,2595.86,6121.53,7893.91,2822.33,3237.09,1981.54,1227.63,985.93,demo,True
2026-06-01 17:00:00,39400.49,39647.07,3130.07,7061.62,4945.46,2856.45,5907.27,8176.88,2748.38,4755.76,989.84,1226.09,979.32,demo,True
2026-06-01 18:00:00,38847.71,39156.58,3088.66,8837.93,5009.84,2676.64,6157.92,8042.3,2513.35,3729.05,0.0,1242.09,947.45,demo,True
2026-06-01 19:00:00,38331.23,38620.28,2978.44,7395.31,5256.91,2932.99,6517.2,8025.11,2588.09,3699.16,0.0,1260.49,945.04,demo,True
2026-06-01 20:00:00,37462.66,37674.92,3136.36,7038.77,4993.8,2852.82,6517.29,7809.56,2654.93,3508.04,0.0,1296.22,1003.49,demo,True
2026-06-01 21:00:00,34687.45,34859.83,2861.22,3311.01,5596.24,3025.82,6817.63,8069.1,2509.54,3374.99,0.0,1214.22,941.28,demo,True
2026-06-01 22:00:00,33883.81,34472.29,2826.66,1746.8,5330.84,2929.26,7222.11,8294.34,2407.19,4331.41,0.0,1237.88,972.45,demo,True
2026-06-01 23:00:00,30269.39,32998.1,2492.19,1500.0,5020.7,2675.16,6740.02,8079.92,2623.16,4192.98,0.0,1227.6,938.56,demo,True
2026-06-02 00:00:00,29686.72,33098.83,2687.63,1500.0,5459.38,3324.92,6438.56,7894.79,2705.52,3663.22,0.0,1218.3,894.14,demo,True
2026-06-02 01:00:00,28374.1,32629.49,2453.26,1500.0,5097.75,2899.98,7130.11,7804.81,2702.35,3328.92,0.0,1252.39,913.18,demo,True
2026-06-02 02:00:00,27389.43,31674.22,2483.91,1500.0,5046.49,2700.88,5946.32,7902.92,2730.85,3634.56,0.0,1250.04,962.18,demo,True
2026-06-02 03:00:00,28233.93,31625.87,2394.42,1500.0,5432.91,2837.0,5772.4,8169.02,2433.86,3304.99,0.0,1204.65,971.03,demo,True
2026-06-02 04:00:00,29022.75,31276.7,2500.85,1500.0,4562.27,2913.55,6189.65,8159.9,2621.67,3116.94,0.0,1250.45,962.28,demo,True
2026-06-02 05:00:00,30482.81,32598.92,2632.83,1500.0,5391.05,2906.7,6784.27,7909.72,2576.92,3326.01,0.0,1219.87,984.38,demo,True
2026-06-02 06:00:00,33024.97,33197.71,2923.59,3446.48,5014.6,2889.29,6559.0,7600.92,2593.06,2882.34,0.0,1250.3,961.74,demo,True
2026-06-02 07:00:00,34485.47,34731.98,2762.47,3537.91,5014.2,2973.97,6105.09,8181.06,2572.48,3176.13,962.66,1281.74,926.74,demo,True
2026-06-02 08:00:00,37149.29,37457.23,2980.78,4852.78,5709.12,2956.27,6245.52,7892.45,2512.99,3100.41,1958.29,1261.58,967.83,demo,True
2026-06-02 09:00:00,37301.04,37543.84,3000.9,4786.76,5061.88,2647.44,6065.48,8242.76,2224.44,3249.37,3056.18,1254.44,955.09,demo,True
2026-06-02 10:00:00,39272.55,39446.95,2942.49,5584.11,5448.54,3179.45,6065.47,7925.96,2720.31,2589.32,3764.29,1236.78,932.73,demo,True
2026-06-02 11:00:00,38186.64,38788.45,2801.7,3765.02,5272.6,3154.4,7042.87,7876.02,2614.78,3206.4,3640.51,1251.67,964.18,demo,True
2026-06-02 12:00:00,38591.73,38805.65,2938.24,5004.3,5299.58,2944.17,6449.8,8128.04,2391.34,2352.16,4019.8,1264.08,952.38,demo,True
2026-06-02 13:00:00,38441.94,38580.32,3093.34,3787.14,5134.86,2806.97,7119.35,8613.94,2620.5,2474.63,3829.48,1261.6,931.85,demo,True
2026-06-02 14:00:00,39753.44,40152.93,3261.22,7121.24,5121.29,2810.06,6188.49,8260.86,2504.3,2453.73,3500.77,1247.52,944.66,demo,True
2026-06-02 15:00:00,39111.2,39513.56,3000.77,6593.26,5597.28,2741.72,6671.89,8126.78,2501.93,2141.21,2891.64,1255.43,992.41,demo,True
2026-06-02 16:00:00,38841.59,39345.84,2959.44,6722.04,5441.92,2765.01,6579.48,8176.43,2454.23,3145.92,1852.29,1217.09,991.43,demo,True
2026-06-02 17:00:00,39365.27,39962.29,3277.62,9944.44,5070.08,2406.38,6807.89,7712.83,2605.09,2116.31,1111.99,1231.64,955.64,demo,True
2026-06-02 18:00:00,37302.47,37614.79,2976.7,8296.16,4928.07,3075.45,6589.09,7851.67,2438.88,2216.07,0.0,1267.69,951.72,demo,True
2026-06-02 19:00:00,38080.07,38278.19,3031.48,8091.4,5048.04,3011.94,6844.78,7546.61,2397.44,3159.92,0.0,1271.05,907.01,demo,True
2026-06-02 20:00:00,38326.59,38234.19,3203.52,7978.23,5455.19,2498.2,6693.97,8479.94,2659.07,2215.67,0.0,1252.34,1001.58,demo,True
2026-06-02 21:00:00,35356.73,35437.92,3003.44,5275.75,5506.46,2960.2,6118.05,8435.67,2495.98,2377.74,0.0,1286.97,981.09,demo,True
2026-06-02 22:00:00,33326.71,33614.25,2857.7,3860.63,5344.29,2798.61,6756.45,8186.26,2493.94,1938.81,0.0,1262.7,972.56,demo,True
2026-06-02 23:00:00,31624.19,31661.62,2488.61,1972.85,4779.64,2764.17,6463.92,8129.69,2588.91,2836.51,0.0,1244.17,881.76,demo,True
2026-06-03 00:00:00,30093.78,31182.96,2451.36,1500.0,5395.98,2888.71,6228.15,7758.65,2419.89,2820.84,0.0,1219.51,951.23,demo,True
2026-06-03 01:00:00,26860.75,31736.66,2487.01,1500.0,5538.93,2486.3,6742.89,8051.71,2438.0,2746.67,0.0,1285.97,946.19,demo,True
2026-06-03 02:00:00,26653.2,32252.6,2399.73,1500.0,5245.12,2797.98,6822.55,8494.17,2525.05,2627.99,0.0,1269.26,970.48,demo,True
2026-06-03 03:00:00,28407.02,31397.76,2407.12,1500.0,5714.75,2814.31,6330.75,8128.56,2297.59,2380.38,0.0,1294.96,936.47,demo,True
2026-06-03 04:00:00,28968.11,30342.1,2470.94,1500.0,4856.55,2814.48,6377.3,7975.15,2503.27,2068.13,0.0,1304.17,943.05,demo,True
2026-06-03 05:00:00,32161.41,32522.4,2813.43,4385.15,5378.05,2553.85,6014.51,7712.24,2380.25,1911.94,0.0,1217.83,968.58,demo,True
2026-06-03 06:00:00,33061.88,33518.74,2870.27,3764.59,4934.74,2880.44,5868.35,8402.25,2567.79,2955.89,0.0,1217.89,926.79,demo,True
2026-06-03 07:00:00,33914.09,34555.31,2782.64,3280.42,5475.22,2990.77,6415.19,8082.65,2524.95,2687.27,987.64,1178.42,932.78,demo,True
2026-06-03 08:00:00,36045.72,36766.25,2860.41,5459.26,5359.34,2873.32,6777.22,7711.0,2503.31,1954.56,1899.47,1272.96,955.8,demo,True
2026-06-03 09:00:00,36191.33,36573.03,2882.34,4428.16,5668.35,2758.75,6299.36,7893.48,2254.95,2319.92,2693.5,1266.41,990.15,demo,True
2026-06-03 10:00:00,38620.28,38787.51,3166.02,4945.09,5329.92,3284.03,6999.73,7815.01,2429.62,2151.16,3606.25,1252.44,974.25,demo,True
2026-06-03 11:00:00,38891.8,39152.93,3176.38,6438.44,5094.96,2633.58,6428.22,8066.26,2295.01,1740.76,4254.1,1219.35,982.26,demo,True
2026-06-03 12:00:00,38701.02,39234.2,3056.6,5767.96,5072.32,2939.22,6429.65,8139.96,2426.12,2399.76,3859.54,1247.77,951.9,demo,True
2026-06-03 13:00:00,39644.38,39733.6,3053.61,6671.16,5134.95,2843.79,6398.82,7982.65,2146.99,2111.68,4194.09,1254.62,994.85,demo,True
2026-06-03 14:00:00,39674.8,40185.38,3217.96,7224.19,5067.21,3162.22,6843.56,8263.25,2234.21,1854.05,3369.36,1269.57,897.76,demo,True
2026-06-03 15:00:00,38770.72,38990.14,3214.72,6930.69,5550.25,2869.61,6164.38,8108.5,2556.11,1604.02,2939.08,1256.82,1010.67,demo,True
2026-06-03 16:00:00,37505.52,37796.4,2876.52,6407.92,5531.67,2908.21,6454.86,8323.66,2452.04,1577.32,1859.58,1266.6,1014.55,demo,True
2026-06-03 17:00:00,39458.27,39562.88,3119.39,9733.34,4810.89,2891.03,6308.42,8010.07,2359.64,2191.48,1047.41,1246.9,963.7,demo,True
2026-06-03 18:00:00,39176.25,39187.98,3229.11,9410.94,5209.97,2609.5,6303.45,8757.26,2287.42,2354.93,0.0,1279.54,974.97,demo,True
2026-06-03 19:00:00,38336.84,38536.65,3103.23,9745.06,5216.25,2643.6,6512.3,7961.65,2260.75,1982.38,0.0,1265.79,948.86,demo,True
2026-06-03 20:00:00,37625.37,38109.91,2995.7,8673.22,4996.86,2750.38,6460.34,7885.58,2409.3,2770.19,0.0,1220.33,943.71,demo,True
2026-06-03 21:00:00,34458.71,34582.36,2861.29,4577.15,5313.94,2972.33,6868.08,7856.92,2338.48,2439.04,0.0,1284.73,931.67,demo,True
2026-06-03 22:00:00,34695.3,35235.55,2881.43,4704.57,5579.82,2841.96,6496.23,8034.62,2559.78,2789.4,0.0,1280.64,948.53,demo,True
2026-06-03 23:00:00,30578.9,31105.46,2499.24,1500.0,5431.87,2762.79,6694.25,7700.97,2346.5,2440.76,0.0,1261.64,966.68,demo,True
2026-06-04 00:00:00,30001.32,31561.76,2577.69,1500.0,5550.24,3047.0,6560.46,8142.24,2370.24,2171.97,0.0,1257.02,962.6,demo,True
2026-06-04 01:00:00,27087.84,30754.11,2435.88,1500.0,5013.2,2443.16,6991.32,7656.36,2191.12,2657.89,0.0,1291.47,1009.6,demo,True
2026-06-04 02:00:00,27189.65,30257.48,2363.79,1500.0,5209.49,2566.75,6394.17,8109.1,2309.03,2006.76,0.0,1209.17,953.01,demo,True
2026-06-04 03:00:00,29331.27,30522.38,2442.73,1500.0,5000.93,2350.61,6395.15,7774.2,2368.17,2946.95,0.0,1281.03,905.34,demo,True
2026-06-04 04:00:00,29295.9,31309.84,2482.66,1500.0,5262.25,3017.5,6760.76,7985.45,2296.83,2249.62,0.0,1238.09,999.33,demo,True
2026-06-04 05:00:00,31840.94,32379.47,2570.37,2032.96,5285.66,2782.59,6389.4,8200.12,2277.97,3220.03,0.0,1277.38,913.37,demo,True
2026-06-04 06:00:00,33458.37,33725.45,2839.57,2863.31,5449.56,2973.93,6674.44,8571.71,2370.18,2636.09,0.0,1253.01,933.22,demo,True
2026-06-04 07:00:00,35204.79,35370.11,2763.25,2828.77,5541.51,2780.33,7318.27,7825.3,2507.48,3382.6,1008.78,1218.93,958.15,demo,True
2026-06-04 08:00:00,37898.03,37944.09,3038.9,6483.82,5379.13,2984.17,6157.37,8026.95,2337.88,2337.58,2037.1,1237.59,962.52,demo,True
2026-06-04 09:00:00,37960.44,38439.69,2976.02,5631.53,4976.36,2777.18,7036.08,7898.27,2452.6,2609.02,2876.47,1275.54,906.64,demo,True
2026-06-04 10:00:00,37547.65,37721.03,2892.75,4335.77,4848.44,2873.78,6327.73,7863.53,2384.75,3188.77,3725.91,1244.74,927.61,demo,True
2026-06-04 11:00:00,38471.4,38662.34,3120.67,3149.07,5335.21,2847.43,6968.19,7894.94,2435.18,3635.25,4257.04,1234.46,905.58,demo,True
2026-06-04 12:00:00,39393.97,39833.31,3047.04,4278.29,5590.14,2860.79,6740.12,8230.79,2226.83,3936.22,3767.19,1234.3,968.65,demo,True
2026-06-04 13:00:00,39176.02,39795.77,3003.34,5397.18,5193.55,3103.25,6710.11,7939.31,2270.15,3177.64,3753.01,1266.06,985.5,demo,True
2026-06-04 14:00:00,37748.89,38044.13,2879.01,3725.53,4802.88,2507.6,6447.16,8538.64,2265.68,4130.92,3418.61,1293.77,913.34,demo,True
2026-06-04 15:00:00,38392.96,38618.3,3054.34,5040.61,5742.04,2787.69,6412.32,8132.34,2350.63,3123.26,2853.05,1196.48,979.87,demo,True
2026-06-04 16:00:00,38602.6,38851.58,3116.27,6055.4,5327.25,2835.64,6247.3,7815.58,2375.29,3874.38,2022.81,1320.02,977.92,demo,True
2026-06-04 17:00:00,38780.34,38948.35,3201.53,7937.09,5244.5,2808.69,6502.2,7954.0,2290.37,2911.58,1114.59,1255.09,930.23,demo,True
2026-06-04 18:00:00,37834.36,38020.31,3020.54,7922.95,4896.33,2728.38,6435.63,7855.09,2375.77,3651.13,0.0,1264.51,890.52,demo,True
2026-06-04 19:00:00,37690.41,37877.32,3027.33,8513.95,5204.22,2703.75,6566.86,8204.25,2198.23,2329.11,0.0,1239.09,917.86,demo,True
2026-06-04 20:00:00,36438.31,36852.24,2976.94,7179.58,5378.59,3075.4,6006.27,7664.37,2367.38,2998.59,0.0,1249.91,932.14,demo,True
2026-06-04 21:00:00,35824.16,36058.29,2920.71,5223.83,5330.79,2787.27,6507.93,7726.5,2378.39,3852.53,0.0,1254.81,996.25,demo,True
2026-06-04 22:00:00,33865.55,34360.23,2729.09,3741.84,5023.23,3238.83,6941.93,7887.89,2333.21,3023.08,0.0,1223.77,946.45,demo,True
2026-06-04 23:00:00,31158.43,32941.6,2744.05,1500.0,5185.16,2895.09,6830.42,8164.74,2263.47,3953.08,0.0,1229.86,919.8,demo,True
2026-06-05 00:00:00,29212.43,32893.66,2494.83,1500.0,5039.84,2747.86,6508.05,8282.15,2328.48,4253.23,0.0,1279.61,954.44,demo,True
2026-06-05 01:00:00,28376.93,33603.16,2521.93,1500.0,5632.68,2899.48,7396.85,8310.9,2131.18,3609.74,0.0,1211.19,911.14,demo,True
2026-06-05 02:00:00,27279.23,32090.75,2438.66,1500.0,5432.67,2819.61,6297.93,8119.98,2257.89,3436.22,0.0,1261.03,965.43,demo,True
2026-06-05 03:00:00,27477.03,32227.21,2446.75,1500.0,5063.67,3041.56,6469.66,7981.37,2265.83,3743.71,0.0,1240.74,920.67,demo,True
2026-06-05 04:00:00,28830.37,30923.53,2384.36,1500.0,4896.2,2589.81,5992.32,8170.52,2065.96,3557.71,0.0,1225.98,925.02,demo,True
2026-06-05 05:00:00,30818.63,31934.94,2586.54,1500.0,5272.23,2475.79,6358.73,7739.95,2278.25,4049.43,0.0,1299.3,961.26,demo,True
2026-06-05 06:00:00,32488.07,32793.16,2898.7,1642.74,5071.87,2864.98,7125.73,7581.88,2067.3,4210.02,0.0,1226.14,1002.51,demo,True
2026-06-05 07:00:00,35401.7,35876.61,2995.33,3800.93,5091.24,2950.43,6372.08,8079.66,2161.72,4064.32,1118.55,1221.75,1015.93,demo,True
2026-06-05 08:00:00,37464.13,37671.9,2969.06,4813.1,4904.84,2851.46,5965.26,7758.17,2213.82,5112.18,1888.93,1245.33,918.8,demo,True
2026-06-05 09:00:00,37025.13,37471.22,2900.65,3927.24,4937.03,2921.05,6805.2,7960.81,2117.4,3972.21,2667.4,1230.79,932.1,demo,True
2026-06-05 10:00:00,38821.76,39114.54,2811.74,3450.97,5242.29,2894.58,6636.22,7997.19,2211.1,5083.67,3382.89,1250.16,965.47,demo,True
2026-06-05 11:00:00,38889.72,39298.58,2983.44,4591.76,5130.61,2533.53,6790.73,8021.08,2205.34,3922.42,3864.16,1253.88,985.06,demo,True
2026-06-05 12:00:00,39257.2,39681.19,3034.41,3742.55,5849.09,2850.62,6396.03,8168.37,2095.16,4533.47,3904.95,1255.87,885.08,demo,True
2026-06-05 13:00:00,38900.11,38980.61,2968.85,2606.84,5354.51,3037.02,6147.51,8140.6,2258.03,5141.55,4095.04,1246.9,952.62,demo,True
2026-06-05 14:00:00,37838.31,38101.27,2927.15,3159.88,4900.56,2830.92,6435.73,7995.87,2094.53,5167.38,3348.57,1232.45,935.39,demo,True
2026-06-05 15:00:00,38026.32,38448.62,3041.34,4828.47,4800.73,2564.21,6694.2,7851.08,2457.22,4441.97,2652.38,1266.09,892.28,demo,True
2026-06-05 16:00:00,39040.4,39491.37,2965.75,5710.21,5303.52,2739.91,6474.69,7967.32,2166.01,4978.65,1993.97,1247.21,909.88,demo,True
2026-06-05 17:00:00,39766.32,40241.94,3147.33,7537.29,5096.81,2900.22,6635.78,7807.68,2035.16,4959.26,1099.16,1237.61,932.97,demo,True
2026-06-05 18:00:00,37257.57,37526.42,2977.57,5836.42,5546.18,3123.21,6312.11,7890.79,2054.22,4524.71,0.0,1287.0,951.76,demo,True
2026-06-05 19:00:00,38382.28,38909.51,2954.44,6353.47,5273.28,2447.86,6648.78,8505.1,2306.75,5147.06,0.0,1246.97,980.24,demo,True
2026-06-05 20:00:00,37791.07,37922.77,3144.49,5742.35,4684.54,2865.02,6498.95,7964.22,2116.71,5813.05,0.0,1277.3,960.63,demo,True
2026-06-05 21:00:00,35186.97,35167.92,2905.55,3912.95,4934.95,2632.2,6252.94,8018.16,1998.99,5158.62,0.0,1280.67,978.43,demo,True
2026-06-05 22:00:00,33694.31,33894.34,2671.02,1930.65,5024.43,2891.39,6548.98,7758.81,2262.0,5245.09,0.0,1282.19,950.8,demo,True
2026-06-05 23:00:00,30778.35,33856.72,2621.93,1500.0,5314.93,2905.81,6364.66,8133.28,2106.67,5335.24,0.0,1267.28,928.85,demo,True
2026-06-06 00:00:00,26913.3,32701.69,2245.54,1500.0,4926.28,2758.03,6716.01,8070.91,2232.0,4303.99,0.0,1249.98,944.49,demo,True
2026-06-06 01:00:00,24654.34,34306.36,2182.11,1500.0,5239.73,2913.69,6805.6,8067.19,2262.99,5297.9,0.0,1248.4,970.87,demo,True
2026-06-06 02:00:00,23719.79,32970.02,2314.48,1500.0,4852.6,3005.18,6675.54,7940.31,2180.86,4590.66,0.0,1243.9,980.98,demo,True
2026-06-06 03:00:00,26449.75,32922.23,2363.81,1500.0,5201.61,2770.38,5927.75,8115.16,2432.7,4833.24,0.0,1195.83,945.56,demo,True
2026-06-06 04:00:00,26309.03,34041.61,2340.5,1500.0,5296.21,2559.31,6162.33,8161.95,1935.58,6236.15,0.0,1267.97,922.13,demo,True
2026-06-06 05:00:00,28454.13,33664.07,2545.11,1500.0,5579.99,3056.6,6277.2,7938.94,2041.82,5053.34,0.0,1256.11,960.07,demo,True
2026-06-06 06:00:00,29841.99,32954.35,2584.79,1500.0,5263.85,2949.17,6221.29,7845.86,2106.76,4832.44,0.0,1270.64,964.34,demo,True
2026-06-06 07:00:00,31811.28,35280.12,2587.17,1500.0,4987.65,2901.48,6310.0,8062.25,2406.4,5799.1,1079.19,1247.07,986.98,demo,True
2026-06-06 08:00:00,34341.65,35716.8,2848.16,1500.0,5588.18,2675.63,6823.84,7660.84,2348.47,4766.94,2156.65,1266.62,929.64,demo,True
2026-06-06 09:00:00,35135.4,36214.88,2646.94,1500.0,5152.37,2977.38,6744.53,7696.04,2285.09,5032.7,2681.23,1215.56,929.97,demo,True
2026-06-06 10:00:00,36578.75,37801.42,2805.83,1500.0,5401.13,3167.64,6351.65,7836.46,2032.97,5894.21,3423.91,1220.77,972.68,demo,True
2026-06-06 11:00:00,36870.45,37119.55,2881.99,2063.6,5040.65,2778.16,6707.13,7459.22,2044.85,5301.96,3598.11,1188.09,937.78,demo,True
2026-06-06 12:00:00,36752.73,37074.99,2934.66,1973.37,5223.6,2817.01,6615.09,8018.47,2024.7,4508.26,3711.33,1246.64,936.51,demo,True
2026-06-06 13:00:00,36586.18,37273.16,2825.75,1500.0,4991.67,2608.27,6488.5,7618.58,2028.16,5567.13,4252.54,1230.69,987.62,demo,True
2026-06-06 14:00:00,37470.27,37888.45,2766.75,2272.05,5283.79,2670.48,6901.88,7720.66,2299.43,5100.55,3503.33,1227.42,908.87,demo,True
2026-06-06 15:00:00,35672.68,36774.96,2639.24,1500.0,5409.0,2606.58,6268.55,7771.38,2089.26,6069.93,2790.22,1258.37,1011.69,demo,True
2026-06-06 16:00:00,36491.35,36552.34,2886.37,3104.12,5071.35,2823.55,6518.47,7820.8,2103.42,4995.69,1943.96,1239.36,931.62,demo,True
2026-06-06 17:00:00,37349.05,37682.88,2906.64,4668.24,5056.74,2738.66,6132.2,7730.36,2208.1,5820.75,1137.67,1214.17,976.0,demo,True
2026-06-06 18:00:00,37202.68,37570.79,2876.35,5125.78,5292.77,2867.1,6148.97,7784.89,1914.01,6176.91,0.0,1313.62,946.74,demo,True
2026-06-06 19:00:00,34655.03,34872.35,2718.61,4262.57,4985.5,2639.46,6023.73,7780.29,2118.48,4855.1,0.0,1249.07,958.14,demo,True
2026-06-06 20:00:00,34249.68,34447.86,2800.2,3711.75,4805.33,2769.84,6154.95,7688.71,1979.16,5173.08,0.0,1222.92,942.12,demo,True
2026-06-06 21:00:00,33754.78,34450.31,2871.29,2656.65,5291.83,2628.36,6529.09,7610.55,2074.15,5450.73,0.0,1233.25,975.7,demo,True
2026-06-06 22:00:00,31174.82,32947.27,2614.47,1500.0,5172.0,2833.76,6394.13,8012.12,2037.89,4812.1,0.0,1245.67,939.58,demo,True
2026-06-06 23:00:00,28917.18,32449.9,2594.9,1500.0,5166.5,2506.18,6405.55,7304.73,2030.57,5357.95,0.0,1245.62,932.81,demo,True
2026-06-07 00:00:00,26854.48,33284.1,2331.06,1500.0,5335.48,2827.28,6395.29,7715.88,2133.15,5090.06,0.0,1282.55,1004.4,demo,True
2026-06-07 01:00:00,25530.32,33781.45,2341.0,1500.0,5371.8,2749.83,7120.46,7651.38,2131.65,5057.44,0.0,1248.01,950.88,demo,True
2026-06-07 02:00:00,25572.59,32916.32,2409.77,1500.0,5158.14,2832.57,6101.99,7840.02,2077.84,5179.64,0.0,1296.38,929.73,demo,True
2026-06-07 03:00:00,25623.15,31852.71,2274.16,1500.0,4908.11,2502.59,6064.57,7421.24,2147.9,5163.82,0.0,1239.19,905.29,demo,True
2026-06-07 04:00:00,26978.72,32726.48,2371.04,1500.0,5033.97,2917.85,6204.1,7624.49,1998.47,5180.98,0.0,1260.66,1005.97,demo,True
2026-06-07 05:00:00,28838.02,32939.5,2443.96,1500.0,5352.09,2746.23,6474.84,7705.13,2183.86,4768.37,0.0,1275.55,933.44,demo,True
2026-06-07 06:00:00,30347.85,33336.34,2613.78,1500.0,5235.46,2839.08,6680.17,7956.22,2076.78,4756.89,0.0,1279.88,1011.86,demo,True
2026-06-07 07:00:00,33180.75,33990.65,2782.28,1599.49,5057.06,2463.39,6716.51,7787.0,2043.02,4939.87,1139.56,1282.8,961.97,demo,True
2026-06-07 08:00:00,36513.3,36681.81,2936.4,3757.53,4996.06,2576.31,6830.62,7446.62,2005.31,4939.53,1932.35,1243.2,954.29,demo,True
2026-06-07 09:00:00,34412.21,35373.85,2739.68,1500.0,5360.63,2729.77,6462.12,7592.77,2071.41,4703.34,2748.84,1249.86,955.1,demo,True
2026-06-07 10:00:00,36550.98,37214.99,2727.25,1500.0,5142.37,3047.59,6361.29,7887.93,2324.65,5043.77,3702.9,1188.01,1016.48,demo,True
2026-06-07 11:00:00,36031.54,36301.06,2856.15,1687.67,5395.71,2894.91,7071.71,7421.76,2092.44,3931.71,3675.82,1245.1,884.23,demo,True
2026-06-07 12:00:00,36942.32,37457.06,2882.33,3226.55,5428.63,2823.38,5525.53,7661.53,1962.67,4429.45,4165.62,1277.28,956.43,demo,True
2026-06-07 13:00:00,36461.75,36566.76,2878.6,1500.0,5118.66,2633.62,6521.97,7669.68,2210.3,4608.7,4089.36,1272.42,942.04,demo,True
2026-06-07 14:00:00,36909.13,37235.66,2927.57,3230.91,5446.91,2600.87,6650.5,7579.62,2043.54,4273.06,3218.8,1247.84,943.61,demo,True
2026-06-07 15:00:00,37252.85,37731.15,3051.02,1500.0,5235.99,2849.8,7155.79,8250.33,2134.43,5466.7,2891.15,1292.48,954.48,demo,True
2026-06-07 16:00:00,36674.5,36846.02,2854.23,4298.43,5269.62,2926.12,5918.8,7559.2,2028.0,4611.13,2052.32,1240.4,942.01,demo,True
2026-06-07 17:00:00,37358.61,37521.67,2830.24,5866.07,4630.93,2837.62,6352.95,7741.64,2254.75,4638.38,1011.59,1232.1,955.64,demo,True
2026-06-07 18:00:00,34686.49,34763.0,2733.95,4742.44,4947.56,3107.72,6024.84,7466.76,2030.63,4255.47,0.0,1238.3,949.29,demo,True
2026-06-07 19:00:00,36773.58,36726.12,2899.48,6635.14,4961.66,2677.16,5870.6,7744.07,2269.81,4435.15,0.0,1221.94,910.59,demo,True
2026-06-07 20:00:00,34740.88,35060.86,2942.75,4886.77,5117.15,2832.29,6428.42,7812.12,1976.79,3780.32,0.0,1265.56,961.44,demo,True
2026-06-07 21:00:00,33568.58,33806.72,2647.65,3262.48,5229.73,2495.23,6791.58,7483.73,2068.27,4247.0,0.0,1257.21,971.48,demo,True
2026-06-07 22:00:00,29975.25,32371.71,2450.7,1500.0,5240.37,2837.99,6922.09,7593.56,2272.22,3806.5,0.0,1265.25,933.74,demo,True
2026-06-07 23:00:00,28208.96,32003.32,2492.05,1500.0,5274.29,3064.49,6313.84,7401.1,2125.29,4078.62,0.0,1239.64,1006.04,demo,True
2026-06-08 00:00:00,29619.02,30702.74,2617.26,1500.0,5021.91,2612.53,6733.28,7338.73,2378.65,2879.02,0.0,1248.55,990.07,demo,True
2026-06-08 01:00:00,28297.05,31854.86,2324.26,1500.0,5379.75,2951.58,6430.8,7810.99,2074.83,3536.04,0.0,1195.54,975.32,demo,True
2026-06-08 02:00:00,28078.98,33524.04,2288.25,1500.0,5670.41,3059.39,6694.8,7453.38,2139.11,4772.58,0.0,1259.41,974.95,demo,True
2026-06-08 03:00:00,29068.97,32162.14,2430.33,1500.0,5108.14,2675.85,6904.07,7036.61,2338.1,4396.0,0.0,1252.47,950.9,demo,True
2026-06-08 04:00:00,28282.87,32507.85,2505.88,1500.0,5027.45,2884.05,6432.02,7948.28,1929.11,4580.22,0.0,1222.49,984.24,demo,True
2026-06-08 05:00:00,31974.67,32573.2,2675.72,1500.0,5021.81,3084.33,6876.94,7375.71,1915.63,4554.26,0.0,1247.38,997.12,demo,True
2026-06-08 06:00:00,33338.3,33633.24,2685.96,3631.43,5222.22,2841.49,6075.44,7490.21,2018.17,4136.49,0.0,1243.55,974.24,demo,True
2026-06-08 07:00:00,35175.61,35202.72,2914.54,3537.19,5063.3,2941.61,6729.78,7897.63,2212.78,3513.17,1080.27,1294.11,932.89,demo,True
2026-06-08 08:00:00,35953.55,36144.07,2911.8,5175.41,4750.11,2480.69,6861.79,7497.62,1923.62,3160.67,2121.86,1223.47,948.81,demo,True
2026-06-08 09:00:00,38518.23,38663.12,3015.55,5148.86,4821.24,2907.48,6825.57,7485.03,2190.16,4192.57,2866.71,1258.29,967.21,demo,True
2026-06-08 10:00:00,37144.29,37933.48,2797.39,4509.2,5465.25,2893.1,6085.24,7242.89,2183.51,3591.67,3764.76,1222.73,975.13,demo,True
2026-06-08 11:00:00,39527.55,39652.9,2993.62,4678.29,5533.27,2561.28,6427.97,7145.52,2363.9,4746.97,4011.98,1236.05,947.68,demo,True
2026-06-08 12:00:00,38003.67,38211.54,3159.38,3878.61,5615.97,2626.42,6605.76,7460.65,2249.58,3258.48,4326.16,1256.92,933.0,demo,True
2026-06-08 13:00:00,38976.58,38964.92,3002.74,4063.96,5258.84,2908.72,6655.07,7569.11,2169.84,4369.12,3728.02,1244.72,997.53,demo,True
2026-06-08 14:00:00,38802.42,39148.49,2962.59,6160.51,4942.36,2745.51,6540.56,7548.53,2291.36,3246.6,3505.37,1249.85,917.83,demo,True
2026-06-08 15:00:00,39758.67,39846.63,3074.53,6100.62,5086.12,3000.15,7000.22,7367.43,2195.12,3936.12,2980.79,1258.32,921.76,demo,True
2026-06-08 16:00:00,38924.75,39340.09,3087.11,7951.93,4812.24,2855.93,6046.52,7469.74,2077.51,4060.4,1917.98,1237.66,910.19,demo,True
2026-06-08 17:00:00,38590.27,38518.38,3181.47,9605.62,4802.23,2810.16,6415.91,7053.04,1997.7,2645.49,994.43,1272.1,921.69,demo,True
2026-06-08 18:00:00,38482.88,38710.99,3156.46,10056.28,5266.37,2769.32,5909.28,7550.39,2069.15,2860.42,0.0,1242.36,987.42,demo,True
2026-06-08 19:00:00,39061.29,38979.04,3079.21,9687.55,5340.14,2852.68,6717.44,7476.56,2135.16,2533.51,0.0,1247.56,988.42,demo,True
2026-06-08 20:00:00,37363.74,37525.45,3146.71,7556.79,5709.18,2944.53,6694.12,7867.14,2163.55,2383.33,0.0,1259.03,947.78,demo,True
2026-06-08 21:00:00,35054.15,35252.45,2957.07,4688.53,5178.4,2896.09,7672.01,7426.44,1888.97,3281.44,0.0,1255.68,964.89,demo,True
2026-06-08 22:00:00,33173.65,33315.83,2733.04,4538.59,4846.96,2723.86,6859.23,7209.25,2121.57,2800.57,0.0,1266.11,949.68,demo,True
2026-06-08 23:00:00,30203.47,30908.51,2568.97,1500.0,5168.3,3023.1,6615.98,7397.3,2154.15,2877.52,0.0,1257.92,914.24,demo,True
2026-06-09 00:00:00,29798.79,31043.31,2606.81,1500.0,5126.56,2918.38,6589.21,7328.15,2219.29,3083.44,0.0,1261.73,1016.54,demo,True
2026-06-09 01:00:00,27087.11,29735.58,2509.18,1500.0,5072.28,2869.34,6389.19,7487.69,2351.75,1832.22,0.0,1241.87,991.24,demo,True
2026-06-09 02:00:00,28417.09,31268.62,2337.84,1500.0,5289.37,2816.51,6545.67,7389.74,2181.83,3361.58,0.0,1223.28,960.63,demo,True
2026-06-09 03:00:00,28409.85,29664.14,2493.4,1500.0,4884.24,2890.01,6596.69,7098.39,2053.5,2502.69,0.0,1214.31,924.32,demo,True
2026-06-09 04:00:00,36503.29,31460.93,3499.88,3933.44,5233.99,2470.3,5812.33,7007.46,1947.64,2904.29,0.0,1208.23,943.25,demo,True
2026-06-09 05:00:00,30532.9,31084.61,2544.6,1500.0,5369.41,2843.44,6568.92,7416.88,2251.48,2911.19,0.0,1294.07,929.23,demo,True
2026-06-09 06:00:00,33270.64,33680.73,2713.78,3359.39,5569.13,3095.23,6535.35,7655.04,2068.05,3250.92,0.0,1194.68,952.93,demo,True
2026-06-09 07:00:00,36587.06,36888.87,3066.22,6321.24,5280.7,2839.6,7113.9,7359.91,2279.73,2479.79,974.87,1279.84,959.3,demo,True
2026-06-09 08:00:00,37827.31,37793.3,3088.5,7389.49,5471.21,2815.03,6453.91,7513.06,2346.84,1439.14,2195.37,1229.48,939.77,demo,True
2026-06-09 09:00:00,37688.75,38136.38,3195.27,6845.41,5084.59,2692.74,6232.06,7548.63,1997.37,2500.38,3049.17,1279.66,906.37,demo,True
2026-06-09 10:00:00,39000.94,39424.98,3028.3,7053.5,5120.88,2888.69,6593.99,7376.17,2252.7,2545.18,3384.97,1194.94,1013.96,demo,True
2026-06-09 11:00:00,39085.07,39604.18,3100.71,7149.93,5550.44,2764.89,6526.02,7129.94,2344.99,1902.9,4033.82,1244.12,957.13,demo,True
2026-06-09 12:00:00,39255.51,39412.55,3110.0,6672.07,4843.39,3035.67,6454.29,7343.74,2315.87,2471.22,4026.25,1286.35,963.7,demo,True
2026-06-09 13:00:00,38460.09,38764.26,3126.43,7277.59,5095.18,2644.55,6052.35,7557.96,1945.79,2196.69,3788.99,1267.83,937.33,demo,True
2026-06-09 14:00:00,38833.31,38870.05,3207.23,7506.32,5493.4,2718.59,6445.39,7400.6,2098.75,1687.85,3374.45,1241.57,903.14,demo,True
2026-06-09 15:00:00,37831.36,38072.14,3026.61,6939.44,5145.11,2691.84,6297.28,7440.26,2051.47,2679.33,2678.48,1201.43,947.5,demo,True
2026-06-09 16:00:00,39154.39,39475.85,3026.82,9109.84,5125.74,3130.22,6424.23,7165.5,2271.87,2048.45,2042.75,1216.94,940.3,demo,True
2026-06-09 17:00:00,39401.19,39536.7,3089.5,9996.05,5131.01,2765.84,6756.25,7214.34,2262.67,2116.23,1038.27,1284.73,971.29,demo,True
2026-06-09 18:00:00,38688.31,38999.93,3149.9,11388.32,5230.46,2701.35,6263.92,7224.34,1893.41,2079.65,0.0,1241.29,977.18,demo,True
2026-06-09 19:00:00,37049.73,37329.97,3115.76,8441.6,5482.38,2423.69,6422.57,7230.77,2185.2,2922.6,0.0,1248.2,972.95,demo,True
2026-06-09 20:00:00,37690.31,37859.34,2927.84,8763.97,5440.3,2635.95,6689.42,7490.6,2321.59,2280.76,0.0,1257.09,979.65,demo,True
2026-06-09 21:00:00,35589.26,36090.8,2839.93,8069.62,5202.98,2895.02,6405.71,6708.86,2247.52,2339.55,0.0,1217.43,1004.11,demo,True
2026-06-09 22:00:00,32840.96,33048.76,2832.57,3479.27,5484.02,2894.3,7413.22,7223.55,2251.63,2080.9,0.0,1260.18,961.7,demo,True
2026-06-09 23:00:00,31114.08,31387.99,2529.41,2684.87,5288.87,2682.78,6587.1,7190.93,2194.66,2536.3,0.0,1239.51,982.98,demo,True
2026-06-10 00:00:00,28486.39,29903.33,2382.58,1500.0,5423.37,2692.78,6065.34,6898.27,2115.81,2985.6,0.0,1257.34,964.82,demo,True
2026-06-10 01:00:00,27611.19,30130.24,2537.36,1500.0,4932.62,3134.78,6206.24,7339.37,2245.32,2643.36,0.0,1235.55,893.0,demo,True
2026-06-10 02:00:00,27524.37,30720.12,2422.37,1500.0,5652.02,3285.35,6171.02,7023.78,2258.16,2673.75,0.0,1210.67,945.36,demo,True
2026-06-10 03:00:00,29189.71,30211.98,2498.78,1500.0,5257.26,3006.96,6211.24,7096.21,2330.33,2646.7,0.0,1239.32,923.97,demo,True
2026-06-10 04:00:00,29090.87,29563.91,2646.16,1500.0,4485.44,3080.67,6687.94,7573.08,2344.72,1669.1,0.0,1266.02,956.94,demo,True
2026-06-10 05:00:00,31761.15,32088.67,2600.56,3444.09,5631.48,3118.86,6112.72,7380.13,2276.13,1939.14,0.0,1259.85,926.27,demo,True
2026-06-10 06:00:00,32975.68,32832.91,2647.33,3857.09,5201.31,3198.62,6384.08,7275.92,2401.96,2294.98,0.0,1250.77,968.17,demo,True
2026-06-10 07:00:00,35511.82,35872.68,3061.37,6349.85,5097.17,2745.65,6899.96,7224.91,2230.37,2057.1,1015.79,1272.45,979.43,demo,True
2026-06-10 08:00:00,36904.36,37122.89,3012.43,7830.72,5042.52,2641.91,6318.08,7096.51,2106.91,1912.56,1942.66,1244.91,986.11,demo,True
2026-06-10 09:00:00,38797.24,39119.12,3147.41,7308.16,5314.27,3130.03,6735.02,7564.22,2342.33,1535.73,2939.39,1251.41,998.58,demo,True
2026-06-10 10:00:00,38479.8,38621.77,3034.05,8323.61,4969.02,2626.43,5910.96,7292.45,2305.17,1827.7,3228.7,1238.01,899.72,demo,True
2026-06-10 11:00:00,37992.9,38072.03,3004.76,6346.7,5050.0,2614.85,6370.28,6942.7,2354.61,2403.95,3800.98,1273.92,914.03,demo,True
2026-06-10 12:00:00,38100.78,38272.56,2953.86,6455.38,5056.25,2618.99,6189.92,6791.21,2148.27,2530.81,4186.62,1257.29,1037.83,demo,True
2026-06-10 13:00:00,38586.85,38871.41,3079.59,6523.36,5124.02,2776.35,6604.92,7215.58,2519.95,2204.31,3686.56,1236.08,980.29,demo,True
2026-06-10 14:00:00,38031.49,38385.27,3094.76,7092.48,5066.05,2442.81,6137.83,7070.24,2395.42,2677.56,3333.39,1212.77,956.73,demo,True
2026-06-10 15:00:00,39247.14,39551.84,3135.26,7922.83,5421.73,2542.04,7224.38,6759.82,2280.74,2460.32,2711.39,1277.62,950.96,demo,True
2026-06-10 16:00:00,38743.77,38825.15,3176.07,8283.6,5270.48,2687.98,5926.22,7160.15,2208.23,3263.48,1845.33,1231.4,948.29,demo,True
2026-06-10 17:00:00,40758.4,41339.18,3291.9,11234.2,5302.19,2584.73,6897.52,6998.36,2454.96,2680.1,1043.33,1251.8,891.99,demo,True
2026-06-10 18:00:00,37641.1,37951.01,2953.77,8039.76,5358.76,2991.23,6807.4,7165.99,2198.74,3153.48,0.0,1308.81,926.83,demo,True
2026-06-10 19:00:00,38332.81,38470.78,3073.88,8969.98,5175.8,2801.2,6608.45,7138.14,2607.61,2952.94,0.0,1270.04,946.64,demo,True
2026-06-10 20:00:00,36218.77,36545.13,2941.49,8603.99,4934.72,2903.86,6519.05,6898.86,2267.98,2197.85,0.0,1290.28,928.52,demo,True
2026-06-10 21:00:00,34998.71,35294.79,2949.44,4803.45,5669.34,2884.16,7149.24,7163.64,2553.39,2902.57,0.0,1236.55,932.45,demo,True
2026-06-10 22:00:00,33458.16,33676.6,2842.38,4186.98,5441.16,2762.78,7364.84,6906.63,2330.18,2380.49,0.0,1276.77,1026.76,demo,True
2026-06-10 23:00:00,29692.74,31173.85,2565.62,1500.0,5619.34,2977.86,6427.46,6912.71,2547.43,2995.94,0.0,1250.67,942.45,demo,True
2026-06-11 00:00:00,29712.64,30511.07,2651.8,1500.0,5468.98,2881.39,6555.22,6882.63,2275.01,2730.35,0.0,1259.15,958.34,demo,True
2026-06-11 01:00:00,29671.01,30846.68,2368.68,1500.0,5080.3,2742.69,6306.66,7240.35,2370.93,3347.94,0.0,1300.52,957.28,demo,True
2026-06-11 02:00:00,27593.43,28821.15,2369.83,1500.0,4589.53,2496.9,6090.75,6921.63,2470.75,2540.87,0.0,1243.03,967.68,demo,True
2026-06-11 03:00:00,28521.68,31134.15,2430.35,1500.0,4880.43,2893.72,6662.09,7277.14,2459.17,3275.44,0.0,1250.48,935.68,demo,True
2026-06-11 04:00:00,30265.97,31728.66,2590.85,1500.0,5365.5,2572.97,6587.37,7359.43,2517.37,3611.21,0.0,1227.42,987.41,demo,True
2026-06-11 05:00:00,31208.23,31500.83,2678.42,2321.63,5173.55,2868.45,5936.42,6796.43,2332.37,3836.47,0.0,1272.21,963.31,demo,True
2026-06-11 06:00:00,32955.83,33449.12,2771.12,4963.29,5090.84,2814.2,6659.6,6308.23,2406.65,3058.94,0.0,1235.98,911.39,demo,True
2026-06-11 07:00:00,33755.24,33527.38,2642.13,3246.92,4551.16,2555.13,6599.1,7172.57,2551.91,3508.84,1119.42,1275.57,946.77,demo,True
2026-06-11 08:00:00,37462.03,37858.69,3035.07,6654.72,5196.59,2846.51,6289.56,6859.49,2323.12,3651.46,1883.65,1208.75,944.84,demo,True
2026-06-11 09:00:00,38116.88,38597.73,3018.46,5858.04,4918.74,2834.44,6266.72,6736.13,2482.13,4392.76,2901.61,1263.72,943.46,demo,True
2026-06-11 10:00:00,38155.29,38281.34,2894.3,6173.76,5011.66,2835.09,6648.32,6789.17,2392.81,2938.64,3292.7,1233.91,965.28,demo,True
2026-06-11 11:00:00,39192.29,39191.38,3042.63,5049.01,5421.03,2826.46,7063.11,6819.45,2449.52,3284.05,4041.45,1268.26,969.04,demo,True
2026-06-11 12:00:00,38669.56,39214.75,3028.56,3564.28,4932.42,2682.57,6639.44,7188.13,2440.69,5202.23,4349.83,1249.66,965.5,demo,True
2026-06-11 13:00:00,38599.26,38533.11,3175.27,4823.35,4957.24,2906.49,6773.17,6930.0,2341.68,3723.85,3880.54,1236.62,960.17,demo,True
2026-06-11 14:00:00,39340.24,39665.59,2998.12,7536.79,5248.25,2676.22,6208.73,7169.31,2410.74,2975.2,3247.44,1240.34,952.57,demo,True
2026-06-11 15:00:00,38033.13,38467.29,3082.46,5918.08,5426.81,2606.57,6355.0,6987.77,2465.18,3689.53,2904.13,1228.74,885.46,demo,True
2026-06-11 16:00:00,39812.93,40134.31,3061.38,9267.85,5095.3,2921.43,6712.81,6803.16,2441.24,2656.18,1992.07,1270.94,973.34,demo,True
2026-06-11 17:00:00,38127.79,38479.42,2924.5,6964.15,5581.48,2968.56,6024.58,6777.5,2648.07,4220.5,1106.15,1223.78,964.65,demo,True
2026-06-11 18:00:00,38403.61,38605.91,2957.73,7963.61,4867.55,2909.12,6572.52,6979.14,2586.33,4563.87,0.0,1243.32,920.46,demo,True
2026-06-11 19:00:00,39546.33,39879.62,3207.21,10109.67,4821.95,2762.7,6672.7,7028.32,2505.73,3761.5,0.0,1258.63,958.42,demo,True
2026-06-11 20:00:00,37807.48,37929.96,3050.55,8448.79,4799.79,2450.9,6486.51,7059.39,2385.16,4039.64,0.0,1290.34,969.44,demo,True
2026-06-11 21:00:00,35422.41,35568.2,2851.34,4932.12,4770.43,3066.7,6611.78,6774.86,2383.67,4793.73,0.0,1249.77,985.14,demo,True
2026-06-11 22:00:00,32710.8,32967.19,2765.21,3400.78,5287.5,2448.08,6520.24,6863.28,2725.22,3512.84,0.0,1243.94,965.31,demo,True
2026-06-11 23:00:00,30960.01,30950.84,2610.05,1500.0,4945.77,2905.49,6282.24,6945.59,2373.0,3782.25,0.0,1256.84,959.65,demo,True
2026-06-12 00:00:00,29608.15,31399.14,2536.19,1500.0,4833.35,3179.84,6087.66,6725.03,2513.66,4383.03,0.0,1198.16,978.4,demo,True
2026-06-12 01:00:00,28375.25,31530.1,2440.63,1500.0,5298.75,2826.9,6468.39,6552.25,2549.13,4173.83,0.0,1220.03,940.8,demo,True
2026-06-12 02:00:00,27857.22,32472.27,2350.17,1500.0,5414.23,2852.42,6956.58,6617.03,2474.28,4454.77,0.0,1240.62,962.36,demo,True
2026-06-12 03:00:00,28328.23,32014.87,2625.41,1500.0,5473.22,2868.28,6858.53,6733.89,2397.18,4020.22,0.0,1232.18,931.37,demo,True
2026-06-12 04:00:00,29408.46,32498.15,2641.21,1500.0,5427.57,2835.67,6379.13,6925.14,2429.07,4808.27,0.0,1209.98,983.31,demo,True
2026-06-12 05:00:00,30323.61,32415.97,2707.64,1500.0,4961.29,3223.11,6371.86,7049.01,2463.48,4674.05,0.0,1271.44,901.71,demo,True
2026-06-12 06:00:00,33010.94,33187.47,2675.02,2705.04,5271.78,2648.23,6346.1,6466.32,2449.72,5069.28,0.0,1256.49,974.5,demo,True
2026-06-12 07:00:00,35998.49,36363.64,2829.74,4462.5,5329.19,2625.63,6346.15,6625.89,2699.98,4939.29,1130.98,1253.51,950.53,demo,True
2026-06-12 08:00:00,36065.5,36377.73,2844.64,3684.3,5076.53,2741.05,6600.71,6671.27,2545.34,4985.15,1861.76,1232.65,978.96,demo,True
2026-06-12 09:00:00,38073.41,38123.34,3095.86,4115.74,5242.84,3113.35,6870.12,6917.57,2489.35,4199.61,2996.19,1251.98,926.58,demo,True
2026-06-12 10:00:00,38300.34,38569.36,2988.63,3437.47,4874.58,2696.16,7291.98,6619.32,2570.81,5208.2,3655.28,1262.86,952.7,demo,True
2026-06-12 11:00:00,39191.62,39488.77,2992.12,4800.77,5036.82,2877.45,6209.55,6633.78,2643.88,4833.73,4257.58,1243.38,951.82,demo,True
2026-06-12 12:00:00,38816.1,39105.62,3058.65,4033.85,5296.66,2992.78,6727.91,6410.53,2528.1,4951.18,3940.47,1261.11,963.02,demo,True
2026-06-12 13:00:00,40013.34,40085.75,3017.61,3856.5,5591.96,2940.22,6689.82,6820.42,2683.42,5591.92,3762.83,1230.1,918.57,demo,True
2026-06-12 14:00:00,39280.44,39558.47,2942.69,5152.41,5499.37,2983.25,6384.59,6671.5,2428.35,4739.32,3478.15,1252.44,969.09,demo,True
2026-06-12 15:00:00,38061.73,38476.93,2985.61,3603.46,5371.82,3055.24,6140.9,6556.1,2727.13,5803.78,3045.32,1278.56,894.62,demo,True
2026-06-12 16:00:00,39559.67,39906.32,3038.64,5811.17,5220.72,2855.48,6596.38,6635.92,2591.17,5877.41,2107.29,1280.8,929.96,demo,True
2026-06-12 17:00:00,38573.91,38897.98,3040.8,5446.1,5180.44,2717.73,7241.96,6934.02,2592.14,5556.36,1042.93,1283.19,903.12,demo,True
2026-06-12 18:00:00,38473.6,39019.29,2838.76,8852.31,4823.62,2826.5,6594.17,6458.12,2520.37,4712.21,0.0,1257.14,974.85,demo,True
2026-06-12 19:00:00,38429.94,38710.14,3006.84,9472.5,4982.77,2738.97,6224.47,6487.19,2461.79,4129.66,0.0,1250.79,962.0,demo,True
2026-06-12 20:00:00,36684.11,36782.57,2933.61,4754.04,4991.26,3253.88,6444.96,6941.06,2414.72,5780.19,0.0,1238.78,963.68,demo,True
2026-06-12 21:00:00,35989.09,36088.12,2768.7,5218.27,5349.44,2704.12,6100.94,6675.49,2528.75,5312.11,0.0,1204.81,994.2,demo,True
2026-06-12 22:00:00,32837.01,33118.69,2572.82,1729.78,5445.69,2886.97,6506.48,6799.46,2696.34,4897.09,0.0,1216.38,940.52,demo,True
2026-06-12 23:00:00,30907.23,33491.81,2591.15,1500.0,5391.51,2529.84,6739.19,6733.85,2515.97,5867.36,0.0,1245.8,968.29,demo,True
2026-06-13 00:00:00,26607.4,32228.63,2426.0,1500.0,5507.49,2823.91,6257.59,6631.09,2450.99,4858.28,0.0,1247.29,951.98,demo,True
2026-06-13 01:00:00,25463.03,31232.27,2202.54,1500.0,5218.79,2748.32,5360.54,6555.68,2533.17,5083.06,0.0,1285.31,947.41,demo,True
2026-06-13 02:00:00,26200.27,33206.51,2303.93,1500.0,4944.44,2921.62,6596.91,6808.74,2601.5,5561.23,0.0,1282.87,989.2,demo,True
2026-06-13 03:00:00,26299.97,32412.95,2319.18,1500.0,5187.02,2926.32,6324.46,6875.06,2611.61,4743.2,0.0,1232.84,1012.46,demo,True
2026-06-13 04:00:00,28265.49,32749.85,2301.79,1500.0,5011.54,3055.06,6237.27,6851.46,2642.96,5244.04,0.0,1270.46,937.06,demo,True
2026-06-13 05:00:00,30430.35,33332.29,2669.3,1500.0,5371.04,3040.76,6234.24,6345.79,2787.67,5839.7,0.0,1238.07,975.01,demo,True
2026-06-13 06:00:00,30161.0,33362.37,2528.83,1500.0,5106.64,2788.07,6640.09,6887.37,2818.96,5394.62,0.0,1267.07,959.57,demo,True
2026-06-13 07:00:00,32917.55,34206.24,2665.46,1500.0,5174.38,2630.01,6357.23,6515.29,2914.96,5904.29,979.99,1270.15,959.93,demo,True
2026-06-13 08:00:00,33709.99,35290.24,2762.07,1500.0,5380.34,2651.12,6825.66,6421.74,2484.53,5836.49,1951.9,1281.05,957.42,demo,True
2026-06-13 09:00:00,35171.78,35672.37,2666.94,1759.55,5007.32,2854.49,6833.36,6544.45,2581.99,5260.28,2653.24,1237.68,940.01,demo,True
2026-06-13 10:00:00,35943.11,36417.03,2940.9,2547.94,5450.63,2828.4,6405.28,6758.46,2773.66,4072.41,3462.44,1275.36,842.45,demo,True
2026-06-13 11:00:00,35883.66,36519.45,2937.12,2626.96,4849.62,2846.43,6317.7,6688.48,2640.46,4669.92,3680.66,1203.18,996.04,demo,True
2026-06-13 12:00:00,35861.82,37073.96,2837.68,1500.0,5279.7,2703.68,6544.7,6507.42,2803.29,5584.19,3939.41,1282.41,929.16,demo,True
2026-06-13 13:00:00,36388.16,36564.24,2906.52,1695.08,5176.37,3058.7,6449.11,6741.97,2729.87,4404.84,4116.17,1249.37,942.75,demo,True
2026-06-13 14:00:00,35584.13,35659.93,2784.86,1807.1,5415.11,2534.92,5886.62,6582.58,2899.5,4991.83,3348.98,1249.91,943.39,demo,True
2026-06-13 15:00:00,37079.49,37235.99,2998.54,2925.95,4842.66,2693.72,7169.94,6419.95,2840.05,5297.42,2920.75,1199.06,926.49,demo,True
2026-06-13 16:00:00,35957.38,36336.0,2779.23,2745.52,4801.99,2606.12,6750.02,6384.49,2847.13,5833.82,2169.43,1240.28,957.21,demo,True
2026-06-13 17:00:00,38592.87,38999.2,3057.85,7130.48,5395.01,2762.38,6337.78,6624.81,2675.22,4780.28,1060.69,1283.89,948.67,demo,True
2026-06-13 18:00:00,36071.53,36443.12,2926.96,6382.04,5098.36,3024.38,5829.27,6510.77,2717.74,4712.73,0.0,1239.33,928.5,demo,True
2026-06-13 19:00:00,35770.68,35901.08,2899.72,5426.1,5176.39,2748.2,6436.85,6220.73,2697.54,4972.94,0.0,1267.84,954.48,demo,True
2026-06-13 20:00:00,33631.59,33762.96,2851.8,3022.43,5028.47,2818.27,6294.21,6704.2,2558.16,5137.36,0.0,1250.86,949.01,demo,True
2026-06-13 21:00:00,34068.36,34670.52,2989.04,3407.96,5437.33,2919.56,6478.8,6406.71,2920.12,4845.64,0.0,1276.57,977.84,demo,True
2026-06-13 22:00:00,31672.82,32525.87,2610.54,1500.0,5277.8,2739.64,5742.65,6857.23,2837.54,5406.44,0.0,1254.79,909.79,demo,True
2026-06-13 23:00:00,29058.34,31462.42,2545.77,1500.0,5262.57,2868.87,6334.71,6192.97,2711.23,4439.51,0.0,1226.7,925.84,demo,True
2026-06-14 00:00:00,26134.1,32045.27,2255.86,1500.0,4895.9,2845.14,6356.04,6456.6,2913.67,4854.76,0.0,1251.41,971.76,demo,True
2026-06-14 01:00:00,26016.45,32074.7,2419.9,1500.0,5330.39,2596.45,6432.7,6337.14,2685.9,4971.27,0.0,1290.03,930.81,demo,True
2026-06-14 02:00:00,24655.83,31078.84,2210.32,1500.0,4942.02,2716.42,6417.33,6271.39,2545.34,4501.0,0.0,1262.44,922.9,demo,True
2026-06-14 03:00:00,26893.46,32427.14,2655.67,1500.0,5028.78,2863.83,6518.29,6373.8,2891.12,5071.95,0.0,1247.09,932.29,demo,True
2026-06-14 04:00:00,27644.96,32824.21,2270.02,1500.0,4845.01,3030.79,7032.41,6865.39,2621.07,4676.18,0.0,1306.39,946.97,demo,True
2026-06-14 05:00:00,28919.8,32437.8,2679.34,1500.0,5159.3,3030.63,6319.75,6502.44,2755.21,4944.42,0.0,1278.98,947.08,demo,True
2026-06-14 06:00:00,29187.04,32242.7,2599.14,1500.0,5476.76,3177.19,6181.09,6291.82,2807.58,4594.14,0.0,1270.42,943.7,demo,True
2026-06-14 07:00:00,32189.87,32402.45,2557.19,1592.52,5258.94,2887.38,5895.43,6058.86,2833.18,4631.24,1067.82,1257.93,919.14,demo,True
2026-06-14 08:00:00,35024.77,35400.85,3043.5,3992.75,5085.13,2725.6,6321.11,6077.69,2892.76,4071.75,1992.61,1268.26,973.19,demo,True
2026-06-14 09:00:00,36575.12,36936.67,2832.33,4666.25,5228.38,2788.49,6009.56,6333.66,2864.61,4016.52,2770.34,1269.07,989.79,demo,True
2026-06-14 10:00:00,37170.59,37712.53,2896.45,2955.42,5226.94,2779.52,6836.03,6307.62,2864.8,4887.2,3766.88,1195.43,892.69,demo,True
2026-06-14 11:00:00,35519.26,35690.43,2702.4,1678.04,5217.18,2726.58,6466.36,6393.17,2707.76,4535.08,3802.99,1259.87,903.39,demo,True
2026-06-14 12:00:00,36819.23,37088.32,2912.45,3630.71,5246.11,2868.93,6828.81,5938.07,2841.73,3647.49,3860.41,1245.98,980.09,demo,True
2026-06-14 13:00:00,37210.02,37207.77,2921.85,2723.35,4929.6,2877.31,7012.99,6413.33,2629.46,4190.47,4196.65,1237.51,997.09,demo,True
2026-06-14 14:00:00,35285.0,35553.57,2905.03,3237.73,5227.7,2588.72,6197.23,6655.23,3001.22,2853.73,3660.76,1245.11,886.12,demo,True
2026-06-14 15:00:00,36494.46,36949.67,3130.59,4565.12,4743.64,2995.87,6378.42,6781.84,2649.03,3693.83,2956.34,1211.1,974.46,demo,True
2026-06-14 16:00:00,36801.5,37091.0,2902.34,5054.73,5349.66,2469.38,6966.09,6003.8,2779.28,4401.21,1862.83,1204.88,999.14,demo,True
2026-06-14 17:00:00,36425.64,37091.92,2705.82,6963.72,4913.29,2759.95,6566.23,6240.1,2666.02,3797.83,979.49,1281.16,924.13,demo,True
2026-06-14 18:00:00,35100.99,35444.53,2941.06,5166.65,5506.18,3006.88,6682.53,6224.37,2740.04,3858.96,0.0,1261.55,997.39,demo,True
2026-06-14 19:00:00,35502.28,35655.0,2885.34,7681.25,4564.24,2909.33,6861.54,6440.32,2832.57,2231.41,0.0,1189.67,944.66,demo,True
2026-06-14 20:00:00,34319.22,34651.26,3006.58,4881.49,5635.35,2735.74,6813.78,6135.95,2770.74,3483.17,0.0,1235.59,959.44,demo,True
2026-06-14 21:00:00,32780.44,32767.03,2713.69,2461.28,4773.8,3154.39,6643.63,6770.5,2974.67,3788.33,0.0,1272.01,928.42,demo,True
2026-06-14 22:00:00,30504.74,31386.41,2518.46,1500.0,4888.02,2720.79,6988.73,6406.15,2867.67,3792.03,0.0,1243.0,980.03,demo,True
2026-06-14 23:00:00,28550.39,31084.45,2382.51,1500.0,5277.75,2439.65,6476.11,6365.72,2787.92,3981.14,0.0,1281.13,975.03,demo,True
2026-06-15 00:00:00,29559.07,31607.94,2595.54,1500.0,5360.87,2881.49,6681.8,6739.53,2830.38,3335.9,0.0,1276.24,1001.74,demo,True
2026-06-15 01:00:00,28688.7,30431.1,2460.67,1500.0,5126.32,2479.87,6438.13,6381.98,2995.65,3299.85,0.0,1216.08,993.22,demo,True
2026-06-15 02:00:00,27737.73,30725.87,2582.2,1500.0,5432.08,2650.34,6857.19,6470.03,2961.15,2658.94,0.0,1246.42,949.73,demo,True
2026-06-15 03:00:00,28093.06,30039.08,2441.08,1500.0,4992.9,2912.1,6254.73,6213.32,2718.15,3165.83,0.0,1238.8,1043.25,demo,True
2026-06-15 04:00:00,29653.17,29722.72,2687.09,2362.18,5096.08,2717.05,5911.0,6073.58,2775.77,2581.26,0.0,1215.27,990.52,demo,True
2026-06-15 05:00:00,30018.35,30549.03,2465.91,2226.47,5121.46,2904.51,6729.22,6237.49,2917.0,2233.03,0.0,1213.64,966.22,demo,True
2026-06-15 06:00:00,33736.42,33456.39,2646.38,5197.05,5060.02,2591.54,6142.95,6849.64,2904.93,2560.33,0.0,1229.85,920.09,demo,True
2026-06-15 07:00:00,35387.86,35644.79,2952.65,5676.08,4697.11,2954.53,6108.27,6504.59,2738.9,3804.34,1022.89,1233.98,904.1,demo,True
2026-06-15 08:00:00,37081.12,37370.29,2939.99,6313.09,5193.59,2495.63,6942.73,6422.61,2957.18,2863.02,2018.71,1257.08,906.65,demo,True
2026-06-15 09:00:00,38908.61,39156.76,3058.01,6868.44,5170.1,3037.35,6838.2,6144.37,2762.65,3057.84,3079.71,1276.11,921.99,demo,True
2026-06-15 10:00:00,37537.2,37877.21,2890.49,5285.75,5480.33,2714.44,6380.12,6556.69,3028.2,2642.14,3535.39,1262.84,991.32,demo,True
2026-06-15 11:00:00,37761.99,38031.91,2915.69,7622.15,4865.65,3075.61,5434.09,6054.63,2937.38,1956.06,3852.97,1268.76,964.61,demo,True
2026-06-15 12:00:00,39309.8,39649.74,3140.94,6684.14,5033.75,2648.71,6686.63,6005.75,2740.05,3273.37,4402.4,1243.33,931.6,demo,True
2026-06-15 13:00:00,39004.18,39145.78,3097.86,7219.96,5512.91,3146.46,6731.88,6224.81,2814.34,1674.81,3609.62,1265.08,945.92,demo,True
2026-06-15 14:00:00,39074.96,39062.33,2981.23,6482.16,5276.26,2627.62,6680.88,6775.08,2814.12,2440.8,3776.84,1246.29,942.27,demo,True
2026-06-15 15:00:00,38686.51,38928.16,3136.23,7055.21,5342.84,2477.09,6664.8,6760.04,2900.67,2649.93,2864.63,1238.96,974.0,demo,True
2026-06-15 16:00:00,39584.85,39650.08,3248.67,8987.73,5317.89,2807.76,6436.51,6240.71,2858.72,2753.34,2026.35,1297.43,923.64,demo,True
2026-06-15 17:00:00,39799.02,39917.88,3175.7,10767.12,5319.05,3022.12,6356.34,6189.22,2747.37,2237.6,1126.85,1191.74,960.49,demo,True
2026-06-15 18:00:00,39246.29,39705.35,3278.42,12474.63,5673.47,2942.34,6112.84,5974.29,2719.06,1646.54,0.0,1203.17,959.0,demo,True
2026-06-15 19:00:00,38057.69,38588.13,3005.95,10479.54,5223.8,3009.33,6255.91,6350.05,2953.72,2131.67,0.0,1259.57,924.53,demo,True
2026-06-15 20:00:00,35582.95,36038.64,2993.73,7885.7,4937.05,2945.89,6612.52,6366.31,2923.57,2126.58,0.0,1243.38,997.64,demo,True
2026-06-15 21:00:00,35932.56,36354.89,2978.1,8072.28,5366.09,2652.35,6618.27,6502.23,2903.18,2085.27,0.0,1214.08,941.13,demo,True
2026-06-15 22:00:00,34264.38,34525.17,2768.81,5233.33,5052.7,2937.96,6776.44,6526.82,2924.22,2929.85,0.0,1223.63,920.22,demo,True
2026-06-15 23:00:00,31821.69,32254.47,2900.33,5143.24,5171.42,2816.71,6007.75,6281.04,2818.6,1813.23,0.0,1226.89,975.59,demo,True
2026-06-16 00:00:00,28981.11,29520.57,2529.79,1500.0,5296.25,2672.25,5919.27,6444.89,2916.0,2547.97,0.0,1272.31,951.63,demo,True
2026-06-16 01:00:00,28860.63,29750.84,2453.23,1500.0,4986.45,2832.28,6367.1,6166.59,3199.51,2456.34,0.0,1280.31,962.25,demo,True
2026-06-16 02:00:00,28563.2,30018.95,2484.19,1500.0,5067.32,2789.86,6143.02,6437.12,3036.72,2839.45,0.0,1290.99,914.46,demo,True
2026-06-16 03:00:00,29480.98,29973.03,2477.21,1500.0,5323.72,3054.88,6565.1,6205.7,2861.97,2277.02,0.0,1210.27,974.37,demo,True
2026-06-16 04:00:00,28985.25,29514.35,2403.09,1500.0,5057.35,2707.32,6041.54,6416.77,2834.49,2725.88,0.0,1215.82,1015.17,demo,True
2026-06-16 05:00:00,31214.48,31586.58,2631.34,3209.86,5453.08,2698.91,6913.08,6397.43,2554.68,2233.31,0.0,1214.11,912.11,demo,True
2026-06-16 06:00:00,33935.59,33876.15,2790.22,5920.47,4943.6,2674.25,6212.28,6327.85,3026.72,2528.13,0.0,1282.22,960.63,demo,True
2026-06-16 07:00:00,35438.44,35470.01,2845.42,6073.38,4942.72,3141.43,7057.44,6486.14,2993.34,1553.39,1035.29,1260.43,926.44,demo,True
2026-06-16 08:00:00,36281.2,36300.33,3089.29,7299.04,5695.57,2684.32,6683.51,5964.56,2834.06,982.08,1874.49,1252.0,1030.69,demo,True
2026-06-16 09:00:00,38536.33,38831.72,3007.04,8581.83,4802.14,3033.43,6130.67,6074.56,2727.81,2488.77,2749.57,1255.74,987.19,demo,True
2026-06-16 10:00:00,39319.23,39633.04,3022.44,7254.78,5193.05,2614.35,7233.16,6248.29,2761.2,2516.81,3604.36,1248.58,958.46,demo,True
2026-06-16 11:00:00,39215.24,39906.33,2994.93,7341.79,5681.39,2891.19,6592.91,5989.12,2953.29,2542.62,3778.9,1221.97,913.16,demo,True
2026-06-16 12:00:00,39281.85,39515.42,2980.77,7172.0,5192.57,2847.25,6558.14,6216.15,2889.28,2048.47,4408.31,1262.83,920.42,demo,True
2026-06-16 13:00:00,38838.07,39227.13,3145.07,5488.95,5550.16,3022.01,6477.18,6222.34,2982.95,3064.29,4201.52,1245.35,972.39,demo,True
2026-06-16 14:00:00,40000.63,40279.59,3172.75,7958.39,5369.64,2995.91,6663.29,6592.06,2910.2,2100.38,3560.6,1219.99,909.13,demo,True
2026-06-16 15:00:00,38389.51,38763.51,3113.31,6886.61,5198.13,2814.74,6683.9,6334.54,3015.63,2554.03,3101.51,1264.36,910.07,demo,True
2026-06-16 16:00:00,38718.68,38994.54,3175.41,8451.61,5166.03,2703.33,6197.26,6528.99,2943.67,2656.54,2157.49,1239.36,950.26,demo,True
2026-06-16 17:00:00,39163.86,39611.79,3094.32,9617.65,4648.98,3092.49,6425.26,6368.3,2998.4,3236.57,1014.47,1255.69,954.0,demo,True
2026-06-16 18:00:00,39532.77,39593.29,3322.04,11971.89,5117.03,2685.35,6540.5,6183.57,2647.72,2238.96,0.0,1246.88,961.4,demo,True
2026-06-16 19:00:00,37202.11,37011.56,2986.59,9272.67,5260.38,2391.81,6703.96,6330.4,2749.81,2093.43,0.0,1272.28,936.81,demo,True
2026-06-16 20:00:00,36151.13,36476.26,2885.55,8797.14,5260.23,2465.46,6709.89,6461.1,2853.57,1695.75,0.0,1255.5,977.6,demo,True
2026-06-16 21:00:00,33977.68,33902.77,2842.91,4005.68,5841.12,2509.29,6557.59,6562.9,3026.13,3248.0,0.0,1227.91,924.15,demo,True
2026-06-16 22:00:00,33442.05,33928.17,2806.65,5109.5,5273.05,2907.23,6307.39,6271.05,3121.44,2711.67,0.0,1258.05,968.8,demo,True
2026-06-16 23:00:00,30597.68,30749.02,2631.88,2110.33,5363.84,3198.6,6289.44,5937.59,2875.18,2758.75,0.0,1258.87,956.42,demo,True
2026-06-17 00:00:00,29337.68,30615.97,2609.77,1500.0,5502.89,2432.81,6082.98,5922.08,2820.53,4123.88,0.0,1262.78,968.02,demo,True
2026-06-17 01:00:00,28861.94,30118.3,2523.65,1500.0,5340.53,2659.14,6707.41,6228.23,2658.28,2763.36,0.0,1275.9,985.46,demo,True
2026-06-17 02:00:00,27521.75,28717.12,2476.47,1500.0,5177.63,2816.02,6284.41,5785.82,2995.36,1986.93,0.0,1234.6,936.34,demo,True
2026-06-17 03:00:00,28561.71,30485.89,2615.0,1500.0,5178.89,3078.19,6432.89,6695.28,2824.5,2579.28,0.0,1266.7,930.17,demo,True
2026-06-17 04:00:00,29398.99,29863.42,2562.48,1500.0,5108.83,2658.17,6583.21,6431.95,3244.22,2230.81,0.0,1206.88,899.35,demo,True
2026-06-17 05:00:00,31853.48,32250.26,2749.94,3867.39,5315.49,2906.34,6501.38,6161.14,2799.11,2562.98,0.0,1247.0,889.43,demo,True
2026-06-17 06:00:00,33755.09,34210.13,2692.71,5813.22,5155.72,2754.98,6498.04,6057.29,3139.0,2604.02,0.0,1243.13,944.72,demo,True
2026-06-17 07:00:00,34923.9,34933.97,3198.36,4788.95,5362.48,3269.29,6183.26,6528.11,2974.63,2557.82,1036.45,1286.2,946.77,demo,True
2026-06-17 08:00:00,36955.28,37301.78,2855.94,7840.8,4937.64,2826.02,6594.1,6057.52,2759.8,2202.25,1920.14,1246.09,917.42,demo,True
2026-06-17 09:00:00,38986.72,39183.95,3032.13,7136.82,5238.18,2864.02,6390.51,6079.17,2909.34,3744.15,2632.68,1265.2,923.87,demo,True
2026-06-17 10:00:00,39199.53,39283.75,3035.02,6454.11,5603.54,2815.17,6469.76,6135.42,2972.26,3147.73,3484.1,1205.96,995.7,demo,True
2026-06-17 11:00:00,38185.8,38444.46,3203.7,5205.9,5141.6,2725.36,6905.29,6329.86,2850.8,2937.26,4130.92,1241.21,976.28,demo,True
2026-06-17 12:00:00,39597.07,39521.05,3032.71,4937.26,5679.18,2970.98,6676.86,6442.23,2976.43,3481.73,4215.37,1228.84,912.15,demo,True
2026-06-17 13:00:00,38269.94,38686.06,3050.27,5521.58,5242.55,2591.38,6300.22,6569.03,2971.76,3392.49,3848.43,1311.89,936.73,demo,True
2026-06-17 14:00:00,39964.59,40162.27,3073.35,7496.68,5185.31,2439.65,6447.88,6537.59,2943.3,3349.9,3566.45,1233.33,962.18,demo,True
2026-06-17 15:00:00,39746.87,39910.92,3030.25,7046.29,5230.32,2772.96,7059.8,6309.01,2867.58,3610.59,2831.32,1251.83,931.21,demo,True
2026-06-17 16:00:00,39342.73,39567.94,3166.46,8224.52,5119.03,2946.8,6392.42,6534.57,2726.29,3391.97,2053.45,1253.16,925.74,demo,True
2026-06-17 17:00:00,39276.23,39496.08,3063.0,9662.77,4685.06,2695.46,6513.96,6163.73,2855.73,3717.78,1051.48,1210.26,939.85,demo,True
2026-06-17 18:00:00,38781.18,39236.5,3137.02,9408.71,5428.85,2833.57,6732.45,5912.13,2883.65,3817.58,0.0,1236.85,982.72,demo,True
2026-06-17 19:00:00,38735.23,38788.01,3172.85,9234.01,5770.11,2580.27,6575.32,6166.52,2634.9,3581.32,0.0,1260.12,985.44,demo,True
2026-06-17 20:00:00,36818.79,36999.99,3169.57,7668.95,5324.91,2991.28,6369.51,6138.31,2877.76,3449.19,0.0,1252.14,927.94,demo,True
2026-06-17 21:00:00,35578.99,35790.01,2788.88,5729.98,5340.74,2917.34,6239.8,6178.26,2843.19,4384.39,0.0,1192.49,963.82,demo,True
2026-06-17 22:00:00,34039.52,34097.79,2812.18,5214.87,5152.53,2803.55,6496.47,6107.91,2696.49,3440.35,0.0,1235.83,949.81,demo,True
2026-06-17 23:00:00,30997.23,31720.84,2610.29,1500.0,5501.03,2830.37,6730.31,6219.29,2809.32,3935.26,0.0,1275.52,919.75,demo,True
2026-06-18 00:00:00,29185.53,31681.97,2513.25,1500.0,5189.79,2549.16,6962.32,6458.97,2808.99,4006.95,0.0,1264.71,941.09,demo,True
2026-06-18 01:00:00,27572.92,30838.85,2645.31,1500.0,5269.48,2557.2,5987.13,6701.83,3075.08,3555.62,0.0,1280.45,912.07,demo,True
2026-06-18 02:00:00,27235.7,30728.85,2401.13,1500.0,4793.04,2778.04,7116.97,5946.89,2866.86,3516.79,0.0,1225.36,984.89,demo,True
2026-06-18 03:00:00,27129.94,30943.28,2173.94,1500.0,5062.37,2892.47,6399.06,6045.23,2961.68,3803.88,0.0,1282.02,996.57,demo,True
2026-06-18 04:00:00,30129.41,31478.48,2556.64,1500.0,5295.51,2901.59,6823.69,6156.55,2820.06,3794.51,0.0,1248.89,937.68,demo,True
2026-06-18 05:00:00,32659.24,32890.64,2722.78,3779.49,5435.88,2734.67,6241.86,6501.35,2606.09,3370.97,0.0,1289.81,930.53,demo,True
2026-06-18 06:00:00,34430.23,34657.82,2813.69,5080.99,5443.08,2934.17,5936.21,6290.09,2908.34,3833.23,0.0,1250.08,981.64,demo,True
2026-06-18 07:00:00,34280.0,34437.13,2735.51,4060.54,4789.41,3055.74,6040.47,6178.24,2745.31,4350.44,1031.68,1198.81,986.48,demo,True
2026-06-18 08:00:00,37590.73,38051.35,2860.75,5703.57,4815.78,2784.04,6384.17,6497.67,2780.58,4907.97,1989.78,1271.23,916.57,demo,True
2026-06-18 09:00:00,39261.57,39528.5,3271.92,5899.67,5351.88,2855.74,6683.43,6552.91,2690.98,4609.1,2700.32,1238.91,945.56,demo,True
2026-06-18 10:00:00,38614.4,38472.24,3076.85,6298.66,5005.83,2762.59,6510.92,6340.97,2822.5,3088.18,3453.77,1240.59,948.23,demo,True
2026-06-18 11:00:00,39244.68,39710.5,3036.46,4966.37,5432.59,2777.26,6412.42,6168.19,2937.95,4763.69,4111.47,1213.67,926.88,demo,True
2026-06-18 12:00:00,37742.61,38164.3,3147.87,3523.4,4776.16,2830.52,6891.31,6409.97,2918.35,4218.01,4344.46,1290.55,961.58,demo,True
2026-06-18 13:00:00,39225.88,39584.17,2971.77,4587.86,5174.41,3106.59,6500.7,6302.0,2992.99,4776.54,3977.1,1236.97,929.0,demo,True
2026-06-18 14:00:00,38241.34,37995.37,3048.06,3732.14,5191.1,2964.75,6597.92,6303.19,3006.17,4594.63,3382.3,1289.38,933.79,demo,True
2026-06-18 15:00:00,39179.74,39429.21,2964.13,5072.52,5324.92,2948.53,7588.86,6246.45,2549.41,4555.75,2956.59,1239.22,946.96,demo,True
2026-06-18 16:00:00,38056.96,38467.78,3081.21,6213.36,4931.9,2718.33,6497.19,6565.71,2647.71,4650.0,2111.45,1226.81,905.33,demo,True
2026-06-18 17:00:00,39556.17,39874.48,3026.52,9375.12,4688.64,2638.33,6256.45,6420.3,2569.94,4737.46,1016.95,1282.99,888.31,demo,True
2026-06-18 18:00:00,39654.66,39941.59,3172.83,8010.96,5244.53,2870.12,6668.34,6596.36,2858.67,5466.89,0.0,1248.17,977.55,demo,True
2026-06-18 19:00:00,37722.04,38133.23,3200.06,6648.81,5336.87,3023.87,6756.93,6665.76,2695.53,4829.26,0.0,1248.41,927.79,demo,True
2026-06-18 20:00:00,36292.49,36567.56,2931.97,4541.63,5461.94,3110.21,6605.34,6476.07,2715.8,5424.57,0.0,1217.96,1014.05,demo,True
2026-06-18 21:00:00,33914.87,34381.53,2578.96,3709.56,5106.78,2358.53,6554.92,6267.07,2744.24,5392.72,0.0,1238.56,1009.16,demo,True
2026-06-18 22:00:00,33252.68,34074.43,2734.66,1500.0,5401.68,3240.35,7018.78,6610.84,2811.83,5295.43,0.0,1260.72,934.81,demo,True
2026-06-18 23:00:00,30993.38,32091.21,2661.64,1500.0,5326.3,2875.06,6975.04,6487.96,2583.31,4105.85,0.0,1217.52,1020.17,demo,True
2026-06-19 00:00:00,28541.15,33841.81,2541.45,1500.0,5543.83,2963.61,6459.01,6961.87,2606.05,5592.79,0.0,1236.52,978.13,demo,True
2026-06-19 01:00:00,28736.09,31669.97,2604.54,1500.0,5185.6,2486.81,6274.78,6461.04,2752.79,4838.83,0.0,1239.49,930.64,demo,True
2026-06-19 02:00:00,27675.85,32680.92,2544.76,1500.0,4750.23,2757.36,6650.22,6550.06,2891.94,5456.9,0.0,1251.66,872.54,demo,True
2026-06-19 03:00:00,27666.8,32007.59,2407.69,1500.0,5182.41,2948.11,6272.77,6464.29,2740.46,4641.92,0.0,1286.99,970.64,demo,True
2026-06-19 04:00:00,29240.33,31903.79,2452.59,1500.0,5223.0,2588.55,6809.81,6382.49,2643.86,4562.64,0.0,1242.5,950.94,demo,True
2026-06-19 05:00:00,32152.91,32954.81,2552.57,1500.0,5334.73,2280.1,6648.42,6351.33,2476.39,6168.16,0.0,1232.74,962.94,demo,True
2026-06-19 06:00:00,33864.56,34282.12,2730.99,2879.1,4801.5,2860.39,7434.51,6477.03,2843.75,4724.03,0.0,1318.66,943.13,demo,True
2026-06-19 07:00:00,35337.24,35574.88,2880.31,2550.72,5118.87,2791.04,7015.65,6531.06,2636.33,5795.86,980.5,1239.17,915.68,demo,True
2026-06-19 08:00:00,37526.71,37745.86,2842.77,4275.06,5425.71,3059.44,6122.44,6674.54,2582.11,5299.99,2124.15,1245.23,937.19,demo,True
2026-06-19 09:00:00,37463.46,37606.88,2873.93,4371.95,5172.94,2771.21,6318.42,6492.77,2509.08,5046.35,2711.91,1241.05,971.2,demo,True
2026-06-19 10:00:00,38966.83,39261.8,3088.16,5580.8,5120.51,2784.39,5830.12,6327.29,2537.3,5247.27,3651.67,1243.08,939.37,demo,True
2026-06-19 11:00:00,39286.8,39241.39,2997.66,4971.43,5695.64,2925.58,5751.79,6361.6,2589.67,4630.03,4124.52,1251.94,939.19,demo,True
2026-06-19 12:00:00,38829.25,39083.35,3059.66,4577.58,4921.8,2986.03,6539.84,6146.9,2671.34,5282.19,3780.23,1273.02,904.42,demo,True
2026-06-19 13:00:00,39353.98,40116.93,2993.09,5892.2,5520.62,2672.43,6082.67,6807.93,2549.89,4753.77,3624.6,1260.1,952.74,demo,True
2026-06-19 14:00:00,38449.53,38428.83,3024.09,2796.42,5465.52,2970.01,7074.42,6327.98,2712.13,5101.06,3787.73,1276.93,916.64,demo,True
2026-06-19 15:00:00,39406.87,39685.1,2991.94,4751.37,5141.46,2706.09,6905.27,6664.51,2655.13,5762.65,2844.97,1276.1,977.56,demo,True
2026-06-19 16:00:00,39546.11,39864.12,2917.69,6320.38,5191.45,2802.97,6404.98,6517.23,2946.16,5425.88,2071.88,1255.21,927.98,demo,True
2026-06-19 17:00:00,37144.16,37485.32,3066.89,6277.26,5190.52,2920.74,6385.09,6527.98,2469.77,4554.05,959.38,1259.41,941.13,demo,True
2026-06-19 18:00:00,39780.71,39856.72,3074.35,7501.38,5247.31,2952.12,7019.88,6440.16,2688.42,5714.81,0.0,1277.72,1014.92,demo,True
2026-06-19 19:00:00,36146.92,36489.73,2900.67,5064.63,5045.42,2857.3,7100.11,6297.58,2684.64,5277.03,0.0,1222.22,940.8,demo,True
2026-06-19 20:00:00,36667.1,36820.89,2899.45,6907.73,5088.68,2605.5,6173.59,6262.78,2534.77,4998.59,0.0,1312.46,936.78,demo,True
2026-06-19 21:00:00,36151.83,36144.87,2951.15,5085.13,5107.64,2463.35,6128.59,6861.15,2664.5,5629.75,0.0,1237.19,967.57,demo,True
2026-06-19 22:00:00,33227.07,33648.42,2763.26,2825.76,5115.94,2766.17,6394.62,6511.05,2740.03,5157.17,0.0,1241.23,896.44,demo,True
2026-06-19 23:00:00,30384.17,32484.69,2619.97,1500.0,5119.2,2974.83,6650.92,6738.69,2653.84,4639.97,0.0,1219.7,987.52,demo,True
2026-06-20 00:00:00,26371.24,33249.21,2273.46,1500.0,4617.39,2880.95,6320.21,6801.03,2802.94,6126.43,0.0,1220.45,979.82,demo,True
2026-06-20 01:00:00,26647.81,32419.89,2361.53,1500.0,5225.39,2843.57,6658.27,6411.24,2370.0,5171.33,0.0,1274.35,965.73,demo,True
2026-06-20 02:00:00,24155.78,32939.01,2267.69,1500.0,5062.86,2798.74,7182.6,6600.14,2524.75,5114.48,0.0,1306.75,848.69,demo,True
2026-06-20 03:00:00,26720.11,31501.38,2493.73,1500.0,4714.63,2855.64,6007.89,6522.27,2797.29,4925.63,0.0,1235.82,942.22,demo,True
2026-06-20 04:00:00,27099.96,32420.98,2404.34,1500.0,5108.99,2621.06,6344.01,6263.24,2724.16,5689.02,0.0,1258.68,911.81,demo,True
2026-06-20 05:00:00,28078.32,31757.05,2346.9,1500.0,5100.95,2940.44,6014.55,6482.54,2674.0,4805.35,0.0,1255.5,983.72,demo,True
2026-06-20 06:00:00,30544.32,32119.35,2606.91,1500.0,5531.56,2952.34,6207.2,6658.17,2751.51,4261.99,0.0,1275.01,981.58,demo,True
2026-06-20 07:00:00,32226.2,32497.05,2645.62,1500.0,5059.8,2736.05,6396.86,6424.77,2367.91,4659.83,1084.72,1305.47,961.64,demo,True
2026-06-20 08:00:00,35209.69,35480.34,2631.02,1943.43,5373.63,2878.66,6245.48,6468.79,2687.72,5625.29,2055.41,1288.02,913.91,demo,True
2026-06-20 09:00:00,36298.8,36592.79,2704.03,2186.77,5559.53,2491.02,6681.99,6507.87,2714.3,5338.83,2873.62,1244.03,994.83,demo,True
2026-06-20 10:00:00,35250.75,35941.12,2792.91,1500.0,5036.7,2832.41,6552.83,7016.35,2501.84,4754.3,3541.34,1263.22,942.13,demo,True
2026-06-20 11:00:00,36411.16,36749.08,2862.6,1621.68,5187.65,2776.04,6604.66,6154.19,2890.69,5525.71,3718.59,1265.7,1004.16,demo,True
2026-06-20 12:00:00,36063.91,37391.79,2817.17,1500.0,5649.46,3026.66,6392.66,6673.97,2593.02,5168.66,4179.91,1249.5,957.96,demo,True
2026-06-20 13:00:00,37464.62,37837.27,3030.27,3937.23,5259.53,2764.24,6424.89,6513.85,2300.59,4615.37,3833.76,1222.6,965.2,demo,True
2026-06-20 14:00:00,35560.76,35619.09,2743.47,1743.25,5297.17,2956.36,6377.26,6434.67,2603.73,4618.16,3422.27,1230.03,936.19,demo,True
2026-06-20 15:00:00,37682.96,37698.94,2849.48,4702.74,5094.11,2729.59,6412.97,6520.57,2465.83,4816.76,2685.46,1278.7,992.21,demo,True
2026-06-20 16:00:00,36646.5,36891.45,2851.3,4561.61,5378.63,2388.5,6646.65,6734.67,2686.24,4185.76,2059.86,1281.28,968.25,demo,True
2026-06-20 17:00:00,35882.82,36123.73,2835.04,5130.31,5189.69,2759.4,5826.78,6753.44,2606.41,4552.25,1067.35,1244.81,993.29,demo,True
2026-06-20 18:00:00,35983.41,36252.08,2915.53,6124.72,4723.65,2835.42,6600.78,6641.21,2463.11,4651.34,0.0,1256.53,955.33,demo,True
2026-06-20 19:00:00,35229.13,35318.44,2810.9,5803.28,5107.64,2827.15,6195.94,6846.99,2709.36,3599.56,0.0,1279.93,948.59,demo,True
2026-06-20 20:00:00,33716.1,34002.61,2582.31,3902.35,4892.37,2829.87,6381.4,6892.08,2635.99,4293.29,0.0,1207.39,967.85,demo,True
2026-06-20 21:00:00,33010.47,33313.93,2505.93,3792.9,5229.18,2708.84,5953.46,6798.95,2418.1,4180.38,0.0,1238.84,993.28,demo,True
2026-06-20 22:00:00,30099.63,31646.83,2561.13,1500.0,4961.62,2741.73,6374.46,6505.64,2493.39,4789.04,0.0,1300.45,980.5,demo,True
2026-06-20 23:00:00,27394.24,30834.47,2318.73,1500.0,5324.31,2597.26,6597.26,6741.08,2567.85,3295.08,0.0,1257.48,954.15,demo,True
2026-06-21 00:00:00,26881.09,31101.47,2203.86,1500.0,5211.64,2440.61,6659.98,6748.68,2456.29,3968.22,0.0,1221.77,894.28,demo,True
2026-06-21 01:00:00,24676.98,30247.62,2316.19,1500.0,4875.52,2780.84,6084.78,6466.02,2454.05,3859.16,0.0,1252.93,974.31,demo,True
2026-06-21 02:00:00,24984.32,31383.54,2417.42,1500.0,5071.94,2665.86,6643.09,6306.84,2492.77,4520.65,0.0,1275.54,906.84,demo,True
2026-06-21 03:00:00,25303.44,31419.52,2306.47,1500.0,5361.35,2994.37,6898.92,6213.8,2354.66,3959.03,0.0,1186.34,951.05,demo,True
2026-06-21 04:00:00,26538.68,31642.35,2381.83,1500.0,5498.48,2407.24,6327.21,6680.93,2208.81,4818.75,0.0,1254.41,946.53,demo,True
2026-06-21 05:00:00,30323.67,31395.29,2595.41,1500.0,4965.37,2852.38,6500.32,6737.92,2499.63,4191.51,0.0,1240.69,907.47,demo,True
2026-06-21 06:00:00,31001.99,31297.94,2424.62,3014.71,4914.67,3181.87,5776.01,6419.2,2226.47,3594.89,0.0,1208.95,961.18,demo,True
2026-06-21 07:00:00,33120.02,33338.66,2807.68,2299.58,5707.26,2767.09,6186.04,6916.21,2340.18,3859.43,996.2,1252.05,1014.63,demo,True
2026-06-21 08:00:00,33369.85,33749.14,2850.88,2473.25,5197.46,2799.51,6594.68,6726.5,2240.97,3502.27,2027.29,1246.59,940.62,demo,True
2026-06-21 09:00:00,35338.33,35744.22,2995.06,2229.45,5223.78,2876.74,6834.41,6996.87,2249.98,4048.89,3061.72,1249.4,972.98,demo,True
2026-06-21 10:00:00,36614.88,36456.96,2876.39,4141.45,5007.76,2890.81,6290.25,6788.52,2493.19,2893.28,3689.72,1241.29,1020.67,demo,True
2026-06-21 11:00:00,35986.5,36422.28,2779.45,2916.86,5255.96,2726.47,7434.29,6479.47,2409.6,3088.11,3911.19,1224.47,975.88,demo,True
2026-06-21 12:00:00,37313.78,37609.18,3072.15,3802.49,5645.92,2618.51,6609.86,6821.99,2399.53,3668.87,3897.71,1213.63,930.65,demo,True
2026-06-21 13:00:00,35727.28,35881.63,2888.9,2626.26,5266.13,2917.49,6054.33,6875.74,2266.91,3995.55,3689.37,1232.73,957.11,demo,True
2026-06-21 14:00:00,36315.38,36474.75,2996.77,4432.1,5476.89,2456.55,6950.51,6615.03,2340.41,2224.01,3743.34,1271.48,964.42,demo,True
2026-06-21 15:00:00,36159.76,36415.47,2833.41,4137.65,5207.54,2949.8,6061.47,6425.47,2458.6,3955.33,2970.78,1255.83,993.01,demo,True
2026-06-21 16:00:00,36794.83,36954.16,2983.69,6075.22,4933.29,2729.48,6614.95,6772.07,2401.5,3141.98,2050.98,1248.27,986.42,demo,True
2026-06-21 17:00:00,36257.83,36339.17,2870.78,7878.68,5022.36,2800.56,6174.77,6537.12,2500.82,2215.02,1118.92,1224.01,866.9,demo,True
2026-06-21 18:00:00,36277.87,36400.47,2989.23,9470.26,4909.37,2705.39,6024.9,7011.25,2512.28,1602.05,0.0,1240.65,924.31,demo,True
2026-06-21 19:00:00,35634.98,35697.75,2913.01,7002.12,5256.62,3057.56,6836.75,6682.46,2360.6,2285.31,0.0,1268.43,947.9,demo,True
2026-06-21 20:00:00,34104.26,34596.64,3043.43,5332.04,5518.21,2844.82,6409.08,7158.87,2163.01,2988.45,0.0,1262.62,919.54,demo,True
2026-06-21 21:00:00,33293.66,33553.72,2846.79,4865.24,5241.86,2742.09,7103.99,6319.6,2288.92,2914.95,0.0,1238.07,839.0,demo,True
2026-06-21 22:00:00,31136.04,31791.55,2449.2,3275.87,5119.98,2737.02,6143.72,6824.07,2362.46,3215.49,0.0,1184.71,928.23,demo,True
2026-06-21 23:00:00,28868.47,29373.66,2500.38,1500.0,4994.69,2773.33,5954.13,7116.41,2275.49,2576.59,0.0,1233.13,949.89,demo,True
2026-06-22 00:00:00,29355.54,29711.54,2584.96,1581.82,5292.42,3231.45,6332.12,6613.64,2236.64,2251.3,0.0,1237.93,934.24,demo,True
2026-06-22 01:00:00,29006.56,30302.66,2482.77,1500.0,4878.09,2562.92,7511.68,6782.08,2366.11,2554.37,0.0,1227.32,920.09,demo,True
2026-06-22 02:00:00,27855.75,30497.86,2354.46,1500.0,4905.13,2994.92,6791.87,6736.07,2643.95,2735.0,0.0,1239.67,951.24,demo,True
2026-06-22 03:00:00,28235.12,30523.81,2541.46,1500.0,5434.04,2902.26,6693.86,6681.97,2288.34,2792.62,0.0,1270.41,960.29,demo,True
2026-06-22 04:00:00,29731.81,30074.05,2480.69,1500.0,5127.79,3077.17,6705.43,6893.91,2341.23,2243.51,0.0,1249.07,935.94,demo,True
2026-06-22 05:00:00,32620.61,32786.94,2795.76,4361.66,5122.66,2913.23,6330.3,6562.83,2178.8,3051.56,0.0,1274.74,991.15,demo,True
2026-06-22 06:00:00,32534.25,32859.88,2652.77,3717.78,5156.04,2800.61,7455.27,6831.17,2480.16,2254.83,0.0,1212.29,951.73,demo,True
2026-06-22 07:00:00,35997.16,36326.31,2898.55,6594.85,5388.73,2983.6,6660.33,6976.89,2430.67,2097.36,1027.66,1242.37,923.85,demo,True
2026-06-22 08:00:00,35798.11,35807.46,3002.11,5604.03,5243.03,2841.36,6627.51,6823.87,2417.17,2229.77,1902.94,1201.52,916.26,demo,True
2026-06-22 09:00:00,38458.19,38759.27,3100.77,6892.6,5006.8,2935.89,6844.7,6659.0,2478.48,3009.24,2749.62,1239.34,943.61,demo,True
2026-06-22 10:00:00,40076.72,40426.27,3150.52,8596.34,5016.16,3057.08,6054.36,7113.56,2258.88,2378.43,3744.21,1223.86,983.4,demo,True
2026-06-22 11:00:00,39555.74,39699.49,3114.33,8042.81,5149.27,2816.65,6192.23,7055.48,2268.77,2072.77,3894.18,1282.03,925.29,demo,True
2026-06-22 12:00:00,39307.58,39433.03,3096.93,6813.48,5278.58,2723.61,6414.07,6673.69,2505.19,2860.53,3935.77,1260.24,967.88,demo,True
2026-06-22 13:00:00,38686.85,39016.31,2976.63,5906.21,5190.77,2684.11,6846.96,6626.0,2370.91,3448.57,3714.57,1275.37,952.84,demo,True
2026-06-22 14:00:00,39047.57,38834.41,2955.69,7795.88,5167.63,2881.1,6045.68,6709.26,2023.7,2464.06,3498.03,1239.27,1009.8,demo,True
2026-06-22 15:00:00,38903.55,39153.93,3127.93,7316.41,5212.03,2641.93,6476.43,7046.65,2339.66,2960.51,2974.09,1224.51,961.71,demo,True
2026-06-22 16:00:00,38639.62,39183.82,3224.29,8674.24,5190.58,2737.04,6426.9,6995.35,2210.39,2848.35,1948.21,1223.71,929.05,demo,True
2026-06-22 17:00:00,39013.26,38795.91,3182.33,10382.7,4997.1,2625.84,5948.96,7116.59,2383.14,2016.6,1096.24,1256.64,972.09,demo,True
2026-06-22 18:00:00,39116.37,39514.48,3179.96,11022.02,5487.83,2891.5,6321.87,6879.09,2319.55,2324.25,0.0,1295.25,973.1,demo,True
2026-06-22 19:00:00,37773.22,38121.21,2986.03,11017.75,5074.6,2664.61,6689.79,6755.5,2056.96,1663.59,0.0,1260.31,938.09,demo,True
2026-06-22 20:00:00,36563.94,36555.08,3075.38,8955.18,5233.6,2568.39,5980.86,7169.21,2293.4,2198.75,0.0,1240.63,915.08,demo,True
2026-06-22 21:00:00,34511.92,34855.61,2923.71,7263.79,4664.31,2600.06,6993.97,6853.44,2281.77,1986.9,0.0,1245.28,966.08,demo,True
2026-06-22 22:00:00,33752.67,34182.93,2895.88,6057.04,5144.05,2697.2,6663.82,7024.4,2295.52,2099.77,0.0,1249.22,951.91,demo,True
2026-06-22 23:00:00,31822.22,31860.43,2805.41,4509.61,4914.11,2713.55,6621.1,6650.55,2316.43,1929.92,0.0,1300.67,904.5,demo,True
2026-06-23 00:00:00,29829.02,29951.72,2713.09,1955.5,4945.45,2845.26,6502.87,6874.37,2422.4,2167.39,0.0,1280.84,957.64,demo,True
2026-06-23 01:00:00,29134.6,30509.43,2424.19,1500.0,5829.77,2770.91,6117.69,7230.01,2288.12,2585.54,0.0,1256.5,930.89,demo,True
2026-06-23 02:00:00,28092.34,29427.4,2357.39,1500.0,5264.88,2866.66,6272.61,6858.59,2236.83,2270.57,0.0,1252.74,904.53,demo,True
2026-06-23 03:00:00,28734.22,29705.98,2533.15,1500.0,5518.77,2881.11,6626.65,7203.61,2367.52,1411.4,0.0,1257.48,939.44,demo,True
2026-06-23 04:00:00,29881.21,30123.64,2502.51,2244.55,5422.38,2933.29,6271.92,6519.86,2494.63,1986.16,0.0,1262.36,988.49,demo,True
2026-06-23 05:00:00,31378.92,31509.24,2586.37,3938.53,5455.64,2456.59,6566.06,6917.89,2331.11,1617.5,0.0,1239.67,986.24,demo,True
2026-06-23 06:00:00,33110.92,33365.35,2887.61,5454.36,5148.24,2597.1,6185.39,7011.55,2241.9,2519.51,0.0,1228.9,978.4,demo,True
2026-06-23 07:00:00,37018.16,37456.57,2902.42,6615.48,5617.66,2899.88,6658.0,7440.91,2264.98,2671.69,1054.09,1275.81,958.08,demo,True
2026-06-23 08:00:00,36816.97,37086.03,2972.44,6170.5,5420.14,2838.05,6684.13,6808.67,2239.78,2573.1,2133.24,1250.55,967.87,demo,True
2026-06-23 09:00:00,37849.99,38035.64,2878.57,7272.59,5210.75,2975.85,5930.31,7221.81,2207.31,2078.11,2912.24,1273.72,952.96,demo,True
2026-06-23 10:00:00,39287.97,39532.08,3092.61,6925.61,5268.46,2522.08,6523.56,7315.05,2461.01,2624.39,3683.92,1291.15,916.85,demo,True
2026-06-23 11:00:00,39399.97,39505.86,3212.61,8116.69,5164.45,2714.47,5967.42,6932.15,2107.47,2297.16,4020.21,1263.02,922.83,demo,True
2026-06-23 12:00:00,38214.79,38285.8,3136.93,6752.92,5213.58,2746.65,5848.64,7017.06,2332.17,1996.41,4187.62,1258.96,931.78,demo,True
2026-06-23 13:00:00,39875.04,40341.65,3219.12,7700.79,5188.66,2829.98,6292.14,7138.76,2174.77,2971.8,3722.7,1330.01,992.04,demo,True
2026-06-23 14:00:00,38969.9,39514.68,3072.0,6188.71,5299.2,2806.46,7478.92,6790.05,2008.58,3047.11,3658.19,1255.18,982.3,demo,True
2026-06-23 15:00:00,38312.34,38239.87,3142.24,5725.0,5652.39,2884.43,6771.39,7024.23,2160.06,3151.68,2730.35,1222.74,917.6,demo,True
2026-06-23 16:00:00,40031.96,40386.74,3207.36,9399.85,4886.64,2779.36,6987.24,7413.49,2113.54,2414.02,2198.03,1242.97,951.6,demo,True
2026-06-23 17:00:00,39664.14,40068.75,3111.18,8735.83,5497.01,3047.02,6712.95,7256.12,2245.02,3350.59,997.49,1288.79,937.92,demo,True
2026-06-23 18:00:00,38102.32,38134.22,3122.63,9333.77,5104.26,3104.42,6571.91,7115.05,2183.3,2558.52,0.0,1217.65,945.35,demo,True
2026-06-23 19:00:00,39564.3,39729.38,3248.99,10214.7,5530.11,2598.78,6813.39,7182.82,2046.39,3178.08,0.0,1231.19,933.92,demo,True
2026-06-23 20:00:00,37599.49,37745.62,2928.65,8998.31,5113.3,2808.12,6276.15,7294.15,2342.33,2643.43,0.0,1277.66,992.17,demo,True
2026-06-23 21:00:00,35466.95,36059.12,2820.53,6476.79,5307.32,2943.64,6664.68,7344.69,2293.46,2835.91,0.0,1243.21,949.43,demo,True
2026-06-23 22:00:00,34602.32,35149.76,2873.3,6771.64,5158.7,2905.36,6911.98,7060.76,2349.88,1787.71,0.0,1247.24,956.48,demo,True
2026-06-23 23:00:00,31562.0,31646.19,2547.55,2577.96,4750.05,2726.59,6744.8,7529.22,2184.97,2899.04,0.0,1276.83,956.73,demo,True
2026-06-24 00:00:00,29657.2,31871.59,2441.8,1500.0,5652.13,2845.88,6934.97,7489.6,2149.3,3148.46,0.0,1232.08,919.17,demo,True
2026-06-24 01:00:00,28006.77,30244.81,2412.04,1500.0,4954.88,2514.98,6563.91,7357.41,2235.14,2951.94,0.0,1213.28,953.26,demo,True
2026-06-24 02:00:00,28448.13,32007.88,2567.19,1500.0,5221.81,2796.55,7092.23,7031.38,2078.62,4090.14,0.0,1215.28,981.87,demo,True
2026-06-24 03:00:00,28803.43,29497.81,2587.0,1500.0,4926.37,2537.15,6427.12,7000.79,2160.8,2686.86,0.0,1264.54,994.18,demo,True
2026-06-24 04:00:00,29688.8,30983.52,2584.22,1500.0,4852.38,2891.44,7241.19,7161.8,2121.47,3043.21,0.0,1256.48,915.57,demo,True
2026-06-24 05:00:00,30900.01,31280.24,2646.0,2546.19,5146.72,2599.13,6700.76,7255.43,1964.65,2930.24,0.0,1232.69,904.44,demo,True
2026-06-24 06:00:00,33583.45,33701.73,2986.99,5114.88,5045.69,2829.35,6365.62,6861.4,2152.77,3159.14,0.0,1221.03,951.86,demo,True
2026-06-24 07:00:00,35429.4,35791.57,2824.38,5297.84,4896.11,2857.46,6087.3,7367.7,2082.14,4015.67,960.85,1243.24,983.28,demo,True
2026-06-24 08:00:00,36209.9,36453.22,2912.6,3971.72,5190.79,2813.66,6217.2,7550.5,2103.61,4298.4,2068.64,1277.91,960.79,demo,True
2026-06-24 09:00:00,37295.83,37887.94,2916.2,6249.62,4814.7,2686.25,6164.22,7402.47,2174.1,3268.8,2928.26,1229.1,970.41,demo,True
2026-06-24 10:00:00,39389.77,39720.3,2981.3,7140.14,5232.62,2762.13,6468.95,7135.3,2280.96,3317.8,3239.78,1233.43,909.19,demo,True
2026-06-24 11:00:00,37412.35,37605.83,3074.78,5131.42,5166.9,3012.59,6054.11,7117.63,2024.3,3161.04,3784.76,1220.24,932.84,demo,True
2026-06-24 12:00:00,39351.93,39626.76,3027.46,5048.66,4555.09,2723.57,6952.47,7366.74,2083.74,4453.14,4318.42,1240.81,884.12,demo,True
2026-06-24 13:00:00,38764.5,38996.41,3087.37,4689.83,5063.99,2803.86,6538.75,7275.4,2030.36,4420.9,3969.14,1258.45,945.73,demo,True
2026-06-24 14:00:00,39961.61,40003.81,3094.25,6513.89,5321.79,2699.78,6524.55,7414.94,2020.68,3867.71,3452.52,1302.88,885.07,demo,True
2026-06-24 15:00:00,38754.57,39351.05,3175.65,7472.23,4923.48,2983.68,6092.11,7458.19,2047.16,3282.76,2846.02,1255.44,989.98,demo,True
2026-06-24 16:00:00,39671.45,40209.21,3042.39,8611.15,5333.07,2814.01,6230.84,7574.35,2093.23,3387.29,1919.98,1248.66,996.64,demo,True
2026-06-24 17:00:00,38958.33,39176.6,3197.35,8682.39,5312.5,2662.48,5722.87,7093.39,2185.48,4185.35,1106.34,1271.57,954.22,demo,True
2026-06-24 18:00:00,39077.12,39453.1,3193.05,8492.93,4935.39,2801.28,7066.23,7399.51,2152.08,4433.64,0.0,1267.41,904.62,demo,True
2026-06-24 19:00:00,38846.05,39465.31,2965.25,10862.58,5196.81,2756.61,6003.8,7279.08,1985.34,3184.25,0.0,1235.56,961.27,demo,True
2026-06-24 20:00:00,36824.54,37297.19,2927.8,6762.31,5414.5,3050.66,6030.33,7345.62,2266.08,4114.35,0.0,1307.55,1005.77,demo,True
2026-06-24 21:00:00,36181.68,36376.35,3001.97,4474.37,4972.13,2791.96,6994.61,7565.75,2222.81,5141.06,0.0,1249.39,964.27,demo,True
2026-06-24 22:00:00,32803.58,33037.75,2860.04,2585.81,5146.49,2551.11,6635.65,7597.91,2000.12,4279.2,0.0,1255.91,985.55,demo,True
2026-06-24 23:00:00,31666.71,33771.9,2696.64,1500.0,5499.06,2889.75,6542.26,7699.71,2254.02,5187.86,0.0,1263.78,935.45,demo,True
2026-06-25 00:00:00,30332.71,32860.93,2528.07,1500.0,4977.02,3121.5,6619.09,7493.9,2145.31,4821.61,0.0,1258.65,923.86,demo,True
2026-06-25 01:00:00,28941.01,32383.16,2414.92,1500.0,5319.38,3015.45,6833.87,7384.26,2086.33,4007.86,0.0,1288.13,947.87,demo,True
2026-06-25 02:00:00,29392.34,31646.85,2561.66,1500.0,4919.41,2601.47,6534.96,7361.01,2147.19,4455.36,0.0,1235.25,892.2,demo,True
2026-06-25 03:00:00,27945.4,31388.28,2391.42,1500.0,5158.15,2751.63,5959.76,7043.15,2100.33,4587.75,0.0,1269.58,1017.92,demo,True
2026-06-25 04:00:00,28723.12,32696.2,2445.66,1500.0,5316.15,2794.48,6756.62,7727.68,2168.11,4224.86,0.0,1254.11,954.19,demo,True
2026-06-25 05:00:00,30766.96,31528.4,2566.57,1500.0,4574.82,2796.66,6647.82,7370.24,2124.55,4263.73,0.0,1274.57,976.0,demo,True
2026-06-25 06:00:00,33964.81,34272.36,2843.05,2082.34,5061.08,2868.57,6910.04,7560.45,2061.03,5548.07,0.0,1244.63,936.15,demo,True
2026-06-25 07:00:00,35836.8,35973.1,3051.9,4814.49,5311.63,2738.06,6062.82,7606.61,1857.96,4350.41,1086.19,1241.24,903.71,demo,True
2026-06-25 08:00:00,37224.91,37569.45,3035.59,4420.53,5258.72,2635.19,6244.73,7191.31,2163.94,5421.02,1972.93,1268.3,992.77,demo,True
2026-06-25 09:00:00,37550.03,37662.53,2960.78,3871.93,5064.18,2971.32,6637.23,7270.17,2055.54,4704.52,2912.4,1258.95,916.28,demo,True
2026-06-25 10:00:00,39540.97,39884.36,2984.22,5715.12,4912.81,2597.76,6169.42,7821.66,2193.52,4949.09,3335.02,1229.49,960.47,demo,True
2026-06-25 11:00:00,38386.38,38874.54,3044.65,4259.58,5363.4,2655.62,5676.51,7553.19,2157.84,5280.09,3681.38,1283.64,963.29,demo,True
2026-06-25 12:00:00,40029.4,40347.29,3247.36,5652.65,5116.17,2596.64,6569.07,7369.52,2058.28,4735.2,4029.23,1268.31,952.22,demo,True
2026-06-25 13:00:00,41109.37,41418.49,3245.8,5316.82,5341.79,2910.2,6813.25,7477.38,2222.8,5351.74,3809.9,1248.14,926.46,demo,True
2026-06-25 14:00:00,39312.35,39726.69,3083.48,5438.11,5298.86,2819.16,6454.87,7752.06,2124.75,4075.82,3579.25,1238.29,945.51,demo,True
2026-06-25 15:00:00,39518.17,40086.83,3028.58,5256.83,5083.67,2959.03,6691.85,7726.51,2120.02,5348.04,2720.29,1259.1,921.5,demo,True
2026-06-25 16:00:00,38874.8,39105.49,3105.29,6791.06,5478.87,2658.67,6641.18,7206.27,2084.1,3920.91,2083.65,1266.51,974.28,demo,True
2026-06-25 17:00:00,37979.02,38322.81,3104.09,5658.15,5045.49,2574.46,6503.67,7896.17,2303.08,5066.55,1097.95,1210.15,967.15,demo,True
2026-06-25 18:00:00,38585.6,39107.62,3077.89,6719.12,5509.52,2720.1,6547.59,7756.97,2015.93,5629.65,0.0,1259.39,949.36,demo,True
2026-06-25 19:00:00,37575.24,37945.71,2987.91,5347.63,5543.54,2767.15,6972.2,7518.63,2063.35,5533.95,0.0,1266.31,932.95,demo,True
2026-06-25 20:00:00,36145.43,36035.0,2864.41,5513.89,5473.03,2837.64,6162.51,7297.72,1954.22,4591.57,0.0,1191.19,1013.22,demo,True
2026-06-25 21:00:00,36699.74,36820.93,3181.63,5572.61,5153.05,2497.17,6770.57,7799.48,2190.63,4671.58,0.0,1254.9,910.94,demo,True
2026-06-25 22:00:00,33700.17,34085.36,2678.09,2439.43,5862.24,2886.17,6086.69,7680.08,2034.37,4925.35,0.0,1267.37,903.66,demo,True
2026-06-25 23:00:00,31736.28,32496.97,2543.03,1500.0,5239.48,2639.04,6221.83,7262.18,2048.7,5373.68,0.0,1264.52,947.54,demo,True
2026-06-26 00:00:00,29480.54,32433.61,2539.39,1500.0,5262.67,2683.47,6918.57,7539.44,2044.04,4273.1,0.0,1270.06,942.26,demo,True
2026-06-26 01:00:00,28367.97,33695.83,2419.92,1500.0,5194.26,3011.27,6076.56,8285.82,2114.66,5288.52,0.0,1241.81,982.93,demo,True
2026-06-26 02:00:00,28736.02,32444.0,2551.15,1500.0,4906.26,2407.02,6415.44,7609.22,1958.17,5454.5,0.0,1224.0,969.38,demo,True
2026-06-26 03:00:00,28467.18,33825.76,2567.22,1500.0,5536.72,2858.05,7326.47,7449.85,1840.29,5158.48,0.0,1205.01,950.89,demo,True
2026-06-26 04:00:00,30070.01,33635.63,2433.11,1500.0,5051.18,2857.37,6858.94,7398.67,2165.71,5561.44,0.0,1277.31,965.01,demo,True
2026-06-26 05:00:00,31335.79,33349.11,2537.82,1500.0,5439.1,2652.62,6241.99,8017.82,1858.54,5407.0,0.0,1267.58,964.46,demo,True
2026-06-26 06:00:00,33272.99,33799.49,2641.93,1927.97,5501.48,2719.54,6301.96,7821.85,2216.13,5018.24,0.0,1279.21,1013.11,demo,True
2026-06-26 07:00:00,34513.42,34577.06,2858.37,1954.03,5356.86,3019.79,6440.46,7952.33,2302.2,4312.48,1049.44,1231.87,957.6,demo,True
2026-06-26 08:00:00,35778.91,36162.55,2881.68,1671.98,5020.09,3153.33,6959.18,7704.6,2097.1,5336.39,2020.22,1270.1,929.57,demo,True
2026-06-26 09:00:00,38163.01,38662.82,2952.14,4339.43,5111.32,2991.65,6149.42,7933.15,2274.45,4779.88,2915.13,1212.43,955.96,demo,True
2026-06-26 10:00:00,39053.71,39451.17,3060.52,5564.55,4503.96,3139.46,6128.24,7477.87,2117.39,4951.61,3468.4,1228.26,871.44,demo,True
2026-06-26 11:00:00,38353.38,38681.94,2861.95,2197.19,5169.72,2675.56,6749.67,7707.45,2314.08,5462.37,4203.73,1253.15,949.02,demo,True
2026-06-26 12:00:00,39204.01,39424.81,2944.04,3322.25,5408.7,2515.58,5911.6,7741.98,2069.38,5911.19,4294.75,1266.58,982.79,demo,True
2026-06-26 13:00:00,39156.79,39739.61,2909.16,4200.63,5138.25,2790.53,6181.12,7990.07,1842.37,5160.94,4175.66,1291.98,968.07,demo,True
2026-06-26 14:00:00,37556.63,37762.48,2937.48,2195.67,5046.58,2944.87,6470.22,7763.14,2118.67,5432.21,3588.16,1244.0,958.96,demo,True
2026-06-26 15:00:00,38479.41,38900.1,3029.41,5389.11,5122.59,2466.14,6488.16,7562.4,2335.4,4405.94,2932.52,1228.36,969.48,demo,True
2026-06-26 16:00:00,39514.89,39736.32,2992.72,6150.43,5516.0,2633.24,6022.38,7721.08,2196.91,5221.8,2064.31,1227.07,983.1,demo,True
2026-06-26 17:00:00,39527.11,39445.61,3147.48,7264.9,5185.86,2653.23,6623.81,7345.11,2073.22,5037.83,1036.08,1232.8,992.76,demo,True
2026-06-26 18:00:00,38209.93,38411.39,3131.32,5865.16,5683.06,2864.18,6693.82,7210.19,2176.95,5649.09,0.0,1305.53,963.42,demo,True
2026-06-26 19:00:00,38461.18,38683.05,2963.09,7416.92,5051.61,2840.97,6268.13,7910.54,2256.51,4728.93,0.0,1268.92,940.52,demo,True
2026-06-26 20:00:00,37884.02,38108.21,2995.96,6326.23,5256.48,2660.47,7081.27,7651.99,2132.27,4841.09,0.0,1277.81,880.59,demo,True
2026-06-26 21:00:00,36048.04,36179.19,2934.09,3821.06,5087.32,2832.37,6618.86,7683.67,2460.36,5452.17,0.0,1244.03,979.35,demo,True
2026-06-26 22:00:00,33452.47,33815.11,2736.0,2265.78,5739.37,2593.94,6148.3,7930.69,2085.83,4835.79,0.0,1249.96,965.46,demo,True
2026-06-26 23:00:00,31152.91,33376.87,2486.76,1500.0,5246.72,2723.24,7067.27,8061.88,2271.02,4284.67,0.0,1267.48,954.58,demo,True
2026-06-27 00:00:00,26766.32,34503.44,2309.97,1500.0,5753.3,2572.34,6316.84,7878.73,2245.02,6070.5,0.0,1237.36,929.36,demo,True
2026-06-27 01:00:00,26326.45,32621.8,2297.04,1500.0,5090.77,2772.96,6562.61,8191.87,2072.56,4209.37,0.0,1242.72,978.95,demo,True
2026-06-27 02:00:00,25707.41,32920.3,2290.54,1500.0,5597.17,2655.91,6329.63,7884.79,2108.62,4668.76,0.0,1233.13,942.28,demo,True
2026-06-27 03:00:00,26440.4,33518.58,2334.66,1500.0,5230.68,2924.27,6718.45,7847.14,2284.82,4825.44,0.0,1238.81,948.97,demo,True
2026-06-27 04:00:00,27300.84,33002.46,2532.79,1500.0,5417.53,2795.29,6331.47,7839.94,2183.18,4735.51,0.0,1251.22,948.32,demo,True
2026-06-27 05:00:00,29556.13,31863.05,2497.23,1500.0,4882.88,2759.19,6352.7,7510.6,2209.61,4455.13,0.0,1229.46,963.5,demo,True
2026-06-27 06:00:00,31088.71,32916.31,2453.01,1500.0,5290.59,3118.26,6444.01,8010.03,1976.02,4404.7,0.0,1257.15,915.54,demo,True
2026-06-27 07:00:00,33557.54,34165.95,2754.09,2978.76,4922.03,2868.99,6324.32,7267.96,2254.43,4325.57,999.9,1257.11,966.88,demo,True
2026-06-27 08:00:00,35282.91,35467.72,2996.55,2792.06,5266.85,2733.73,6875.14,7683.18,2213.63,3829.98,1899.27,1245.52,928.37,demo,True
2026-06-27 09:00:00,35292.93,35394.23,2773.91,1500.0,4805.22,2694.93,6059.77,7823.34,2174.99,5407.02,2770.22,1229.31,929.43,demo,True
2026-06-27 10:00:00,35258.47,35468.06,2760.63,1500.0,5175.54,2587.39,6487.0,7650.64,2229.54,4165.01,3443.77,1252.62,976.56,demo,True
2026-06-27 11:00:00,37844.12,37900.39,2929.4,2815.75,5484.86,2788.14,6531.31,7731.03,2140.77,4515.79,3735.2,1237.38,920.15,demo,True
2026-06-27 12:00:00,36917.8,37227.88,2938.33,1581.63,5342.36,2855.37,6456.38,8241.06,2122.55,3991.65,4409.2,1251.16,976.5,demo,True
2026-06-27 13:00:00,35429.02,35804.15,2777.18,1500.0,4879.17,2455.41,6838.9,8085.2,2168.33,3922.66,3723.98,1277.45,953.04,demo,True
2026-06-27 14:00:00,36076.16,36212.4,2721.06,3489.4,4706.42,2554.48,5973.62,7697.3,2145.49,3812.9,3713.57,1218.68,900.55,demo,True
2026-06-27 15:00:00,37170.31,37267.78,2888.13,4123.87,5329.21,2707.1,6698.77,7750.69,2466.75,3205.88,2690.23,1304.34,990.93,demo,True
2026-06-27 16:00:00,36544.03,36598.53,2907.09,4177.77,5611.11,2602.33,6064.27,7578.81,2318.48,3840.39,2197.89,1248.19,959.31,demo,True
2026-06-27 17:00:00,36407.73,36497.55,2974.71,5424.98,4949.37,2807.79,6321.93,8020.54,2096.86,3656.9,997.07,1260.3,961.82,demo,True
2026-06-27 18:00:00,37508.12,37940.89,2949.17,6459.66,5745.33,2832.79,6028.31,7816.13,2461.51,4385.76,0.0,1231.18,980.22,demo,True
2026-06-27 19:00:00,35127.17,35701.77,2860.68,6313.53,5198.31,2777.98,6383.77,7444.03,2169.36,3141.25,0.0,1278.56,994.98,demo,True
2026-06-27 20:00:00,34119.63,34705.35,2813.41,5090.96,4690.74,2899.03,6297.63,7904.35,2229.04,3390.73,0.0,1246.86,956.03,demo,True
2026-06-27 21:00:00,33162.06,33535.74,2676.23,3273.15,4794.17,2694.72,7073.4,7984.21,2337.45,3169.97,0.0,1240.15,968.52,demo,True
2026-06-27 22:00:00,31302.49,32856.4,2610.15,1500.0,5400.19,2791.74,6584.48,8104.92,1997.68,4280.65,0.0,1235.61,961.14,demo,True
2026-06-27 23:00:00,29337.94,31347.52,2563.08,1500.0,5233.69,2619.4,6653.93,7882.23,2210.01,3065.26,0.0,1243.29,939.71,demo,True
2026-06-28 00:00:00,27854.73,31929.86,2327.07,1500.0,5585.38,2851.23,6112.37,7821.66,2174.08,3722.18,0.0,1260.46,902.5,demo,True
2026-06-28 01:00:00,26147.98,32657.52,2357.84,1500.0,4888.49,2813.66,6759.03,8345.84,2271.98,3867.75,0.0,1254.32,956.45,demo,True
2026-06-28 02:00:00,25923.4,32092.54,2235.12,1500.0,5230.81,2584.26,7073.38,7915.47,2296.31,3251.94,0.0,1249.0,991.37,demo,True
2026-06-28 03:00:00,25828.37,31382.35,2237.33,1500.0,5201.76,2772.09,6804.47,8077.41,2247.22,2579.69,0.0,1232.21,967.5,demo,True
2026-06-28 04:00:00,27262.42,30227.26,2348.65,1500.0,5162.82,2793.19,6040.8,7805.44,2246.3,2529.97,0.0,1230.77,917.98,demo,True
2026-06-28 05:00:00,29068.27,32071.43,2616.25,1500.0,5100.52,2850.58,6337.55,8080.88,2393.64,3586.84,0.0,1238.48,982.93,demo,True
2026-06-28 06:00:00,31183.07,31230.23,2483.56,2133.95,5105.7,2857.26,6537.97,7613.77,2306.75,2472.62,0.0,1261.51,940.72,demo,True
2026-06-28 07:00:00,33559.04,33889.57,2710.2,3031.82,5245.41,2670.19,6297.99,7837.19,2280.33,3246.01,1126.84,1266.56,887.24,demo,True
2026-06-28 08:00:00,35071.94,35378.41,2834.05,2464.4,5278.67,2937.46,7386.55,7677.79,2297.94,3055.48,2029.66,1269.93,980.54,demo,True
2026-06-28 09:00:00,35897.05,35969.92,2968.28,2923.51,5265.67,2894.15,6331.2,7815.23,2505.39,3136.47,2926.7,1249.96,921.64,demo,True
2026-06-28 10:00:00,35967.78,36362.08,3030.94,2339.09,5513.56,2669.58,6484.83,8228.07,2310.73,3134.68,3418.54,1259.59,1003.42,demo,True
2026-06-28 11:00:00,36821.04,37346.59,2891.79,5147.5,4887.67,2594.31,6289.92,7822.83,2233.25,2384.5,3756.39,1245.79,984.43,demo,True
2026-06-28 12:00:00,36728.53,37375.01,2968.18,4671.19,4728.96,2683.33,6581.09,8120.07,2070.92,2317.55,4052.29,1206.44,943.17,demo,True
2026-06-28 13:00:00,36774.39,37098.42,2895.59,2586.09,5464.41,2535.1,6983.82,8300.29,2132.99,3118.38,3768.96,1244.6,963.78,demo,True
2026-06-28 14:00:00,38130.4,38038.38,3001.4,5410.37,4954.68,2837.44,6540.2,7964.81,2254.12,2403.52,3409.91,1240.62,1022.72,demo,True
2026-06-28 15:00:00,36273.36,36609.21,2947.59,5229.47,5101.34,3013.04,6423.35,8193.81,2302.3,1302.16,2839.73,1224.02,980.0,demo,True
2026-06-28 16:00:00,37045.41,37428.96,2816.91,5675.53,5040.85,3055.88,6124.13,8096.26,2253.81,2962.47,2027.06,1235.82,957.15,demo,True
2026-06-28 17:00:00,37524.09,37731.76,3014.76,7281.19,5035.29,2603.92,6923.09,8009.21,2367.84,2082.71,1138.47,1253.38,1036.67,demo,True
2026-06-28 18:00:00,36606.1,36894.82,3011.92,7292.85,4820.85,2941.62,6449.71,8152.77,2262.73,2799.09,0.0,1221.67,953.53,demo,True
2026-06-28 19:00:00,37506.76,37669.74,2937.22,7316.61,5051.92,2815.21,6434.66,8396.52,2226.5,3228.63,0.0,1232.23,967.45,demo,True
2026-06-28 20:00:00,34423.71,34649.64,2881.63,6240.17,5368.83,2368.73,5681.37,7855.5,2415.09,2509.34,0.0,1288.7,921.91,demo,True
2026-06-28 21:00:00,33250.95,33684.1,2603.64,3910.26,5198.98,2740.17,6455.47,7788.58,2511.25,2969.7,0.0,1209.93,899.76,demo,True
2026-06-28 22:00:00,30480.0,30980.03,2602.5,1861.65,5331.17,2720.14,6359.61,7779.49,2219.46,2521.72,0.0,1245.42,941.37,demo,True
2026-06-28 23:00:00,28754.43,31448.55,2596.18,1500.0,5071.02,3017.95,5860.9,8225.96,2386.99,3213.75,0.0,1220.84,951.15,demo,True
2026-06-29 00:00:00,29901.11,30875.77,2547.25,1500.0,5434.74,2643.23,6846.36,8259.33,2134.59,1866.42,0.0,1231.21,959.88,demo,True
2026-06-29 01:00:00,29111.39,30395.46,2426.54,1500.0,5067.83,2901.35,6312.67,7896.34,2191.73,2373.09,0.0,1245.06,907.41,demo,True
2026-06-29 02:00:00,28314.2,30838.52,2344.38,1500.0,4651.78,2780.72,7163.45,7548.11,2303.53,2695.8,0.0,1225.31,969.82,demo,True
2026-06-29 03:00:00,29401.19,31143.91,2568.96,1500.0,5282.32,2539.75,6995.05,7873.06,2515.91,2248.38,0.0,1264.35,925.09,demo,True
2026-06-29 04:00:00,29662.05,31443.89,2617.74,1500.0,5399.52,2700.61,6248.03,8145.43,2291.83,2906.42,0.0,1283.78,968.26,demo,True
2026-06-29 05:00:00,31270.48,31508.86,2639.16,1740.33,5054.6,3075.69,6979.26,8013.56,2292.93,2103.4,0.0,1271.04,978.05,demo,True
2026-06-29 06:00:00,35435.29,35634.27,2842.29,4258.65,5511.79,2768.79,7063.69,8071.17,2400.8,3345.62,0.0,1275.62,938.13,demo,True
2026-06-29 07:00:00,35804.22,35918.15,2714.95,4713.58,4978.82,2963.06,6304.34,7919.54,2406.55,3365.96,1129.72,1215.51,921.09,demo,True
2026-06-29 08:00:00,36689.7,37126.23,2954.67,5453.6,5374.39,2953.19,6138.57,8260.89,2313.54,2442.25,1949.57,1243.92,996.31,demo,True
2026-06-29 09:00:00,37890.12,38322.53,2935.8,5802.58,5653.64,2719.31,5745.63,8116.33,2651.77,2576.3,2819.1,1261.69,976.19,demo,True
2026-06-29 10:00:00,38384.29,38682.79,2954.08,4918.82,5209.55,2568.98,6633.15,8172.81,2387.27,2897.05,3668.81,1271.78,954.56,demo,True
2026-06-29 11:00:00,39939.27,40073.77,3272.08,7858.1,5141.11,2592.67,6159.34,8081.67,2438.45,1711.27,3803.28,1293.83,994.05,demo,True
2026-06-29 12:00:00,39003.08,39139.09,2904.23,5877.91,5172.53,3061.3,6643.67,8164.86,2382.33,1654.94,3952.34,1276.73,952.5,demo,True
2026-06-29 13:00:00,39238.32,39496.22,2902.66,4694.54,5623.36,2827.31,6301.25,8153.12,2489.07,2947.63,4256.13,1272.41,931.38,demo,True
2026-06-29 14:00:00,45690.11,39219.09,4072.37,6513.23,5304.72,2487.91,6227.09,7850.73,2590.22,2467.31,3542.08,1315.84,919.95,demo,True
2026-06-29 15:00:00,39662.04,39910.99,3077.93,6723.2,5757.49,2950.11,6303.48,8139.57,2647.43,2230.33,2960.2,1252.41,946.77,demo,True
2026-06-29 16:00:00,38667.09,39017.54,3020.46,7967.91,5272.61,2478.37,6045.06,8234.15,2362.09,2364.78,2076.65,1242.77,973.15,demo,True
2026-06-29 17:00:00,38533.27,38507.23,3113.05,9074.95,5030.01,2651.3,6303.32,8316.59,2591.44,1184.17,1109.33,1254.43,991.69,demo,True
2026-06-29 18:00:00,39204.51,39318.03,3159.24,10045.44,5048.29,2814.63,6242.19,8156.37,2531.1,2302.19,0.0,1227.12,950.71,demo,True
2026-06-29 19:00:00,38800.94,39044.87,3032.45,9355.9,5216.02,3253.68,6495.05,7854.76,2587.88,2043.51,0.0,1251.69,986.39,demo,True
2026-06-29 20:00:00,37431.11,37962.87,2971.3,8399.42,4669.26,2946.88,6536.49,7890.84,2465.72,2903.86,0.0,1206.83,943.57,demo,True
2026-06-29 21:00:00,34967.47,35369.63,2869.56,5886.38,5076.5,2713.17,6125.09,7975.74,2460.11,2969.33,0.0,1236.76,926.55,demo,True
2026-06-29 22:00:00,34023.41,34272.76,2816.41,3837.01,5082.27,2805.1,6885.28,8115.22,2600.65,2789.3,0.0,1247.12,910.81,demo,True
2026-06-29 23:00:00,30989.79,31767.92,2654.28,1500.0,5262.35,2965.55,6444.15,8048.63,2608.75,2729.94,0.0,1273.74,934.81,demo,True
2026-06-30 00:00:00,29371.78,31811.33,2493.35,1500.0,5704.87,3055.94,7025.85,7830.21,2687.89,1816.85,0.0,1277.78,911.94,demo,True
2026-06-30 01:00:00,27868.21,31546.78,2470.21,1500.0,5214.25,2755.42,6584.38,7830.73,2529.64,2896.16,0.0,1225.91,1010.29,demo,True
2026-06-30 02:00:00,29011.64,30820.97,2582.86,1500.0,4700.11,2760.65,6524.19,7619.35,2498.8,2952.79,0.0,1301.9,963.18,demo,True
2026-06-30 03:00:00,28973.21,30560.49,2501.43,1500.0,4962.38,2650.59,6328.16,7396.42,2222.27,3299.83,0.0,1253.71,947.13,demo,True
2026-06-30 04:00:00,30162.02,32823.3,2549.47,1500.0,5268.19,2919.73,6715.19,8055.32,2329.91,3777.3,0.0,1256.0,1001.66,demo,True
2026-06-30 05:00:00,32386.04,32490.93,2684.43,2657.17,5224.18,2984.67,6511.75,8596.29,2481.75,1914.63,0.0,1209.56,910.93,demo,True
2026-06-30 06:00:00,35521.35,35820.78,2841.76,5270.15,5622.36,2451.04,6800.46,8482.58,2402.74,2611.08,0.0,1234.5,945.89,demo,True
2026-06-30 07:00:00,34341.8,34680.63,2723.89,3067.14,5449.62,2728.57,7061.63,7873.44,2638.35,2480.2,1095.43,1276.25,1009.99,demo,True
2026-06-30 08:00:00,36686.47,37368.53,2906.0,5220.32,5441.83,2581.58,6245.6,8122.93,2389.23,2985.14,2181.98,1254.24,945.68,demo,True
2026-06-30 09:00:00,37954.78,37879.38,3042.49,5033.61,5143.55,2827.16,6714.71,7768.96,2492.05,2954.6,2668.64,1252.7,1023.4,demo,True
2026-06-30 10:00:00,38458.59,38702.64,2938.12,4744.96,5485.77,2577.17,6704.79,7803.64,2502.53,2881.26,3773.27,1255.68,973.57,demo,True
2026-06-30 11:00:00,38539.36,38775.34,2996.63,4297.89,4967.06,2562.37,6660.34,7829.92,2708.29,3563.8,3982.57,1213.92,989.18,demo,True
2026-06-30 12:00:00,39058.38,39351.19,3032.81,4975.76,5451.76,3002.23,6348.38,8044.73,2496.47,2552.21,4242.03,1247.58,990.05,demo,True
2026-06-30 13:00:00,38307.54,38869.53,3171.9,5459.41,5126.57,2770.19,6355.46,8055.1,2629.47,2636.4,3601.66,1285.21,950.05,demo,True
2026-06-30 14:00:00,39340.36,39748.09,3141.0,6659.98,4823.52,2789.22,6295.64,8151.66,2604.37,2699.94,3511.24,1277.17,935.35,demo,True
2026-06-30 15:00:00,39196.19,39157.46,3127.13,5491.57,5354.24,2877.7,6288.7,8242.72,2694.97,3087.93,2926.22,1246.87,946.54,demo,True
2026-06-30 16:00:00,39606.53,40132.6,3204.3,7795.25,5563.36,2974.75,6205.96,8023.37,2694.27,2710.7,1955.46,1289.09,920.39,demo,True
2026-06-30 17:00:00,39651.58,40172.64,3080.97,8629.94,5094.28,2724.65,6463.43,8106.04,2593.88,3358.39,1035.48,1218.52,948.02,demo,True
2026-06-30 18:00:00,39479.6,39776.96,3267.38,9415.44,5606.32,2728.66,6234.76,7857.95,2399.97,3358.28,0.0,1225.71,949.87,demo,True
2026-06-30 19:00:00,38128.88,38087.68,3071.24,8147.8,4769.46,2729.43,6652.48,7803.23,2581.33,3106.7,0.0,1296.59,1000.68,demo,True
2026-06-30 20:00:00,38693.13,38915.84,3075.32,7901.97,4888.83,2994.67,6519.93,7769.6,2612.33,3996.27,0.0,1264.45,967.8,demo,True
2026-06-30 21:00:00,35708.19,36042.56,2779.31,4783.6,5161.85,2787.74,6559.19,8242.48,2654.6,3589.44,0.0,1242.78,1020.88,demo,True
2026-06-30 22:00:00,32255.43,32684.81,2625.81,1522.06,5103.6,2747.6,6404.28,8025.5,2537.31,4210.62,0.0,1248.62,885.21,demo,True
2026-06-30 23:00:00,30818.83,32162.97,2432.61,1500.0,5026.55,2870.36,6524.11,7688.31,2768.24,3642.08,0.0,1229.83,913.49,demo,True
2026-07-01 00:00:00,28528.51,32986.54,2442.16,1500.0,5234.76,3129.63,6413.44,8086.12,2638.44,3787.9,0.0,1256.91,939.34,demo,True
2026-07-01 01:00:00,28551.11,32334.52,2418.04,1500.0,5062.57,2813.37,6772.84,7825.22,2531.8,3579.01,0.0,1254.93,994.77,demo,True
2026-07-01 02:00:00,28025.57,32875.54,2389.92,1500.0,5106.67,2751.5,6345.16,8465.13,2592.7,3917.18,0.0,1250.5,946.71,demo,True
2026-07-01 03:00:00,28211.91,33874.26,2318.99,1500.0,5272.39,3149.74,6631.43,7972.31,2884.5,4336.92,0.0,1221.01,905.97,demo,True
2026-07-01 04:00:00,31156.18,32630.25,2661.76,1500.0,5026.44,3039.36,6042.77,8249.3,2738.16,3834.95,0.0,1256.62,942.65,demo,True
2026-07-01 05:00:00,31907.28,34073.17,2695.87,1500.0,5172.44,3013.27,6749.23,8338.59,2789.57,4359.24,0.0,1236.76,914.07,demo,True
2026-07-01 06:00:00,34070.77,34494.12,2944.81,4129.13,5032.16,2709.88,6304.26,7888.5,2544.06,3752.6,0.0,1225.35,908.19,demo,True
2026-07-01 07:00:00,34896.51,35172.63,2949.46,2853.06,4886.54,2692.03,6180.71,8114.8,2591.64,4596.85,965.36,1281.67,1009.96,demo,True
2026-07-01 08:00:00,36513.93,36850.32,2913.21,3975.39,5398.56,2469.85,6101.42,8219.25,2597.75,3985.05,1859.36,1304.24,939.45,demo,True
2026-07-01 09:00:00,38421.86,38451.94,3080.92,3194.94,5644.03,2973.69,6073.73,8122.24,2706.83,4757.75,2724.99,1298.57,955.19,demo,True
2026-07-01 10:00:00,39185.27,39565.26,3053.68,3745.62,5476.79,2813.86,6331.49,8175.51,2668.96,4418.44,3721.13,1266.25,947.21,demo,True
2026-07-01 11:00:00,38004.25,38111.35,2900.91,1500.0,5286.25,2475.84,7024.52,7802.73,2636.2,5203.52,3996.49,1243.36,942.46,demo,True
2026-07-01 12:00:00,39151.92,39531.71,3005.39,4146.39,5033.2,3016.33,6274.84,8216.23,2656.31,3920.05,4095.33,1248.24,924.78,demo,True
2026-07-01 13:00:00,39179.01,39350.0,3099.54,5363.56,5125.4,2739.28,5726.79,7986.4,2609.73,3811.91,3786.1,1260.14,940.68,demo,True
2026-07-01 14:00:00,38965.23,39281.83,3384.54,3291.67,5474.83,2761.47,6627.91,8169.18,2688.41,4293.59,3775.17,1239.49,960.12,demo,True
2026-07-01 15:00:00,38600.62,38679.12,3113.29,5279.41,4606.81,2527.67,6110.01,8293.56,2848.51,3959.79,2777.83,1282.97,992.56,demo,True
2026-07-01 16:00:00,38902.13,39061.48,3069.37,5173.98,5105.55,2888.6,6785.18,8237.09,2538.23,4009.75,2145.58,1199.11,978.42,demo,True
2026-07-01 17:00:00,39182.37,39498.6,3107.08,5595.73,5390.87,2890.32,6352.62,8165.37,2766.22,5059.44,1121.99,1242.61,913.43,demo,True
2026-07-01 18:00:00,39131.06,39516.84,3123.16,7251.46,4904.05,2791.36,6404.1,8228.55,2895.04,4792.59,0.0,1270.03,979.66,demo,True
2026-07-01 19:00:00,38823.62,39270.5,3060.92,6574.79,5310.08,2724.72,6919.06,8237.29,2712.19,4599.25,0.0,1228.87,964.26,demo,True
2026-07-01 20:00:00,37974.93,38017.92,3076.16,4778.64,5298.02,3272.76,6716.21,8413.32,2675.4,4688.32,0.0,1244.0,931.26,demo,True
2026-07-01 21:00:00,35348.05,35327.84,2827.97,4084.73,4821.87,2583.39,6063.77,8075.22,2854.41,4624.15,0.0,1264.84,955.46,demo,True
2026-07-01 22:00:00,33249.86,34297.32,2604.22,1500.0,5222.61,2670.14,6115.26,8117.1,2629.99,5787.09,0.0,1287.96,967.17,demo,True
2026-07-01 23:00:00,31836.86,33177.42,2668.09,1500.0,5039.46,2927.49,5875.76,8284.32,2749.91,4631.41,0.0,1217.65,951.41,demo,True
2026-07-02 00:00:00,30184.45,33992.21,2612.24,1500.0,5308.19,2617.4,7411.13,7969.55,2632.33,4373.41,0.0,1215.8,964.41,demo,True
2026-07-02 01:00:00,28245.04,33611.49,2416.83,1500.0,5374.15,2604.12,6198.05,7781.77,2537.13,5465.81,0.0,1226.35,924.11,demo,True
2026-07-02 02:00:00,28674.11,34859.07,2490.65,1500.0,5303.72,3003.67,6909.43,8182.05,2747.68,4991.16,0.0,1211.56,1009.78,demo,True
2026-07-02 03:00:00,29235.52,34839.32,2564.73,1500.0,5218.87,2908.93,6313.7,8026.15,2618.63,6147.57,0.0,1213.34,892.12,demo,True
2026-07-02 04:00:00,30662.71,33446.17,2562.14,1500.0,5275.11,2887.14,6122.05,7803.68,2773.1,4892.07,0.0,1225.68,967.34,demo,True
2026-07-02 05:00:00,32777.82,34669.04,2630.24,1500.0,4894.22,2832.73,6507.55,8177.24,2912.5,5602.96,0.0,1280.84,961.0,demo,True
2026-07-02 06:00:00,32966.01,35093.22,2613.52,1500.0,5192.0,2675.41,6385.67,8379.67,3005.35,5743.62,0.0,1242.2,969.29,demo,True
2026-07-02 07:00:00,35567.99,35519.32,2813.22,2207.74,4992.91,2754.52,6780.66,7703.91,2798.15,4962.14,1139.75,1250.78,928.75,demo,True
2026-07-02 08:00:00,37231.23,37465.64,3053.55,1964.72,5468.2,2785.77,6785.03,8284.93,2913.26,4869.32,2183.23,1226.11,985.08,demo,True
2026-07-02 09:00:00,38337.45,38590.58,2962.42,3112.15,5377.64,2952.32,6293.45,7499.34,2842.79,5627.1,2673.2,1265.84,946.76,demo,True
2026-07-02 10:00:00,38619.68,38872.48,3011.3,2680.32,5376.9,2876.65,5996.02,7966.84,2752.84,5557.13,3454.47,1296.89,914.41,demo,True
2026-07-02 11:00:00,38273.78,38158.97,2926.6,2034.9,5645.51,2632.99,6080.99,8457.15,2571.67,4575.27,4015.52,1227.81,917.16,demo,True
2026-07-02 12:00:00,39353.02,39346.11,2983.1,3419.97,5114.21,2942.12,5701.14,7977.26,3001.6,4724.85,4218.11,1293.12,953.74,demo,True
2026-07-02 13:00:00,38641.31,38938.14,2922.97,4221.18,5057.26,2497.87,6403.94,8066.47,2684.23,4026.92,3819.07,1259.11,902.1,demo,True
2026-07-02 14:00:00,39186.03,39548.03,3012.41,2498.57,5108.06,2742.32,6495.87,8211.62,2979.7,5596.48,3660.97,1250.42,1004.02,demo,True
2026-07-02 15:00:00,38624.17,38510.6,2952.84,4404.79,4783.42,2594.43,6100.01,7663.2,2881.76,5169.09,2672.43,1260.0,981.47,demo,True
2026-07-02 16:00:00,38520.05,38539.44,3116.26,4828.03,4803.87,2645.72,6057.72,8053.65,2703.73,5217.71,1964.45,1259.76,1004.81,demo,True
2026-07-02 17:00:00,39480.18,39914.21,3082.96,6165.01,5361.49,3146.79,6494.37,8048.8,2861.73,4449.41,1088.55,1296.43,1001.64,demo,True
2026-07-02 18:00:00,39183.15,39212.76,3071.4,7094.13,4837.26,2535.28,6278.82,8441.2,3083.61,4740.01,0.0,1263.01,939.44,demo,True
2026-07-02 19:00:00,38815.76,39063.12,3046.08,7063.92,4920.52,2652.55,6425.47,7756.37,3015.24,5041.6,0.0,1263.53,923.92,demo,True
2026-07-02 20:00:00,38758.44,38770.92,3094.52,6577.73,5173.55,2891.87,6371.47,7940.97,2772.67,4933.52,0.0,1239.46,869.67,demo,True
2026-07-02 21:00:00,35758.19,36157.86,3000.6,3669.28,5092.82,2715.4,6587.06,7817.27,2751.92,5315.33,0.0,1270.98,937.81,demo,True
2026-07-02 22:00:00,33918.72,34464.92,2648.15,1500.0,5430.27,2828.0,6302.15,7790.46,2852.47,5532.51,0.0,1226.08,1002.97,demo,True
2026-07-02 23:00:00,30786.2,35723.6,2583.76,1500.0,5215.72,3057.32,6328.94,8262.52,2823.6,6357.61,0.0,1252.73,925.16,demo,True
2026-07-03 00:00:00,28866.03,33717.02,2313.08,1500.0,4992.4,2917.83,5841.37,8016.74,2990.38,5192.52,0.0,1322.08,943.7,demo,True
2026-07-03 01:00:00,29666.96,34832.07,2616.34,1500.0,5452.62,2715.64,6482.38,7884.96,2938.03,5737.67,0.0,1187.4,933.36,demo,True
2026-07-03 02:00:00,27484.4,33692.24,2388.41,1500.0,5389.49,2775.93,6531.04,7889.5,2649.01,4740.19,0.0,1255.83,961.25,demo,True
2026-07-03 03:00:00,27829.05,32988.08,2278.49,1500.0,4833.14,2895.51,6437.81,7875.69,2909.85,4290.71,0.0,1256.79,988.58,demo,True
2026-07-03 04:00:00,29741.16,34647.47,2411.35,1500.0,5265.59,2914.3,7169.14,7891.47,2835.96,4922.89,0.0,1244.3,903.82,demo,True
2026-07-03 05:00:00,31479.86,32876.2,2692.65,1500.0,5014.08,2803.74,6556.97,7713.56,2864.48,4268.92,0.0,1244.89,909.57,demo,True
2026-07-03 06:00:00,32950.75,33929.24,2538.8,1500.0,5007.23,2864.91,6445.23,7930.78,2892.4,5041.81,0.0,1252.29,994.6,demo,True
2026-07-03 07:00:00,35354.78,35589.86,2851.7,1660.85,5686.07,2865.08,6674.7,7904.57,3008.79,4608.94,965.16,1243.7,971.99,demo,True
2026-07-03 08:00:00,38093.9,38268.67,2956.55,3876.76,5232.31,2783.4,7239.5,7812.71,2984.62,3984.77,2156.82,1255.55,942.22,demo,True
2026-07-03 09:00:00,37851.9,38281.97,2922.3,2419.58,5143.44,2691.06,6588.45,8009.29,2779.58,5790.78,2620.76,1237.81,1001.21,demo,True
2026-07-03 10:00:00,38108.6,38165.91,2895.81,3050.98,5222.09,2933.67,5721.78,8023.65,2864.71,4613.02,3526.41,1300.56,909.05,demo,True
2026-07-03 11:00:00,39983.49,39926.7,2993.54,3903.03,5427.3,2852.52,6651.22,7844.03,2820.03,4020.28,4186.65,1243.7,977.94,demo,True
2026-07-03 12:00:00,39642.75,39798.19,2996.67,4000.36,5017.58,2425.42,6192.27,7930.34,2674.06,5243.77,4102.19,1264.24,947.95,demo,True
2026-07-03 13:00:00,38754.8,39027.12,3040.72,3616.28,5061.98,2651.35,5827.13,8432.44,2864.7,4384.36,3987.4,1233.27,968.2,demo,True
2026-07-03 14:00:00,38028.32,39217.44,2912.92,1500.0,5370.73,2713.48,7094.15,8419.46,3101.07,5246.2,3620.64,1273.33,878.39,demo,True
2026-07-03 15:00:00,38668.76,38891.55,3062.64,4743.59,4805.74,2763.8,7018.51,7716.42,2676.04,4285.4,2671.54,1268.34,942.18,demo,True
2026-07-03 16:00:00,39261.51,39308.77,3044.35,5376.72,5457.6,3016.71,6183.19,7742.44,2880.31,4331.25,2087.97,1260.48,972.1,demo,True
2026-07-03 17:00:00,40142.14,40215.28,3189.11,7272.94,4782.65,3376.42,6185.48,7705.77,2878.09,4722.42,1119.1,1224.32,948.1,demo,True
2026-07-03 18:00:00,38361.89,38523.99,3068.36,6374.42,5136.1,2357.41,6556.06,8166.56,2920.9,4793.69,0.0,1231.19,987.66,demo,True
2026-07-03 19:00:00,38361.1,38509.01,2989.09,6959.9,4784.3,2854.79,6190.19,7841.43,2772.31,4827.28,0.0,1292.15,986.65,demo,True
2026-07-03 20:00:00,37710.93,38158.59,2922.92,6777.66,4925.37,2812.53,6452.72,7976.87,2718.2,4343.08,0.0,1230.91,921.24,demo,True
2026-07-03 21:00:00,33907.2,34204.71,2834.16,1728.93,5537.39,2767.51,6250.39,8358.44,2725.09,4596.22,0.0,1266.02,974.72,demo,True
2026-07-03 22:00:00,34312.82,34466.96,2703.36,1980.22,5471.56,2897.73,6359.86,7911.72,3051.45,4647.82,0.0,1226.38,920.22,demo,True
2026-07-03 23:00:00,30722.78,33218.41,2618.5,1500.0,5499.34,2826.96,6008.48,8064.24,2774.95,4317.61,0.0,1275.21,951.62,demo,True
2026-07-04 00:00:00,27509.26,32989.9,2402.07,1500.0,4823.26,2734.94,6789.41,8018.14,2833.98,4087.64,0.0,1232.84,969.68,demo,True
2026-07-04 01:00:00,26241.66,32597.98,2298.49,1500.0,4926.73,2805.26,6921.33,7768.96,3147.45,3377.39,0.0,1225.92,924.94,demo,True
2026-07-04 02:00:00,26400.04,33633.19,2376.85,1500.0,5288.37,2900.18,6464.93,8126.05,2807.67,4340.2,0.0,1232.19,973.61,demo,True
2026-07-04 03:00:00,26455.46,33067.61,2472.29,1500.0,5385.98,2883.06,6487.32,7700.7,2937.67,4001.89,0.0,1236.15,934.84,demo,True
2026-07-04 04:00:00,25614.42,33154.77,2353.88,1500.0,4992.13,2833.95,6720.2,8176.95,3024.95,3713.89,0.0,1260.12,932.58,demo,True
2026-07-04 05:00:00,28503.65,33234.57,2460.97,1500.0,5049.48,2694.98,6500.67,7747.42,3019.82,4499.28,0.0,1251.73,971.2,demo,True
2026-07-04 06:00:00,31189.24,32556.88,2772.96,1500.0,4905.85,3307.45,7105.35,7765.93,2738.69,3086.08,0.0,1222.62,924.92,demo,True
2026-07-04 07:00:00,32941.77,34177.4,2539.53,1500.0,5631.14,2864.71,6039.27,7625.97,2813.34,4561.62,968.64,1249.3,923.39,demo,True
2026-07-04 08:00:00,35077.66,35439.39,2717.04,2290.14,5076.51,2937.24,6801.33,7656.41,2935.61,3668.16,1871.35,1221.41,981.23,demo,True
2026-07-04 09:00:00,36478.66,36979.76,2841.1,2875.56,5208.14,2708.6,6460.03,7760.11,3131.1,3777.95,2838.93,1266.09,953.26,demo,True
2026-07-04 10:00:00,37020.08,37441.15,3058.45,4268.6,5221.75,2834.12,6107.58,7313.29,2808.45,3361.86,3348.46,1270.67,906.38,demo,True
2026-07-04 11:00:00,36683.68,37177.02,2980.46,1813.39,5487.46,2832.69,7286.48,7790.99,2840.72,2666.43,4233.79,1249.4,975.67,demo,True
2026-07-04 12:00:00,35515.7,36829.74,2657.62,1500.0,4952.36,2455.85,7334.82,7724.64,2950.35,3371.22,4345.91,1256.79,937.8,demo,True
2026-07-04 13:00:00,36380.33,36712.21,2819.32,1534.17,5503.75,2671.0,6427.25,8004.22,2974.32,3550.05,3845.75,1293.8,907.91,demo,True
2026-07-04 14:00:00,36937.29,37126.58,2782.33,2777.43,4867.53,2667.67,6655.65,7917.44,2981.46,3663.11,3475.44,1246.06,874.78,demo,True
2026-07-04 15:00:00,35936.68,36334.33,2863.89,3170.79,5503.09,2691.92,6335.08,7662.62,2798.06,3169.08,2800.2,1226.39,977.1,demo,True
2026-07-04 16:00:00,37251.7,37261.87,3066.1,6799.17,4754.02,2607.43,6391.4,7711.27,2835.48,2115.78,1858.63,1264.48,924.2,demo,True
2026-07-04 17:00:00,37472.05,37697.08,3097.78,7403.49,5172.82,2807.89,6103.63,7754.34,2924.8,2386.13,1009.61,1221.68,912.68,demo,True
2026-07-04 18:00:00,36686.31,37033.49,2960.72,4788.02,5622.61,3051.52,6051.91,8126.62,3049.96,4128.93,0.0,1244.74,969.18,demo,True
2026-07-04 19:00:00,33785.62,34289.1,2759.76,3744.13,5381.29,2823.49,7145.45,7612.5,2869.31,2503.73,0.0,1235.03,974.17,demo,True
2026-07-04 20:00:00,33853.67,34017.64,2766.02,3240.32,5309.52,2587.37,6486.43,7628.71,2894.62,3711.83,0.0,1232.45,926.39,demo,True
2026-07-04 21:00:00,34404.42,34828.41,2902.1,5761.03,4927.41,2614.44,6517.7,7532.37,2773.47,2480.86,0.0,1243.75,977.38,demo,True
2026-07-04 22:00:00,30716.59,31116.72,2798.4,1500.0,5008.95,2732.13,6216.32,7448.15,3119.36,2807.66,0.0,1272.5,1011.65,demo,True
2026-07-04 23:00:00,27671.6,32341.84,2315.07,1500.0,5549.54,2545.19,6566.49,7835.24,2913.4,3163.94,0.0,1277.64,990.4,demo,True
2026-07-05 00:00:00,28151.53,31134.42,2593.22,1500.0,5322.81,2854.8,5973.67,7805.78,3023.25,2395.22,0.0,1273.16,985.73,demo,True
2026-07-05 01:00:00,26088.33,32912.27,2351.47,1500.0,5431.46,3043.56,6229.19,8036.74,2896.46,3557.02,0.0,1258.41,959.42,demo,True
2026-07-05 02:00:00,26424.29,31310.87,2423.59,1500.0,5219.19,2696.34,6080.08,7977.0,2901.97,2756.06,0.0,1243.56,936.69,demo,True
2026-07-05 03:00:00,26273.68,32419.03,2365.68,1500.0,5126.75,2813.7,6952.51,8268.55,2710.48,2907.66,0.0,1191.05,948.32,demo,True
2026-07-05 04:00:00,27609.52,30619.97,2550.25,1500.0,5399.33,2722.79,5921.84,7718.19,2631.13,2504.29,0.0,1259.19,963.22,demo,True
2026-07-05 05:00:00,29317.1,31285.25,2539.85,1500.0,5267.43,2686.67,6087.27,7670.33,3038.06,2930.2,0.0,1193.02,912.27,demo,True
2026-07-05 06:00:00,31590.74,31657.28,2579.42,2069.76,5155.81,2834.12,5783.34,7434.75,2895.74,3354.92,0.0,1201.92,926.92,demo,True
2026-07-05 07:00:00,34682.46,34665.28,2866.33,4536.67,4832.36,2680.61,6188.5,7867.17,2909.6,2466.57,1030.69,1245.96,907.17,demo,True
2026-07-05 08:00:00,35433.04,35754.81,2947.11,3276.47,5448.02,2654.49,6339.17,7733.07,2733.31,3365.82,1990.81,1256.61,957.06,demo,True
2026-07-05 09:00:00,34829.86,34777.86,2804.46,2167.1,5314.41,2508.53,6842.22,7843.29,2773.12,2166.02,2971.96,1238.72,952.49,demo,True
2026-07-05 10:00:00,36916.83,37448.23,2737.07,4090.15,5042.37,2811.63,6422.3,7442.39,3007.17,2826.87,3586.54,1288.39,930.42,demo,True
2026-07-05 11:00:00,37642.71,38169.58,2953.44,3871.6,5506.61,2992.06,6356.29,7763.29,3086.64,2664.59,3692.33,1261.55,974.61,demo,True
2026-07-05 12:00:00,37660.03,38096.92,2993.54,4982.8,5263.39,2927.32,6604.97,7723.97,2801.32,1863.18,3767.54,1243.76,918.66,demo,True
2026-07-05 13:00:00,36410.54,36658.52,2881.46,2753.12,5268.48,3068.56,6344.98,7702.27,2954.43,2484.1,3868.61,1284.66,929.3,demo,True
2026-07-05 14:00:00,37471.29,38020.93,2924.22,3987.07,5429.81,2678.59,7343.47,7514.18,2894.54,2362.91,3547.83,1289.13,973.42,demo,True
2026-07-05 15:00:00,37359.42,37851.6,3098.14,5619.92,5373.86,2953.15,6293.15,7918.92,2855.09,1916.99,2679.84,1262.81,977.86,demo,True
2026-07-05 16:00:00,38620.57,38774.68,2839.09,6444.77,5276.36,2601.53,6644.8,8101.07,3089.52,2509.32,1950.58,1230.62,926.13,demo,True
2026-07-05 17:00:00,36321.17,36830.16,2955.7,6155.46,5150.97,2927.67,6789.26,7398.42,2810.56,2392.57,1012.05,1236.24,956.96,demo,True
2026-07-05 18:00:00,36252.32,36338.22,2960.4,6023.05,5715.75,3095.95,6283.1,7793.84,3011.41,2274.64,0.0,1213.83,926.64,demo,True
2026-07-05 19:00:00,35725.98,35940.52,3123.7,7119.49,5009.21,2889.71,6557.88,6994.84,2905.8,2270.58,0.0,1248.94,944.08,demo,True
2026-07-05 20:00:00,34415.18,34342.35,2834.62,4467.23,5393.95,3099.13,6324.7,7767.64,2855.43,2256.21,0.0,1223.75,954.32,demo,True
2026-07-05 21:00:00,32471.08,32747.34,2765.09,3735.18,5178.2,2692.23,6595.91,7201.65,3019.45,2116.15,0.0,1241.77,966.81,demo,True
2026-07-05 22:00:00,29175.29,31093.56,2529.01,1500.0,5318.23,2775.84,6535.32,7490.1,2886.9,2371.13,0.0,1256.52,959.53,demo,True
2026-07-05 23:00:00,28766.21,30395.18,2511.58,1500.0,5520.69,2635.18,6450.9,7309.19,2837.71,1982.91,0.0,1200.41,958.19,demo,True
2026-07-06 00:00:00,30055.41,31851.2,2702.82,1500.0,5118.99,2806.26,6095.55,7543.06,3011.94,3639.34,0.0,1218.41,917.65,demo,True
2026-07-06 01:00:00,28243.72,31431.85,2378.78,1500.0,5356.48,2848.54,7152.29,7767.43,2993.38,1614.76,0.0,1237.33,961.65,demo,True
2026-07-06 02:00:00,29515.6,30683.47,2484.69,1500.0,5269.04,2804.69,6705.24,7166.66,2984.68,2037.95,0.0,1248.69,966.53,demo,True
2026-07-06 03:00:00,28599.18,29350.26,2553.15,1500.0,5033.26,2714.65,5943.98,7488.51,2370.82,2090.72,0.0,1237.65,970.67,demo,True
2026-07-06 04:00:00,30702.25,31976.75,2614.0,1500.0,5527.11,2711.67,6352.87,7446.96,2887.02,3379.47,0.0,1243.24,928.41,demo,True
2026-07-06 05:00:00,31755.99,32161.25,2651.5,3280.13,5384.91,2862.13,5950.71,7900.01,2856.42,1717.13,0.0,1232.35,977.47,demo,True
2026-07-06 06:00:00,34190.99,34479.73,2815.62,4657.09,5087.02,2771.33,6766.73,7639.4,2823.48,2610.44,0.0,1213.77,910.48,demo,True
2026-07-06 07:00:00,35793.73,36111.07,2991.52,5578.81,5486.93,2592.68,6492.38,7277.64,2897.46,2544.23,1067.24,1236.63,937.08,demo,True
2026-07-06 08:00:00,38221.48,38465.95,3085.16,7449.69,4983.83,2458.49,6501.43,7425.12,2852.12,2611.63,1997.25,1244.67,941.73,demo,True
2026-07-06 09:00:00,38485.26,38606.13,2961.05,5682.9,5192.48,2692.81,6205.17,7863.3,2898.68,3089.99,2826.43,1242.24,912.13,demo,True
2026-07-06 10:00:00,39461.45,39791.53,3106.28,6690.98,5088.4,2551.19,6389.55,7670.24,2781.61,3108.88,3316.6,1252.79,941.28,demo,True
2026-07-06 11:00:00,39610.1,39953.49,3094.1,6299.24,5395.34,2649.6,6775.51,7303.17,2989.91,2306.74,4016.88,1260.47,956.64,demo,True
2026-07-06 12:00:00,39126.34,39232.26,3100.38,5289.19,5075.28,2723.81,6869.54,7438.5,2899.89,2662.53,4111.25,1267.04,895.23,demo,True
2026-07-06 13:00:00,39502.65,39511.72,3078.07,6726.17,5397.21,2773.7,6796.25,7437.57,2867.75,1668.78,3671.97,1234.16,938.16,demo,True
2026-07-06 14:00:00,40729.9,40995.26,3060.99,8239.16,5354.56,2680.12,5956.74,7362.96,2858.05,2687.64,3747.88,1210.61,897.55,demo,True
2026-07-06 15:00:00,39030.72,39416.57,3148.18,7283.92,5102.44,3194.42,6434.86,7097.06,2933.78,2280.24,2796.82,1281.79,1011.25,demo,True
2026-07-06 16:00:00,39623.43,40054.35,3182.73,8283.28,5675.73,2573.0,6588.66,7316.2,2913.55,2625.01,1862.91,1259.64,956.37,demo,True
2026-07-06 17:00:00,40236.62,40703.21,3321.24,10785.96,5006.24,3017.66,6242.83,7762.85,2773.39,1918.23,1016.14,1226.13,953.77,demo,True
2026-07-06 18:00:00,39915.68,40232.53,3057.42,11220.15,4833.66,2770.74,5919.34,7365.3,2901.68,3007.75,0.0,1256.94,956.96,demo,True
2026-07-06 19:00:00,38458.47,38661.09,3096.96,10041.37,5422.59,2681.65,6049.68,7418.34,2799.59,2003.05,0.0,1276.7,968.14,demo,True
2026-07-06 20:00:00,35599.96,35849.57,2880.43,5563.75,4641.15,2905.76,7024.92,7463.85,3004.53,2973.03,0.0,1293.23,979.34,demo,True
2026-07-06 21:00:00,35965.78,35992.01,2894.72,6293.91,5587.87,2718.48,6082.99,7912.79,2901.96,2334.65,0.0,1256.27,903.09,demo,True
2026-07-06 22:00:00,32065.53,32192.66,2549.87,2846.09,5226.46,2654.75,6516.65,7418.59,2690.85,2573.48,0.0,1276.49,989.31,demo,True
2026-07-06 23:00:00,32609.45,32849.87,2595.42,1928.57,4828.98,3122.17,6445.28,7649.13,3041.23,3627.37,0.0,1219.76,987.37,demo,True
2026-07-07 00:00:00,29925.49,30672.1,2569.53,1500.0,4953.4,2405.0,6446.18,7268.67,2504.87,3396.87,0.0,1249.1,948.01,demo,True
2026-07-07 01:00:00,29298.75,31502.84,2459.07,1500.0,4775.14,2755.92,6388.05,7334.99,2829.11,3731.56,0.0,1241.62,946.44,demo,True
2026-07-07 02:00:00,27539.36,32568.49,2342.99,1500.0,5299.55,2834.21,6776.2,7386.59,2664.54,3991.91,0.0,1258.56,856.92,demo,True
2026-07-07 03:00:00,27513.06,31180.18,2549.38,1500.0,4855.0,3053.44,6512.46,7205.27,2969.37,2881.67,0.0,1290.28,912.68,demo,True
2026-07-07 04:00:00,29991.06,32227.85,2757.19,1500.0,5330.54,2728.28,6281.02,7322.5,2769.2,4074.48,0.0,1256.25,965.57,demo,True
2026-07-07 05:00:00,31559.47,31659.47,2647.8,1685.94,5120.75,3278.98,6517.97,7554.42,2638.92,2649.92,0.0,1226.56,986.02,demo,True
2026-07-07 06:00:00,33278.42,33406.71,2612.44,3464.32,5076.41,2936.64,6052.86,7174.68,2697.45,3814.08,0.0,1218.41,971.87,demo,True
2026-07-07 07:00:00,35667.52,35934.63,2923.89,4954.63,5332.43,2373.89,6666.58,7342.47,2638.97,3253.29,1133.49,1291.14,947.73,demo,True
2026-07-07 08:00:00,39210.54,39292.92,2907.28,7638.83,5362.11,2538.34,6261.66,7490.06,2683.11,3094.23,1953.96,1262.84,1007.78,demo,True
2026-07-07 09:00:00,39040.27,39489.41,2937.15,5768.04,5497.91,2842.65,6281.82,7144.43,2675.48,3926.43,3111.3,1261.2,980.16,demo,True
2026-07-07 10:00:00,39858.82,39882.59,3129.46,5632.45,5035.22,2594.1,6679.57,7558.46,2619.85,4151.78,3431.57,1241.41,938.19,demo,True
2026-07-07 11:00:00,39954.43,40204.7,2970.65,5521.25,5192.25,2898.61,6357.44,7325.16,2737.42,4197.24,3703.17,1256.7,1015.46,demo,True
2026-07-07 12:00:00,40373.76,40489.02,3101.04,6526.63,5034.81,2718.33,6377.14,7264.44,2746.95,3907.43,3770.85,1225.33,917.11,demo,True
2026-07-07 13:00:00,39096.11,39374.23,2917.81,5010.39,5242.38,2584.72,6908.67,6850.61,2575.38,3926.38,4110.18,1259.68,905.84,demo,True
2026-07-07 14:00:00,37737.5,37897.96,2969.04,4538.16,4997.64,2626.37,6159.38,7201.83,2490.85,4184.13,3541.59,1220.63,937.37,demo,True
2026-07-07 15:00:00,39097.99,39343.73,3160.84,5480.27,5089.73,2953.34,6674.43,7357.4,2722.01,4132.69,2765.59,1241.02,927.24,demo,True
2026-07-07 16:00:00,39908.02,40377.85,3061.39,7075.69,5091.06,2435.87,6832.33,7651.23,2743.35,4311.29,2064.04,1233.93,939.05,demo,True
2026-07-07 17:00:00,38687.31,38813.57,3060.31,6133.53,5276.27,2988.15,6908.41,7383.8,2761.93,4202.04,1016.93,1168.57,973.94,demo,True
2026-07-07 18:00:00,39004.04,39128.81,3017.6,6668.74,5200.77,2993.42,7261.78,7498.23,2735.19,4580.37,0.0,1241.33,948.98,demo,True
2026-07-07 19:00:00,37976.03,38169.17,2988.96,8412.39,5331.64,2740.35,6275.25,6976.06,2852.48,3403.72,0.0,1227.53,949.75,demo,True
2026-07-07 20:00:00,38329.75,38845.08,2987.97,8539.77,5172.18,2547.2,6196.22,7205.75,2778.08,4209.37,0.0,1244.74,951.76,demo,True
2026-07-07 21:00:00,36138.71,36372.56,2995.84,5398.1,5049.26,2900.06,6786.03,7493.81,2974.65,3639.98,0.0,1250.04,880.63,demo,True
2026-07-07 22:00:00,34085.25,34557.4,2657.85,2999.8,5249.73,2712.46,6829.08,7021.53,3019.76,4526.3,0.0,1294.2,904.54,demo,True
2026-07-07 23:00:00,32025.62,32524.17,2608.94,1500.0,4961.53,2527.28,6223.24,7420.76,2431.29,5264.0,0.0,1257.62,938.44,demo,True
2026-07-08 00:00:00,29790.79,32838.9,2580.53,1500.0,5347.98,3143.65,6669.68,7361.33,2373.15,4260.04,0.0,1258.35,924.71,demo,True
2026-07-08 01:00:00,28747.27,33421.58,2563.18,1500.0,5125.78,2640.81,7453.47,7252.02,2630.44,4613.63,0.0,1262.39,943.05,demo,True
2026-07-08 02:00:00,27351.2,32865.86,2431.02,1500.0,5253.18,2535.01,6536.63,7110.86,2686.33,4979.94,0.0,1271.8,992.12,demo,True
2026-07-08 03:00:00,27079.3,31828.05,2394.21,1500.0,5257.21,2851.31,6823.22,6957.77,2611.18,3618.24,0.0,1261.36,947.77,demo,True
2026-07-08 04:00:00,29923.58,33819.57,2495.55,1500.0,5616.4,2787.79,7051.86,7556.93,2699.15,4440.06,0.0,1257.04,910.33,demo,True
2026-07-08 05:00:00,31819.79,34241.61,2735.87,1500.0,5299.21,3067.51,7376.31,7296.95,2576.71,4930.93,0.0,1267.78,926.21,demo,True
2026-07-08 06:00:00,34478.99,34919.38,2761.96,5101.28,5219.04,2731.51,6585.99,7224.47,2520.25,3346.19,0.0,1189.33,1001.32,demo,True
2026-07-08 07:00:00,36718.19,37404.05,2871.11,5522.83,5019.98,2733.41,6938.56,7050.31,2532.75,4350.68,957.33,1302.23,995.97,demo,True
2026-07-08 08:00:00,38382.33,38364.86,3127.47,4400.12,5408.62,2860.34,6224.03,7141.07,2568.23,5432.23,2072.6,1289.74,967.88,demo,True
2026-07-08 09:00:00,37767.48,38104.93,2982.15,3081.67,5129.75,2835.91,6508.71,7160.59,2687.8,5424.26,3117.68,1255.43,903.13,demo,True
2026-07-08 10:00:00,38887.58,38953.29,3057.31,4536.1,4803.38,2841.41,6343.74,7203.95,2522.48,5149.07,3379.3,1214.67,959.2,demo,True
2026-07-08 11:00:00,39709.9,39826.6,3115.58,4804.36,5149.28,2848.95,5840.13,7269.15,2540.5,5440.26,3692.19,1280.26,961.51,demo,True
2026-07-08 12:00:00,41120.47,41280.07,3150.66,6478.42,5249.79,2829.63,5938.94,6927.09,2637.89,5142.03,3892.87,1232.65,950.77,demo,True
2026-07-08 13:00:00,40275.23,40594.06,2978.63,5521.38,4987.19,2725.03,6650.51,6768.22,2539.87,5345.48,3860.13,1263.35,932.9,demo,True
2026-07-08 14:00:00,39969.41,40099.89,3117.55,5079.95,5169.27,2949.88,6657.39,7101.07,2691.98,4941.21,3352.09,1217.93,939.12,demo,True
2026-07-08 15:00:00,38968.54,39224.6,3046.49,5832.44,5181.41,2735.22,6135.43,6689.8,2441.87,5186.09,2785.87,1305.66,930.81,demo,True
2026-07-08 16:00:00,38731.57,39131.33,2972.91,5507.93,5185.46,2944.78,7045.08,6994.66,2410.07,4838.99,2074.75,1213.94,915.65,demo,True
2026-07-08 17:00:00,39928.41,40381.44,3025.68,7102.64,5521.01,3049.8,6111.51,6945.53,2577.21,5811.71,1019.34,1251.72,990.98,demo,True
2026-07-08 18:00:00,38367.04,38741.7,3032.98,6737.1,4858.99,2678.04,6590.04,7157.43,2583.38,5963.3,0.0,1196.95,976.47,demo,True
2026-07-08 19:00:00,38303.36,38634.7,2908.25,5312.86,5728.79,3232.81,6354.67,7477.13,2425.27,5912.76,0.0,1248.97,941.45,demo,True
2026-07-08 20:00:00,37207.99,37432.49,2974.49,6505.86,5191.46,2671.73,6537.43,6604.87,2684.49,5036.72,0.0,1239.37,960.57,demo,True
2026-07-08 21:00:00,36739.13,36886.72,2918.72,4755.52,5350.85,2673.03,6814.49,7524.74,2748.44,4779.53,0.0,1278.43,961.69,demo,True
2026-07-08 22:00:00,33390.88,33964.52,2713.68,1500.0,5233.24,2897.2,6765.07,6964.9,2436.29,5908.17,0.0,1239.37,1020.29,demo,True
2026-07-08 23:00:00,29893.02,33454.39,2562.6,1500.0,4751.23,2879.48,6747.74,7084.46,2684.29,5552.53,0.0,1278.47,976.18,demo,True
2026-07-09 00:00:00,30179.97,32496.68,2609.26,1500.0,4925.29,2812.93,6703.05,6688.47,2214.14,5453.36,0.0,1224.4,975.04,demo,True
2026-07-09 01:00:00,28129.66,32572.09,2367.61,1500.0,5063.69,2947.29,6054.54,7210.85,2623.32,4978.32,0.0,1242.95,951.14,demo,True
2026-07-09 02:00:00,28220.68,33770.88,2526.59,1500.0,5458.37,2845.47,6897.09,6992.48,2385.43,5511.62,0.0,1243.45,936.97,demo,True
2026-07-09 03:00:00,28559.12,32213.4,2440.88,1500.0,4840.08,3171.83,6128.9,6961.68,2599.68,4757.36,0.0,1262.39,991.48,demo,True
2026-07-09 04:00:00,29636.93,32477.64,2676.88,1500.0,4977.51,2790.42,6462.89,6540.84,2361.39,5615.81,0.0,1259.21,969.57,demo,True
2026-07-09 05:00:00,32156.23,33381.74,2596.51,1500.0,5242.86,2646.19,6377.04,6975.18,2462.72,5984.58,0.0,1268.06,925.11,demo,True
2026-07-09 06:00:00,32569.49,33975.91,2528.96,1500.0,5322.94,2700.69,6622.54,7136.93,2367.92,6104.59,0.0,1256.67,963.62,demo,True
2026-07-09 07:00:00,35266.35,35500.62,2905.07,2732.74,5315.11,2884.84,6330.35,6890.79,2433.68,5634.84,1036.62,1266.53,975.12,demo,True
2026-07-09 08:00:00,37772.16,37585.88,3020.7,4781.4,4944.16,2887.47,6444.52,7193.04,2673.15,4578.68,1968.77,1227.55,887.13,demo,True
2026-07-09 09:00:00,38046.24,37971.79,3079.29,3136.49,4784.52,2837.17,7066.6,7175.93,2434.84,5355.08,2999.13,1259.72,922.33,demo,True
2026-07-09 10:00:00,38018.0,38412.67,2973.54,2685.5,5340.16,2647.09,6046.66,6777.64,2695.26,6310.62,3658.65,1290.21,960.88,demo,True
2026-07-09 11:00:00,39851.66,40128.21,3298.74,4780.65,5572.61,2999.56,6499.14,7261.63,2389.98,4788.5,3735.88,1208.0,892.27,demo,True
2026-07-09 12:00:00,40144.31,40264.1,3081.75,5234.93,5110.22,3148.66,6110.06,6912.71,2609.55,5172.93,3805.79,1262.23,897.02,demo,True
2026-07-09 13:00:00,39217.67,39642.97,3129.55,4155.16,4902.38,2805.26,6736.02,6905.76,2229.74,5886.73,3813.11,1266.92,941.89,demo,True
2026-07-09 14:00:00,37823.24,37958.19,2901.48,2810.71,5088.23,3125.91,6245.64,6908.69,2384.73,5463.74,3679.25,1286.53,964.75,demo,True
2026-07-09 15:00:00,39744.18,39889.83,3115.03,4308.94,5302.46,2955.93,6513.49,6894.29,2349.09,6368.26,2963.09,1268.15,966.13,demo,True
2026-07-09 16:00:00,38197.88,38306.88,3083.86,5979.63,5139.38,3199.36,6036.37,6292.56,2592.28,4732.6,2084.71,1252.51,997.47,demo,True
2026-07-09 17:00:00,39602.33,40195.52,3204.52,7649.91,5565.87,2885.08,6952.04,6822.56,2424.33,4572.91,1109.61,1260.75,952.47,demo,True
2026-07-09 18:00:00,38526.28,38818.59,3140.94,7509.63,5440.49,2824.59,6525.48,6555.52,2145.9,5646.54,0.0,1231.62,938.82,demo,True
2026-07-09 19:00:00,37668.38,37953.61,2735.51,7214.26,5247.93,2951.63,6548.22,7205.62,2233.65,4401.22,0.0,1240.3,910.78,demo,True
2026-07-09 20:00:00,36989.0,37322.95,2969.29,6647.56,4691.88,2721.95,6790.17,7189.04,2263.76,4863.52,0.0,1216.61,938.46,demo,True
2026-07-09 21:00:00,35505.78,35422.29,2821.83,4807.02,5020.01,2873.28,6062.01,7019.83,2491.8,4889.94,0.0,1287.18,971.23,demo,True
2026-07-09 22:00:00,33198.22,33341.3,2687.57,2082.82,5057.51,3039.53,6284.74,6772.27,2470.78,5399.8,0.0,1261.25,972.58,demo,True
2026-07-09 23:00:00,32022.59,32354.49,2633.96,1582.35,5005.88,2947.51,6559.52,6595.34,2332.63,5146.22,0.0,1227.1,957.94,demo,True
2026-07-10 00:00:00,29524.61,31635.97,2603.18,1500.0,5249.61,2794.43,5883.3,6664.84,2297.37,5023.22,0.0,1256.78,966.41,demo,True
2026-07-10 01:00:00,29315.11,31999.69,2519.89,1500.0,5254.97,2836.07,5920.88,7229.32,2443.71,4547.45,0.0,1278.98,988.29,demo,True
2026-07-10 02:00:00,28397.65,31808.28,2405.4,1500.0,4764.74,2936.38,6212.56,6642.13,2216.77,5308.62,0.0,1274.82,952.26,demo,True
2026-07-10 03:00:00,28141.52,33493.62,2298.78,1500.0,5409.2,2930.4,6100.65,6268.69,2401.85,6665.01,0.0,1226.81,991.02,demo,True
2026-07-10 04:00:00,29232.37,32458.41,2641.22,1500.0,5204.19,2935.01,6379.65,7006.09,2386.27,4947.34,0.0,1171.65,928.2,demo,True
2026-07-10 05:00:00,30459.75,32549.9,2518.36,1500.0,5292.99,2861.1,6682.85,7102.15,2303.29,4599.84,0.0,1259.88,947.8,demo,True
2026-07-10 06:00:00,33856.01,34164.41,2782.33,3836.8,5393.65,2651.58,6762.46,7129.68,2378.67,3848.15,0.0,1227.83,935.58,demo,True
2026-07-10 07:00:00,35390.05,35587.81,3059.19,4008.71,5000.59,2680.27,7133.29,6985.74,2337.95,4124.3,1077.61,1265.56,973.78,demo,True
2026-07-10 08:00:00,35642.8,35537.63,2801.01,2686.96,5527.32,2883.01,6492.08,7014.33,2380.17,4281.09,2079.34,1273.76,919.57,demo,True
2026-07-10 09:00:00,38111.1,38423.95,2988.61,5495.1,5163.13,2949.66,6554.03,6754.38,2155.21,4064.61,3069.65,1277.84,940.35,demo,True
2026-07-10 10:00:00,38523.44,38850.56,3049.3,4947.78,5593.26,2926.35,6491.29,6278.72,2383.9,4266.96,3774.47,1293.62,894.21,demo,True
2026-07-10 11:00:00,40496.64,40852.06,2981.58,6097.64,4967.58,2678.46,6612.09,6734.45,2428.25,5106.33,3978.51,1280.91,967.83,demo,True
2026-07-10 12:00:00,38176.19,38437.55,2825.95,3201.26,5573.94,2772.79,6639.43,6857.92,2338.51,4782.56,3990.0,1293.74,987.4,demo,True
2026-07-10 13:00:00,38250.22,38674.89,2963.79,5147.47,4964.96,2588.63,6822.74,6684.31,2367.13,4020.62,3817.23,1284.48,977.32,demo,True
2026-07-10 14:00:00,39982.81,40076.93,3088.35,6495.42,5862.68,2549.54,6821.37,6667.22,2276.82,3436.48,3706.36,1286.66,974.38,demo,True
2026-07-10 15:00:00,40209.73,40724.04,3152.34,7584.1,4952.52,2814.67,6681.78,6487.88,2392.04,4649.49,2937.4,1248.98,975.18,demo,True
2026-07-10 16:00:00,38848.32,38920.49,2997.95,6654.35,5474.71,3044.47,7028.56,6472.63,2288.03,3896.17,1872.82,1217.77,970.99,demo,True
2026-07-10 17:00:00,38953.71,39184.3,3154.84,9263.94,5105.78,2817.96,6509.36,7090.47,2137.61,2997.15,981.54,1312.06,968.43,demo,True
2026-07-10 18:00:00,39588.86,39961.42,2955.84,9307.4,5385.91,3143.46,6285.95,7091.55,2369.0,4156.22,0.0,1251.57,970.37,demo,True
2026-07-10 19:00:00,36861.3,37018.61,2983.53,7510.5,5189.46,2770.46,6343.18,6671.77,2069.73,4252.44,0.0,1280.72,930.33,demo,True
2026-07-10 20:00:00,36005.5,36390.32,2999.78,8536.31,4916.28,2805.62,6462.96,6727.5,2295.07,2466.35,0.0,1236.24,943.99,demo,True
2026-07-10 21:00:00,35447.58,35635.88,2952.47,8334.17,4472.82,2621.62,6120.73,6443.03,2210.39,3206.92,0.0,1274.1,952.11,demo,True
2026-07-10 22:00:00,34744.09,35015.35,2853.91,5515.99,5851.97,2737.5,6285.32,6793.48,2198.13,3504.16,0.0,1188.88,939.93,demo,True
2026-07-10 23:00:00,31315.48,31532.88,2573.04,2316.47,5218.99,2585.81,6101.06,7032.59,2268.01,3867.22,0.0,1239.74,903.01,demo,True
2026-07-11 00:00:00,27417.52,28880.75,2406.12,1500.0,4434.68,2521.84,6620.39,6302.43,2157.77,3183.15,0.0,1247.54,912.95,demo,True
2026-07-11 01:00:00,26932.63,30210.73,2512.88,1500.0,5278.68,2588.87,6623.84,6734.36,2299.92,2966.6,0.0,1261.57,956.9,demo,True
2026-07-11 02:00:00,27185.65,30503.36,2348.69,1500.0,5379.29,2815.35,5880.88,6744.38,2240.9,3688.58,0.0,1276.8,977.17,demo,True
2026-07-11 03:00:00,25736.02,29550.51,2419.55,1500.0,5014.08,2667.39,6271.07,6735.42,2155.69,3033.93,0.0,1222.65,950.28,demo,True
2026-07-11 04:00:00,27336.74,31507.63,2519.44,1500.0,5015.83,2710.02,7138.82,6974.36,2386.08,3483.08,0.0,1266.5,1032.94,demo,True
2026-07-11 05:00:00,30398.43,30672.07,2443.79,1778.36,5194.84,2873.78,6720.42,7054.51,2245.87,2601.2,0.0,1280.67,922.41,demo,True
2026-07-11 06:00:00,30096.96,30279.13,2580.77,2045.7,5512.67,2521.22,6659.02,6548.92,2292.85,2426.75,0.0,1308.65,963.35,demo,True
2026-07-11 07:00:00,33867.56,34300.91,2702.04,4180.9,5225.99,2814.59,6267.51,6742.14,2383.06,3427.63,1002.68,1267.67,988.74,demo,True
2026-07-11 08:00:00,34100.51,34527.31,2657.2,2960.4,5580.44,2952.65,6600.55,6606.38,2377.07,3124.56,2104.77,1238.51,981.97,demo,True
2026-07-11 09:00:00,36067.83,36260.52,2976.18,4269.58,5494.12,2968.22,6494.92,6442.64,2274.66,3409.13,2719.4,1218.21,969.65,demo,True
2026-07-11 10:00:00,36494.33,36441.53,2965.11,4763.83,5140.52,2892.98,6221.14,6635.19,2164.87,2632.59,3712.57,1295.73,982.11,demo,True
2026-07-11 11:00:00,36233.06,36252.1,2935.69,5209.02,4791.66,2790.61,6327.17,6717.31,2025.79,2453.78,3716.65,1268.43,951.66,demo,True
2026-07-11 12:00:00,36189.97,36434.17,2782.39,3513.96,5141.07,2687.73,6335.06,6611.33,2218.39,3485.68,4191.63,1249.45,999.89,demo,True
2026-07-11 13:00:00,36962.65,36931.04,2979.83,5838.43,5336.89,2785.18,5978.96,6363.82,2321.23,1999.43,4109.1,1209.5,988.49,demo,True
2026-07-11 14:00:00,37412.71,37596.51,2864.17,5759.45,5215.57,3097.62,6036.75,6449.83,2228.75,3343.93,3313.45,1226.72,924.43,demo,True
2026-07-11 15:00:00,36679.18,37185.02,2963.54,6032.41,5364.95,2849.15,6430.19,6445.71,1769.31,3337.49,2730.39,1265.78,959.65,demo,True
2026-07-11 16:00:00,36928.89,37240.6,2920.91,6837.63,5424.49,2780.76,6203.2,6354.92,2283.56,3068.14,2125.48,1258.85,903.58,demo,True
2026-07-11 17:00:00,37305.99,37564.21,3129.63,8614.02,5338.02,2901.46,6394.68,6603.54,2287.49,2256.93,971.07,1201.34,995.65,demo,True
2026-07-11 18:00:00,35987.37,36050.03,2941.54,9037.74,5128.41,2808.95,5938.02,6620.91,2136.19,2157.26,0.0,1265.82,956.73,demo,True
2026-07-11 19:00:00,36518.05,36800.76,3019.57,8189.57,5335.17,2840.64,6780.46,6738.84,2287.64,2427.19,0.0,1210.79,990.46,demo,True
2026-07-11 20:00:00,35391.87,35595.34,2968.7,7176.03,5781.23,2755.59,7228.17,6329.15,2241.16,1853.44,0.0,1283.85,946.72,demo,True
2026-07-11 21:00:00,34976.63,35269.58,2916.7,8265.85,4812.63,2725.31,6859.59,6385.32,2080.38,1990.97,0.0,1255.21,894.31,demo,True
2026-07-11 22:00:00,30905.89,31286.77,2641.69,1889.3,5326.69,2979.28,6895.69,6848.97,2312.11,2767.19,0.0,1238.41,1029.12,demo,True
2026-07-11 23:00:00,28809.84,29787.67,2545.97,1500.0,5676.32,2448.94,6719.14,6465.44,2004.44,2744.71,0.0,1274.75,953.93,demo,True
2026-07-12 00:00:00,27895.14,28574.93,2392.42,1500.0,4894.61,2886.15,6592.96,6502.98,2146.72,1872.69,0.0,1258.84,919.99,demo,True
2026-07-12 01:00:00,26722.35,29772.0,2437.0,1500.0,5460.29,2714.18,6530.28,6452.61,2131.88,2715.26,0.0,1283.12,984.37,demo,True
2026-07-12 02:00:00,25346.27,29265.58,2395.69,1500.0,5495.03,2457.06,6179.92,6735.25,2048.87,2586.37,0.0,1252.01,1011.08,demo,True
2026-07-12 03:00:00,25867.6,29898.38,2375.64,1500.0,4816.02,2624.57,6741.52,6738.69,2181.65,3098.53,0.0,1253.47,943.93,demo,True
2026-07-12 04:00:00,27737.32,30224.81,2423.49,1500.0,5385.21,2793.51,6720.75,6720.77,2299.79,2614.88,0.0,1242.87,947.02,demo,True
2026-07-12 05:00:00,28553.69,29614.55,2509.28,1500.0,5129.46,2818.27,6337.95,6476.74,2289.7,2848.72,0.0,1256.57,957.14,demo,True
2026-07-12 06:00:00,30885.13,31357.72,2620.01,3299.16,5184.28,2933.2,6684.1,6274.06,2224.32,2549.48,0.0,1292.45,916.67,demo,True
2026-07-12 07:00:00,33220.97,33384.27,2754.89,4206.31,5115.51,2945.44,6257.12,6884.7,1931.55,2794.83,1082.1,1237.43,929.28,demo,True
2026-07-12 08:00:00,35520.49,35529.15,2811.8,6724.93,5541.3,2521.59,6279.41,6644.77,1972.4,1657.66,1917.43,1266.2,1003.46,demo,True
2026-07-12 09:00:00,35582.88,35758.95,3023.55,5229.28,5170.85,2867.95,6771.29,6351.21,2150.39,2239.13,2804.83,1227.99,946.03,demo,True
2026-07-12 10:00:00,35384.5,35885.01,3046.99,4647.28,5079.54,2931.14,6650.68,6760.28,2124.15,2281.73,3287.01,1198.33,924.87,demo,True
2026-07-12 11:00:00,35572.05,35413.32,2812.72,4356.84,5083.94,2839.41,6418.82,6324.62,2066.38,2182.99,3948.69,1255.19,936.44,demo,True
2026-07-12 12:00:00,36006.55,36274.98,2952.02,3804.36,5111.34,2890.44,6378.32,6748.3,2352.76,2532.88,4215.13,1259.26,982.18,demo,True
2026-07-12 13:00:00,35859.95,35995.82,3013.59,4584.08,4919.32,2452.15,6561.17,6758.73,2134.88,2636.61,3810.92,1247.25,890.72,demo,True
2026-07-12 14:00:00,36617.61,36837.43,2866.03,6874.81,5077.25,2621.76,5857.61,6226.4,2185.39,2526.44,3297.53,1212.6,957.64,demo,True
2026-07-12 15:00:00,35947.78,36135.04,2721.93,5572.78,5230.59,3045.89,6234.78,6552.81,2237.06,2255.12,2724.54,1257.61,1023.87,demo,True
2026-07-12 16:00:00,36397.88,36820.76,3101.05,7594.23,5305.14,2749.65,6057.21,6592.66,2123.4,1991.36,2139.52,1256.66,1010.93,demo,True
2026-07-12 17:00:00,36374.31,36634.0,2952.65,5873.17,5513.05,3200.16,6504.15,6991.68,2426.1,2925.79,1004.92,1227.78,967.2,demo,True
2026-07-12 18:00:00,36369.14,36801.04,2955.74,9059.71,5262.65,2569.88,6881.02,6248.99,2000.78,2572.34,0.0,1216.16,989.49,demo,True
2026-07-12 19:00:00,36936.02,37417.16,3044.29,9685.56,5076.64,3081.48,6667.01,6723.42,2039.44,1910.72,0.0,1243.69,989.2,demo,True
2026-07-12 20:00:00,35291.7,35547.08,2902.49,8632.62,4937.13,2690.07,6320.98,6408.11,1997.64,2347.98,0.0,1266.32,946.22,demo,True
2026-07-12 21:00:00,33175.38,33360.67,3083.69,6613.55,5276.57,2955.24,6252.69,6127.3,2297.0,1600.17,0.0,1260.42,977.74,demo,True
2026-07-12 22:00:00,30856.45,31174.34,2600.14,3696.91,5169.48,2746.83,6236.15,6370.17,2204.51,2518.65,0.0,1227.98,1003.66,demo,True
2026-07-12 23:00:00,28837.23,29732.49,2558.65,1500.0,5178.08,2820.82,7199.87,6393.36,2041.83,2433.02,0.0,1253.42,912.09,demo,True
2026-07-13 00:00:00,30096.28,30138.69,2727.18,2763.06,5268.26,2907.2,6523.82,6156.17,2002.41,2278.29,0.0,1272.18,967.3,demo,True
2026-07-13 01:00:00,29067.9,30394.7,2635.27,1500.0,5335.04,2689.6,6569.91,6454.19,2271.3,3393.14,0.0,1220.68,960.84,demo,True
2026-07-13 02:00:00,27595.5,28480.44,2546.75,1500.0,5270.13,2944.2,5761.1,6592.69,2147.63,2060.02,0.0,1251.58,953.09,demo,True
2026-07-13 03:00:00,28685.35,29462.41,2457.52,1500.0,5155.67,2752.14,6086.67,6430.9,2272.67,3030.43,0.0,1283.49,950.44,demo,True
2026-07-13 04:00:00,28446.39,30146.23,2467.93,1500.0,4991.64,2832.05,6484.54,6255.89,2095.49,3811.55,0.0,1218.13,956.95,demo,True
2026-07-13 05:00:00,31791.2,31928.57,2494.99,4197.92,5040.68,2323.87,6325.64,6339.1,2163.46,3299.55,0.0,1278.89,959.47,demo,True
2026-07-13 06:00:00,34216.0,34692.02,2851.39,6416.98,5420.55,2739.28,6546.57,6367.51,2137.55,2789.55,0.0,1290.48,983.56,demo,True
2026-07-13 07:00:00,35472.21,35656.69,2927.88,6936.28,5089.87,3027.44,6541.96,6413.14,2026.16,2284.3,1128.81,1244.44,964.3,demo,True
2026-07-13 08:00:00,38604.9,39060.78,3168.14,9404.29,4850.03,2925.04,6710.16,6606.38,2083.38,2217.86,2077.56,1241.42,944.66,demo,True
2026-07-13 09:00:00,37899.23,38172.82,3195.07,7452.72,5501.49,2959.58,5845.79,6419.0,1958.26,2742.13,3093.22,1275.83,924.8,demo,True
2026-07-13 10:00:00,39336.37,39382.49,3179.83,8756.38,4954.98,2809.6,6113.17,6047.62,2159.46,2654.8,3705.31,1245.35,935.83,demo,True
2026-07-13 11:00:00,39398.59,39682.93,3205.12,7437.12,5209.16,3101.73,6465.14,6229.61,2191.39,2690.23,4209.55,1191.17,957.83,demo,True
2026-07-13 12:00:00,39327.93,39364.11,3094.14,7066.4,5327.7,2851.92,6273.41,6387.03,2218.82,2939.76,4122.72,1247.53,928.82,demo,True
2026-07-13 13:00:00,39209.14,39568.42,3204.82,7361.17,5200.84,2681.18,6391.4,6595.07,2180.03,3105.84,3812.76,1261.76,978.38,demo,True
2026-07-13 14:00:00,39310.81,39523.41,3096.54,7602.37,4555.68,2953.93,6538.16,6630.62,2084.78,3454.66,3471.81,1268.5,962.9,demo,True
2026-07-13 15:00:00,39883.57,40287.5,3253.91,8955.36,5301.53,2966.07,6239.27,6732.93,2286.62,2649.19,2944.24,1227.98,984.31,demo,True
2026-07-13 16:00:00,40364.22,40872.26,3272.98,10113.62,5544.88,2913.33,6567.29,6368.72,2207.75,2983.88,1998.7,1243.25,930.84,demo,True
2026-07-13 17:00:00,39424.6,39362.23,3180.42,9173.0,5404.5,2727.47,6690.39,6505.47,2267.68,3302.84,1091.39,1274.42,925.07,demo,True
2026-07-13 18:00:00,39758.22,39925.22,3054.91,12037.28,4647.76,2850.66,6522.78,6015.19,2275.68,3343.28,0.0,1248.5,984.08,demo,True
2026-07-13 19:00:00,38029.03,38061.33,3162.32,7406.88,5753.08,3050.8,6752.25,6427.46,2087.0,4418.17,0.0,1211.78,953.9,demo,True
2026-07-13 20:00:00,37874.5,38512.99,3110.06,10888.55,4855.28,2885.96,5739.47,6094.11,2149.25,3675.51,0.0,1280.94,943.92,demo,True
2026-07-13 21:00:00,35140.7,35311.44,2977.58,8023.79,4919.61,2534.0,6294.89,6314.77,2196.37,2812.4,0.0,1244.65,970.96,demo,True
2026-07-13 22:00:00,34452.63,34465.91,2866.54,4468.61,5403.29,2686.82,6812.32,6993.03,1966.33,3888.39,0.0,1277.28,969.84,demo,True
2026-07-13 23:00:00,33197.94,33851.21,2819.76,5156.54,5317.74,2678.45,6197.48,6391.26,1969.87,4012.43,0.0,1215.11,912.33,demo,True
2026-07-14 00:00:00,29791.4,29910.71,2676.57,1816.98,5220.89,2664.22,6149.98,6132.53,1950.16,3737.44,0.0,1246.98,991.54,demo,True
2026-07-14 01:00:00,27134.2,29386.46,2367.22,1500.0,5051.95,2419.97,6455.81,6410.44,2094.16,3253.7,0.0,1262.74,937.69,demo,True
2026-07-14 02:00:00,27857.18,32002.3,2489.09,1500.0,5546.02,3140.3,6493.94,6205.22,2068.27,4799.73,0.0,1247.82,1001.0,demo,True
2026-07-14 03:00:00,29532.12,29807.9,2484.46,2043.59,5189.78,2642.27,6312.86,6105.93,1937.2,3445.86,0.0,1220.42,909.99,demo,True
2026-07-14 04:00:00,30265.68,31521.37,2623.9,1500.0,4792.89,2655.29,7145.25,6778.38,2128.71,4371.0,0.0,1190.33,959.52,demo,True
2026-07-14 05:00:00,31827.24,31926.76,2692.44,2273.46,5520.4,2450.49,6600.27,6548.86,2100.69,4200.06,0.0,1288.08,944.43,demo,True
2026-07-14 06:00:00,34398.57,34561.26,2776.25,4913.74,5257.01,2955.96,6183.99,6388.73,2255.5,4459.38,0.0,1256.2,890.74,demo,True
2026-07-14 07:00:00,36017.38,36276.93,2912.19,5050.48,5489.9,2783.64,5996.17,6225.14,2356.73,5070.76,1055.19,1279.17,969.75,demo,True
2026-07-14 08:00:00,38195.74,38684.05,2989.43,6816.4,5348.86,2736.84,6641.95,6241.68,2171.58,4555.82,2005.42,1273.22,892.28,demo,True
2026-07-14 09:00:00,39169.7,39479.69,3059.07,7181.76,5821.82,2746.36,6175.7,6648.18,2034.92,4052.58,2612.2,1264.92,941.25,demo,True
2026-07-14 10:00:00,40259.36,40407.99,3161.98,5836.43,5119.41,2905.8,7253.42,6375.15,2197.91,4940.95,3553.83,1241.97,983.13,demo,True
2026-07-14 11:00:00,39684.83,39893.71,3138.18,7166.47,5204.18,2713.6,6649.78,5628.42,2123.29,4127.49,4084.13,1262.24,934.1,demo,True
2026-07-14 12:00:00,40041.82,40430.37,2941.2,6368.41,5387.16,2442.0,6695.99,6838.27,2095.31,4578.86,3815.68,1285.81,922.89,demo,True
2026-07-14 13:00:00,39084.17,39636.59,3102.55,6651.47,5121.01,2567.52,6587.04,6345.03,2022.76,3903.46,4212.2,1252.08,974.01,demo,True
2026-07-14 14:00:00,38824.81,38875.98,3028.49,5713.07,5408.69,2558.18,6892.55,6379.47,2072.55,4085.06,3526.36,1297.54,942.51,demo,True
2026-07-14 15:00:00,40494.73,40945.27,3129.13,9820.92,4433.67,2849.56,5661.63,6542.26,2109.11,4677.79,2699.97,1212.51,937.85,demo,True
2026-07-14 16:00:00,39561.15,39754.85,3011.09,7732.63,5181.08,2967.4,6078.86,6404.91,2229.21,4885.16,2077.54,1209.83,988.25,demo,True
2026-07-14 17:00:00,39999.59,39957.23,3170.14,9117.62,5173.22,3063.85,6861.95,6466.25,2196.38,3897.47,990.81,1274.7,914.98,demo,True
2026-07-14 18:00:00,39284.12,39206.12,3081.92,8737.58,5163.8,2505.72,7025.2,6208.2,2356.55,5043.33,0.0,1229.53,936.21,demo,True
2026-07-14 19:00:00,38119.71,38609.86,3190.02,9700.79,4972.0,2911.65,6067.65,6030.43,2220.89,4429.37,0.0,1301.08,975.99,demo,True
2026-07-14 20:00:00,37356.02,37867.63,2846.3,7605.4,5435.59,2689.29,5863.48,6362.28,2193.46,5521.65,0.0,1283.43,913.04,demo,True
2026-07-14 21:00:00,36689.29,36836.85,2881.61,6119.66,5068.84,3326.22,6558.63,6615.31,2108.45,4746.78,0.0,1289.69,1003.26,demo,True
2026-07-14 22:00:00,34087.83,34299.65,2730.01,4531.88,5252.07,3049.04,6669.89,6157.64,2023.42,4400.1,0.0,1272.11,943.49,demo,True
2026-07-14 23:00:00,30462.46,31810.73,2608.46,1500.0,5190.34,3106.34,6551.58,6139.87,2082.33,5037.07,0.0,1226.96,976.24,demo,True
2026-07-15 00:00:00,29736.19,31652.94,2650.52,1500.0,5330.09,2944.44,6479.13,6568.62,2069.61,4576.36,0.0,1208.52,976.17,demo,True
2026-07-15 01:00:00,29926.58,31776.38,2589.14,1500.0,5572.05,2868.74,5851.85,6199.45,1849.23,5702.26,0.0,1287.38,945.43,demo,True
2026-07-15 02:00:00,28101.18,31342.8,2350.97,1500.0,5250.73,2727.54,6368.75,6209.83,2038.52,5099.3,0.0,1212.51,935.63,demo,True
2026-07-15 03:00:00,27419.48,31895.67,2371.28,1500.0,5418.76,2692.12,6420.93,6218.26,2354.91,5052.35,0.0,1289.62,948.71,demo,True
2026-07-15 04:00:00,31213.66,31887.33,2538.62,1500.0,5237.67,2655.98,6308.12,6286.33,2210.04,5451.08,0.0,1266.74,971.38,demo,True
2026-07-15 05:00:00,32140.67,32491.02,2741.89,3758.34,5068.44,2911.16,5828.44,5954.78,2123.85,4677.5,0.0,1248.09,920.41,demo,True
2026-07-15 06:00:00,33653.49,33708.59,2746.17,3624.04,5163.2,3080.87,6704.66,6182.76,2220.16,4557.95,0.0,1261.05,913.9,demo,True
2026-07-15 07:00:00,35428.27,35738.94,2736.32,3965.77,5126.28,2735.77,6803.02,6352.61,1941.3,5426.98,1131.05,1261.63,994.53,demo,True
2026-07-15 08:00:00,38110.98,38243.43,3081.19,6655.61,5347.72,2669.98,6221.87,6351.63,2213.0,4690.94,1919.78,1244.94,927.95,demo,True
2026-07-15 09:00:00,38156.71,37980.89,3115.76,4981.81,5227.73,2532.97,6434.91,6557.94,2335.96,4706.41,2956.9,1285.64,960.62,demo,True
2026-07-15 10:00:00,40007.95,40437.26,3086.88,6200.93,4993.49,2844.04,6326.08,6708.6,2171.7,5688.06,3275.63,1284.79,943.93,demo,True
2026-07-15 11:00:00,39823.21,40262.38,3102.23,5702.3,5142.29,3021.27,6329.48,6637.5,1977.24,5543.11,3710.03,1253.89,945.26,demo,True
2026-07-15 12:00:00,39589.42,39745.5,2947.44,5683.81,4803.26,3030.28,6672.61,6506.88,2143.91,4662.15,4014.68,1235.0,992.91,demo,True
2026-07-15 13:00:00,39411.02,39710.42,2883.19,5025.95,5152.0,3048.12,6681.06,6273.92,2350.87,4985.57,3962.84,1282.65,947.44,demo,True
2026-07-15 14:00:00,39133.36,39462.23,2895.21,5303.98,5200.34,2874.77,6876.17,6170.62,2232.23,4846.92,3818.46,1199.44,939.3,demo,True
2026-07-15 15:00:00,40041.94,40376.63,3112.62,5660.08,5670.2,2816.23,6868.88,6312.77,2034.89,6188.16,2622.42,1261.1,941.91,demo,True
2026-07-15 16:00:00,38814.07,39374.67,3024.04,5621.07,5550.6,3030.81,6439.87,6438.88,2493.17,5751.79,1845.11,1268.49,934.9,demo,True
2026-07-15 17:00:00,38310.82,38635.85,3101.53,6790.76,4931.14,2600.19,7494.74,6492.17,2062.62,5084.71,1020.33,1229.29,929.9,demo,True
2026-07-15 18:00:00,39637.61,39823.23,3123.58,8383.32,5252.46,2720.65,7042.48,6449.79,2188.01,5577.16,0.0,1274.34,935.02,demo,True
2026-07-15 19:00:00,38982.13,39309.16,3211.6,9438.5,5257.02,3107.95,6269.65,6287.51,2096.81,4602.48,0.0,1249.34,999.9,demo,True
2026-07-15 20:00:00,37694.5,37867.11,3110.9,7845.1,5140.09,2606.57,6544.31,6488.8,2101.18,4933.36,0.0,1236.36,971.34,demo,True
2026-07-15 21:00:00,35979.5,36037.7,2883.38,5989.52,5156.66,2793.8,5804.97,6594.69,2175.51,5308.84,0.0,1274.08,939.64,demo,True
2026-07-15 22:00:00,33484.79,33954.34,2661.35,2930.96,5107.97,2913.64,6509.54,6512.61,2310.42,5466.89,0.0,1222.86,979.45,demo,True
2026-07-15 23:00:00,32221.73,33142.78,2510.64,1500.0,5686.9,2814.89,7085.79,6313.69,2393.32,5174.08,0.0,1271.73,902.38,demo,True
2026-07-16 00:00:00,29864.97,32926.05,2684.54,1500.0,5091.79,3006.9,7473.46,6139.12,2196.54,5326.53,0.0,1200.44,991.27,demo,True
2026-07-16 01:00:00,28348.0,32047.92,2380.8,1500.0,5288.64,3074.62,6457.55,6135.81,2126.15,5219.14,0.0,1257.14,988.85,demo,True
2026-07-16 02:00:00,28042.51,31373.51,2304.52,1500.0,4542.45,2886.34,6617.21,6176.6,2309.34,5073.39,0.0,1251.1,1017.09,demo,True
2026-07-16 03:00:00,30104.26,32575.7,2575.77,1500.0,5414.13,3050.21,6711.86,6385.08,2317.45,4980.11,0.0,1236.51,980.35,demo,True
2026-07-16 04:00:00,28684.04,32677.41,2354.35,1500.0,5507.91,2632.84,7192.9,6445.02,2289.98,4885.91,0.0,1259.74,963.12,demo,True
2026-07-16 05:00:00,32022.85,32751.92,2686.42,3156.74,4926.47,2771.64,6155.96,6021.69,2298.92,5183.75,0.0,1248.01,988.73,demo,True
2026-07-16 06:00:00,32537.12,33158.11,2673.0,1500.0,5066.91,3232.93,7429.43,6224.3,2257.06,5239.88,0.0,1276.37,931.23,demo,True
2026-07-16 07:00:00,35622.49,36067.38,2960.23,4097.81,5317.39,3149.73,6389.02,6391.06,2287.14,5098.34,1134.74,1264.0,938.14,demo,True
2026-07-16 08:00:00,37059.79,37579.88,3048.09,6776.52,5205.06,2570.15,6090.45,6142.05,2258.4,4372.61,1955.25,1261.32,948.07,demo,True
2026-07-16 09:00:00,37086.58,37173.05,3047.39,4520.1,5321.26,2797.7,6389.66,6437.96,2413.51,4423.3,2621.2,1257.3,991.07,demo,True
2026-07-16 10:00:00,39486.49,39784.44,3098.4,6184.77,5125.32,2824.49,6216.64,6277.46,2557.42,5081.24,3354.57,1238.2,924.32,demo,True
2026-07-16 11:00:00,39187.64,39808.23,2977.67,4675.07,5684.45,2874.97,6646.74,6188.61,2316.54,5574.92,3683.33,1242.45,921.14,demo,True
2026-07-16 12:00:00,37958.7,38291.41,2882.44,4514.02,5025.87,3029.33,5921.66,6362.21,2299.21,4870.89,4054.92,1256.21,957.1,demo,True
2026-07-16 13:00:00,39906.86,40582.65,3066.32,5824.15,5899.81,3131.05,6549.57,6439.62,2335.76,4542.83,3642.66,1245.67,971.53,demo,True
2026-07-16 14:00:00,40270.34,40405.7,3315.08,6336.95,5522.9,2806.73,6732.39,6169.54,2231.21,4813.28,3586.0,1277.79,928.91,demo,True
2026-07-16 15:00:00,40363.08,40936.56,3138.49,7425.58,5416.35,3001.96,7018.99,6305.8,2407.1,4083.69,3054.65,1252.34,970.11,demo,True
2026-07-16 16:00:00,39681.08,39934.08,3125.81,7029.06,4929.48,2916.68,6738.21,6465.1,2373.42,5256.17,1975.51,1259.4,991.05,demo,True
2026-07-16 17:00:00,39488.41,39679.46,3270.92,8145.71,5436.52,2796.2,6997.45,6197.66,2275.24,4643.3,986.44,1214.93,986.01,demo,True
2026-07-16 18:00:00,40147.21,40512.42,3224.6,11533.51,5357.02,2494.33,6288.02,6003.8,2439.2,4162.36,0.0,1273.58,960.6,demo,True
2026-07-16 19:00:00,39727.94,39957.87,3106.38,10773.05,4648.9,2983.33,6637.97,6033.72,2338.52,4359.64,0.0,1235.47,947.28,demo,True
2026-07-16 20:00:00,38161.83,38396.61,3143.73,10074.38,4834.8,2908.93,5719.77,6283.12,2225.16,4124.43,0.0,1223.93,1002.07,demo,True
2026-07-16 21:00:00,35045.01,35382.35,2828.17,5052.21,5292.98,2870.13,6460.1,6088.44,2389.12,4987.74,0.0,1291.15,950.46,demo,True
2026-07-16 22:00:00,33860.11,33784.72,2825.34,4254.88,5165.34,2623.37,6635.36,6305.47,2380.76,4173.88,0.0,1267.44,978.21,demo,True
2026-07-16 23:00:00,31988.16,32188.37,2711.78,1500.0,5065.72,3152.64,6667.03,6751.8,2472.99,4295.01,0.0,1274.43,1008.75,demo,True
2026-07-17 00:00:00,28640.13,30988.12,2436.66,1500.0,5480.53,2827.44,5949.07,6085.84,2462.98,4445.84,0.0,1261.36,975.06,demo,True
2026-07-17 01:00:00,29027.53,30011.83,2523.14,1500.0,4970.22,2594.55,6363.44,6330.64,2355.57,3729.66,0.0,1247.67,920.09,demo,True
2026-07-17 02:00:00,29861.93,31035.97,2687.35,1500.0,5081.64,2565.58,6412.23,6865.68,2317.53,4137.47,0.0,1243.01,912.83,demo,True
2026-07-17 03:00:00,29147.77,31002.23,2453.57,1500.0,5031.77,2921.95,6349.82,6490.19,2379.93,4118.02,0.0,1269.48,941.07,demo,True
2026-07-17 04:00:00,30939.92,31262.34,2753.48,2103.11,5332.64,2927.3,6753.75,6323.4,2428.88,3143.66,0.0,1278.31,971.28,demo,True
2026-07-17 05:00:00,31811.04,32233.44,2620.26,3318.68,4752.94,2716.66,6424.11,6373.75,2448.91,3986.75,0.0,1248.3,963.34,demo,True
2026-07-17 06:00:00,33671.25,33664.53,2951.49,4141.34,5070.61,2883.27,6534.76,6506.76,2432.64,3777.12,0.0,1301.81,1016.21,demo,True
2026-07-17 07:00:00,35975.15,36133.44,2837.2,5901.45,4752.08,2920.17,6328.63,6789.47,2391.21,3804.58,1037.72,1245.07,963.05,demo,True
2026-07-17 08:00:00,36802.25,37038.86,2924.6,5603.89,5118.65,2825.19,6872.69,6303.79,2527.37,3697.12,1934.84,1215.15,940.18,demo,True
2026-07-17 09:00:00,37881.46,38166.7,3152.11,5915.97,5387.99,2673.76,6898.73,6258.14,2332.51,3748.78,2827.85,1206.96,916.0,demo,True
2026-07-17 10:00:00,40110.58,39980.84,3265.24,6343.78,5392.63,2973.04,6392.08,6125.79,2716.64,4228.05,3615.6,1207.81,985.41,demo,True
2026-07-17 11:00:00,40424.31,40447.98,3238.38,7156.24,5010.82,2950.77,7497.71,6456.19,2516.39,2910.21,3760.18,1239.65,949.82,demo,True
2026-07-17 12:00:00,38744.37,38991.37,2956.98,6326.91,5338.66,2902.18,6231.73,6128.7,2295.24,3269.95,4348.98,1244.2,904.82,demo,True
2026-07-17 13:00:00,40006.76,40439.13,3137.38,7274.86,5151.86,2649.93,6852.52,6340.43,2458.5,3715.98,3777.32,1267.06,950.67,demo,True
2026-07-17 14:00:00,39214.96,39389.53,3089.97,7272.13,5553.88,2560.41,6167.15,6247.12,2534.75,3565.46,3319.21,1249.28,920.13,demo,True
2026-07-17 15:00:00,39567.86,39697.82,3033.66,7052.11,5166.21,2813.77,6770.56,6687.98,2405.87,3497.8,3095.21,1271.08,937.23,demo,True
2026-07-17 16:00:00,39761.96,40107.12,3193.39,8423.91,4427.01,2967.32,6743.25,6344.54,2274.15,4588.84,2136.8,1251.12,950.19,demo,True
2026-07-17 17:00:00,40162.22,40353.16,3119.46,10248.05,5432.62,2987.27,6145.89,6548.48,2334.66,3464.03,1018.99,1250.34,922.84,demo,True
2026-07-17 18:00:00,39285.4,39693.96,3039.14,10771.25,5080.63,2905.19,6454.29,6113.09,2530.19,3668.38,0.0,1235.56,935.37,demo,True
2026-07-17 19:00:00,39547.38,39757.54,3035.02,10886.29,5128.71,2718.92,7153.71,6499.83,2260.38,2896.46,0.0,1285.56,927.68,demo,True
2026-07-17 20:00:00,37594.92,37644.18,3227.19,10330.58,5287.34,2655.24,6214.99,6211.17,2302.82,2501.85,0.0,1211.71,928.48,demo,True
2026-07-17 21:00:00,36151.02,36656.73,2926.88,8487.28,4829.58,2796.96,6640.65,6387.25,2546.97,2790.74,0.0,1257.53,919.76,demo,True
2026-07-17 22:00:00,33145.88,33618.59,2719.35,4113.14,5219.41,2798.67,6617.42,6972.45,2461.66,3254.87,0.0,1245.46,935.52,demo,True
2026-07-17 23:00:00,33201.56,33279.57,2681.4,4101.74,5338.97,2999.31,6485.2,6696.21,2410.69,3054.75,0.0,1269.54,923.16,demo,True
2026-07-18 00:00:00,27745.74,29535.16,2564.17,1500.0,5294.66,2713.65,5894.1,6468.1,2440.63,3006.94,0.0,1249.48,967.6,demo,True
2026-07-18 01:00:00,26708.08,30457.6,2263.89,1500.0,5044.28,2728.6,6790.02,7205.4,2329.32,2653.74,0.0,1250.22,956.02,demo,True
2026-07-18 02:00:00,24655.1,30267.73,2182.3,1500.0,5457.9,3169.9,6504.07,6305.63,2569.77,2531.3,0.0,1243.33,985.84,demo,True
2026-07-18 03:00:00,25633.92,30474.33,2307.75,1500.0,4940.65,3079.22,6886.35,6768.71,2420.66,2587.31,0.0,1284.83,1006.6,demo,True
2026-07-18 04:00:00,28285.05,29619.89,2476.18,1500.0,5037.36,2641.1,6581.12,6180.64,2458.97,3000.33,0.0,1250.06,970.32,demo,True
2026-07-18 05:00:00,29393.82,30575.87,2598.0,1500.0,5164.64,3064.38,6522.56,6469.68,2570.68,3021.2,0.0,1299.24,963.49,demo,True
2026-07-18 06:00:00,29892.85,29972.33,2529.04,2439.17,5276.82,2598.06,6630.39,6232.41,2504.07,2062.4,0.0,1256.81,972.21,demo,True
2026-07-18 07:00:00,33945.06,34207.25,2944.25,4982.56,5115.62,2721.87,6154.36,6591.16,2456.1,2913.39,1057.65,1250.54,964.0,demo,True
2026-07-18 08:00:00,34502.69,34971.56,2783.55,4481.27,5519.43,2742.36,7045.34,6552.57,2307.7,2175.6,1949.42,1246.37,951.51,demo,True
2026-07-18 09:00:00,37054.02,37123.78,2874.8,5594.37,5276.77,2786.03,6368.6,6478.32,2596.3,2706.28,3103.87,1264.11,949.12,demo,True
2026-07-18 10:00:00,36672.68,36802.29,2835.82,4851.69,5219.67,2911.56,6373.1,6792.07,2567.45,2348.84,3583.27,1235.29,919.35,demo,True
2026-07-18 11:00:00,37116.97,37486.08,2878.24,4049.81,5267.64,2819.17,6952.3,6432.92,2501.64,3202.93,4030.87,1253.64,975.17,demo,True
2026-07-18 12:00:00,37773.41,37994.48,2900.22,5621.07,5390.56,2910.65,6586.57,6635.51,2444.97,2188.44,4017.45,1250.2,949.06,demo,True
2026-07-18 13:00:00,36210.92,36177.37,2964.59,3960.46,5262.6,2727.67,6417.24,6750.1,2576.71,2466.5,3764.46,1258.13,993.49,demo,True
2026-07-18 14:00:00,36090.84,36283.2,2816.51,5019.15,4729.53,2867.36,6644.84,6249.31,2638.54,2662.52,3235.76,1258.75,977.45,demo,True
2026-07-18 15:00:00,36702.45,37266.81,2958.01,6349.46,5483.27,2814.21,6719.09,6417.05,2598.31,1906.61,2787.53,1260.05,931.22,demo,True
2026-07-18 16:00:00,37528.83,38150.15,2930.96,8079.79,5231.12,2550.1,6458.58,6599.69,2788.81,2293.89,1908.4,1252.37,987.4,demo,True
2026-07-18 17:00:00,36044.56,36179.88,2839.59,6249.96,5378.06,2886.94,6822.82,6732.67,2682.47,2186.13,1078.42,1289.22,873.18,demo,True
2026-07-18 18:00:00,35569.88,35655.48,3034.49,7862.32,5094.45,2817.29,6055.31,6912.96,2590.65,2054.03,0.0,1260.56,1007.91,demo,True
2026-07-18 19:00:00,36646.87,36814.43,3151.86,9259.42,4725.05,2671.5,6591.63,6559.1,2697.73,2085.0,0.0,1315.15,909.85,demo,True
2026-07-18 20:00:00,34466.25,35040.59,2975.44,6692.28,4607.48,2723.53,6780.09,6543.32,2620.56,2857.22,0.0,1251.25,964.85,demo,True
2026-07-18 21:00:00,32949.53,33351.11,2650.85,5660.48,4954.46,2727.94,6717.63,6427.37,2625.71,2000.72,0.0,1273.97,962.82,demo,True
2026-07-18 22:00:00,29939.4,30452.93,2448.5,2367.13,5334.5,2755.91,5715.63,6698.4,2781.38,2584.42,0.0,1231.85,983.71,demo,True
2026-07-18 23:00:00,28725.21,30387.58,2690.56,1500.0,5537.45,3116.61,6455.69,6566.94,2523.56,2462.16,0.0,1285.02,940.14,demo,True
2026-07-19 00:00:00,27421.56,28978.5,2422.51,1500.0,5278.51,3176.25,6075.09,6578.57,2639.61,1612.45,0.0,1232.39,885.63,demo,True
2026-07-19 01:00:00,26870.24,29876.17,2271.65,1500.0,4926.42,2309.31,6950.02,6624.81,2785.03,2579.01,0.0,1261.4,940.18,demo,True
2026-07-19 02:00:00,25250.97,29015.87,2416.1,1500.0,4996.13,2887.87,6363.26,6773.47,2684.76,1623.56,0.0,1243.39,943.43,demo,True
2026-07-19 03:00:00,27379.98,30887.88,2445.8,1500.0,5553.8,2971.89,6911.15,6534.79,2608.79,2657.63,0.0,1261.3,888.52,demo,True
2026-07-19 04:00:00,26949.34,28444.84,2457.39,1500.0,4859.2,2761.11,6074.03,6495.69,2453.69,2105.63,0.0,1244.13,951.36,demo,True
2026-07-19 05:00:00,28724.83,30538.26,2314.7,1500.0,5746.46,2967.06,6636.72,6767.34,2391.32,2381.38,0.0,1230.27,917.72,demo,True
2026-07-19 06:00:00,32318.65,32683.94,2721.99,4500.9,5687.77,3097.75,6502.78,6013.54,2918.19,1750.34,0.0,1243.21,969.47,demo,True
2026-07-19 07:00:00,33376.28,33650.72,2859.72,2907.01,5755.03,2553.07,7467.42,6553.27,2711.32,2481.22,991.21,1288.54,942.62,demo,True
2026-07-19 08:00:00,34506.92,34976.48,2762.24,3551.65,5298.98,2824.08,6912.27,6439.72,2609.43,2908.3,2161.53,1261.68,1008.83,demo,True
2026-07-19 09:00:00,35967.51,36262.84,3018.84,4505.21,5111.2,3152.21,6889.86,6964.7,2726.63,2068.33,2684.59,1217.78,942.31,demo,True
2026-07-19 10:00:00,37691.32,37819.59,2892.99,5908.88,5292.65,2577.2,7209.73,6610.0,2576.12,2197.38,3207.33,1277.38,962.91,demo,True
2026-07-19 11:00:00,38010.01,38293.94,2999.75,5389.52,5436.23,2779.26,6599.32,6590.71,2655.2,2759.53,3912.86,1227.71,943.61,demo,True
2026-07-19 12:00:00,36386.38,36364.35,3041.56,3565.15,5030.8,2719.29,6465.17,6710.47,2587.09,2805.33,4311.16,1268.58,901.3,demo,True
2026-07-19 13:00:00,36819.46,36653.33,2856.09,5809.86,4913.69,2989.34,6425.27,6597.34,2535.42,1383.75,3790.98,1263.83,943.86,demo,True
2026-07-19 14:00:00,36858.94,37224.72,2958.23,4205.72,5126.18,3014.42,6614.74,6646.92,2457.39,3645.8,3275.55,1265.41,972.6,demo,True
2026-07-19 15:00:00,36159.63,36592.92,2954.71,5631.56,4999.2,2829.22,5530.46,6764.1,2523.2,2941.51,3109.29,1296.33,968.06,demo,True
2026-07-19 16:00:00,36920.83,37183.81,2972.13,5529.29,5522.63,2805.8,6500.81,6657.15,2842.36,3066.66,2088.63,1229.28,941.2,demo,True
2026-07-19 17:00:00,36989.9,37169.46,2974.87,7816.43,5039.73,2490.55,6579.38,6662.88,2606.22,2689.14,1113.57,1265.27,906.3,demo,True
2026-07-19 18:00:00,37545.65,37554.11,2985.17,9363.15,5224.87,3056.14,6445.45,6542.42,2793.62,1877.64,0.0,1281.49,969.33,demo,True
2026-07-19 19:00:00,36925.46,37385.51,3022.37,8476.94,5455.59,2736.43,5964.18,6518.2,2848.97,3188.69,0.0,1233.92,962.58,demo,True
2026-07-19 20:00:00,34667.89,35006.54,2860.42,5895.24,5532.76,2774.38,6447.56,6792.8,2740.85,2616.29,0.0,1231.36,975.3,demo,True
2026-07-19 21:00:00,33084.32,33386.74,2626.58,4227.91,5254.23,2974.89,5963.21,6854.37,2707.68,3219.87,0.0,1242.82,941.78,demo,True
2026-07-19 22:00:00,31714.17,31963.3,2780.3,2416.24,5299.92,2835.57,7120.82,6480.22,2764.06,2888.9,0.0,1258.12,899.47,demo,True
2026-07-19 23:00:00,28800.86,30847.74,2411.27,1500.0,4935.58,2980.69,6409.93,6969.13,2702.64,3169.02,0.0,1214.74,966.01,demo,True
2026-07-20 00:00:00,30348.91,30460.77,2451.97,1500.0,5465.99,2908.61,5778.05,6977.6,2901.58,2715.42,0.0,1263.79,949.73,demo,True
2026-07-20 01:00:00,28667.44,32106.88,2428.32,1500.0,5528.52,2836.68,6427.72,7031.53,2986.73,3589.16,0.0,1214.79,991.75,demo,True
2026-07-20 02:00:00,27622.25,30564.64,2352.64,1500.0,4713.71,2855.88,6813.39,6890.71,2939.9,2617.86,0.0,1282.33,950.86,demo,True
2026-07-20 03:00:00,28060.03,32404.86,2422.55,1500.0,5658.37,2597.9,6561.63,6972.56,2512.05,4390.88,0.0,1262.84,948.64,demo,True
2026-07-20 04:00:00,30951.47,32218.34,2476.65,1500.0,5017.83,2773.18,6180.15,7320.8,2722.05,4443.97,0.0,1297.83,962.52,demo,True
2026-07-20 05:00:00,31603.5,32070.87,2680.19,1500.0,5354.6,2995.13,6262.61,6781.49,2779.2,4199.02,0.0,1266.72,932.09,demo,True
2026-07-20 06:00:00,34900.75,34709.22,2976.89,4735.47,5220.17,2638.24,6399.6,6625.53,2838.41,4078.77,0.0,1242.38,930.65,demo,True
2026-07-20 07:00:00,35378.71,35532.33,2894.01,5526.36,5184.3,2671.25,6346.12,6525.88,2579.65,3457.69,1063.98,1230.03,947.06,demo,True
2026-07-20 08:00:00,37607.18,37676.92,2853.83,5821.2,5146.31,2641.67,6059.15,7257.44,2581.74,4142.66,1848.4,1255.97,922.39,demo,True
2026-07-20 09:00:00,40260.97,40485.91,3055.68,7357.32,4941.93,2827.61,6476.34,7268.17,2951.73,3571.11,2899.34,1249.24,943.13,demo,True
2026-07-20 10:00:00,38514.0,38507.6,3057.41,5889.44,5336.2,3052.46,6033.19,6683.5,2731.72,2902.54,3590.71,1279.65,1008.19,demo,True
2026-07-20 11:00:00,38165.2,38493.25,2803.65,3377.94,5125.63,2898.49,6832.17,6734.81,2624.16,4491.2,4200.8,1226.78,981.28,demo,True
2026-07-20 12:00:00,40368.75,40565.46,3012.18,6305.37,4859.55,2408.15,6874.89,6831.47,2673.98,4364.41,3987.88,1300.52,959.24,demo,True
2026-07-20 13:00:00,38780.4,38944.77,2872.93,4824.27,4930.9,2916.75,6148.88,7180.04,2856.98,3844.73,3963.79,1281.87,996.55,demo,True
2026-07-20 14:00:00,39291.34,39568.27,3097.3,7414.08,4863.96,2720.42,6249.17,6635.48,2715.06,3308.11,3491.81,1244.91,925.25,demo,True
2026-07-20 15:00:00,38949.85,39186.06,3261.23,6651.18,5063.61,2891.69,6351.95,6494.03,2846.34,3687.7,2879.9,1294.95,1024.71,demo,True
2026-07-20 16:00:00,39657.52,39883.27,3014.37,8014.23,5326.13,2773.09,6488.97,7411.57,2703.4,3130.04,1869.23,1230.42,936.18,demo,True
2026-07-20 17:00:00,38830.8,39040.44,3143.83,7203.75,5015.11,2645.12,6589.9,7011.5,2614.99,4572.58,1122.25,1255.14,1010.11,demo,True
2026-07-20 18:00:00,39131.54,39377.89,3073.55,8840.27,5453.61,2787.14,6662.07,7050.82,2998.59,3357.32,0.0,1218.09,1009.98,demo,True
2026-07-20 19:00:00,38905.14,39216.91,2979.18,8326.59,5169.0,2720.54,6653.9,6913.82,2878.75,4360.74,0.0,1296.16,897.4,demo,True
2026-07-20 20:00:00,36702.52,36991.75,3108.16,6048.09,5124.75,2855.39,7043.85,7069.54,2794.15,3853.16,0.0,1208.82,994.01,demo,True
2026-07-20 21:00:00,35254.03,35706.87,3085.55,6149.97,5204.36,2640.52,6521.13,6642.08,2774.79,3618.56,0.0,1213.99,941.48,demo,True
2026-07-20 22:00:00,33516.0,33667.59,2787.62,2974.37,5562.74,2597.54,6044.13,6798.36,3016.23,4507.13,0.0,1234.13,932.96,demo,True
2026-07-20 23:00:00,30720.33,31666.07,2608.52,1500.0,4843.45,2931.77,5936.79,7014.67,2914.45,4276.14,0.0,1283.06,965.74,demo,True
2026-07-21 00:00:00,29651.07,33796.75,2542.72,1500.0,5630.66,2999.59,7072.53,6500.14,2984.03,4916.18,0.0,1273.87,919.76,demo,True
2026-07-21 01:00:00,28822.14,32387.37,2479.2,1500.0,5449.64,2904.41,6678.38,6941.39,2779.24,3916.2,0.0,1253.05,965.06,demo,True
2026-07-21 02:00:00,28031.15,32164.36,2469.44,1500.0,5194.37,2683.22,6572.26,6936.06,2858.16,4223.04,0.0,1275.47,921.78,demo,True
2026-07-21 03:00:00,28549.85,31853.13,2539.99,1500.0,5507.59,2666.79,6657.15,6957.83,2903.07,3458.28,0.0,1247.11,955.31,demo,True
2026-07-21 04:00:00,29934.6,31411.85,2699.3,1500.0,5116.16,2677.15,6556.09,6911.44,2791.44,3608.94,0.0,1260.56,990.06,demo,True
2026-07-21 05:00:00,31263.98,33957.24,2560.26,1500.0,5274.28,2960.27,6651.62,6821.86,2848.56,5647.76,0.0,1291.29,961.6,demo,True
2026-07-21 06:00:00,34246.24,34592.27,2791.68,3051.54,5059.23,2651.49,6369.59,6648.4,2792.49,5836.48,0.0,1243.83,939.21,demo,True
2026-07-21 07:00:00,36753.44,37120.29,2921.74,3718.69,5451.28,2959.13,6869.32,7089.39,2912.83,4885.45,1037.12,1230.84,966.24,demo,True
2026-07-21 08:00:00,37088.27,37397.0,3035.85,4656.11,5016.11,2914.64,6316.3,6999.83,2708.72,4469.89,2145.83,1261.76,907.81,demo,True
2026-07-21 09:00:00,38935.74,39330.48,3258.74,5342.95,5186.64,3022.79,6183.85,6771.63,2938.19,4773.54,2917.54,1268.51,924.83,demo,True
2026-07-21 10:00:00,39096.43,39166.55,3123.25,4058.05,5376.58,2991.37,5908.2,7096.28,2909.02,5398.69,3238.49,1252.76,937.09,demo,True
2026-07-21 11:00:00,39759.51,40097.52,3146.58,4572.12,5472.53,2897.68,6416.8,7025.99,2849.45,4741.97,3872.29,1275.08,973.61,demo,True
2026-07-21 12:00:00,40574.19,40826.59,3199.76,5158.29,4986.5,2535.64,6943.63,6997.81,2929.82,5153.29,3914.48,1244.97,962.17,demo,True
2026-07-21 13:00:00,39725.22,39997.71,3185.66,4593.86,5395.82,2909.82,6339.93,6633.08,2834.03,5061.41,4010.51,1253.19,966.05,demo,True
2026-07-21 14:00:00,38074.44,38259.23,3183.26,3808.77,4944.68,2820.79,6017.51,7266.18,2799.28,4814.63,3578.84,1259.36,949.18,demo,True
2026-07-21 15:00:00,39687.79,39766.25,2938.54,6329.87,4640.91,2732.81,6599.69,6853.08,2946.73,4865.09,2614.52,1257.18,926.36,demo,True
2026-07-21 16:00:00,40342.81,40374.08,3180.38,6300.37,5005.5,3045.2,6272.13,7146.66,2953.64,5301.84,2063.77,1290.33,994.64,demo,True
2026-07-21 17:00:00,39351.05,39658.77,2868.54,6668.03,5417.01,2772.76,7041.89,6963.32,2823.95,4691.53,1091.98,1259.24,929.07,demo,True
2026-07-21 18:00:00,39964.44,40304.06,3229.51,8013.84,5196.82,2704.7,6876.11,7064.02,2815.2,5428.39,0.0,1242.4,962.57,demo,True
2026-07-21 19:00:00,38117.19,38343.86,3077.03,6751.27,5060.9,3002.33,6055.19,7411.44,2865.88,4987.02,0.0,1263.2,946.64,demo,True
2026-07-21 20:00:00,36378.46,36625.79,2864.22,4592.29,5214.42,2727.08,6439.14,7283.3,2822.98,5304.46,0.0,1275.22,966.89,demo,True
2026-07-21 21:00:00,35852.91,35973.27,2618.77,3189.62,5205.82,2695.69,6235.66,7423.37,3073.53,5948.39,0.0,1269.36,931.84,demo,True
2026-07-21 22:00:00,32539.63,33173.34,2666.56,1500.0,5361.69,2597.11,6093.82,7255.86,2929.71,5185.59,0.0,1267.97,981.58,demo,True
2026-07-21 23:00:00,31562.66,33531.48,2627.78,1500.0,4780.96,2652.37,6480.42,7278.74,2894.62,5740.48,0.0,1212.55,991.35,demo,True
2026-07-22 00:00:00,30857.65,32278.2,2591.24,1500.0,5173.39,2667.81,6786.38,6808.15,2782.0,4393.05,0.0,1187.69,979.74,demo,True
2026-07-22 01:00:00,27412.14,33534.2,2338.14,1500.0,5232.31,2911.79,6471.4,7138.56,2983.57,5059.95,0.0,1281.88,954.73,demo,True
2026-07-22 02:00:00,27425.19,32781.2,2303.98,1500.0,4845.0,2616.57,6319.35,7167.35,2822.38,5312.63,0.0,1260.97,936.95,demo,True
2026-07-22 03:00:00,28027.39,33393.33,2391.53,1500.0,4841.44,2465.59,5727.82,7494.45,2818.25,6261.67,0.0,1249.46,1034.66,demo,True
2026-07-22 04:00:00,29914.2,32345.43,2463.46,1500.0,5105.18,2854.58,6266.96,7122.28,2990.01,4318.81,0.0,1267.36,920.25,demo,True
2026-07-22 05:00:00,31476.99,33847.62,2686.65,1500.0,5202.22,2685.89,6693.13,7300.33,2944.41,5247.03,0.0,1298.18,976.44,demo,True
2026-07-22 06:00:00,34751.9,35027.01,2791.33,2835.56,5203.13,2797.07,6030.32,7300.13,2598.06,6017.41,0.0,1285.34,959.98,demo,True
2026-07-22 07:00:00,36426.3,36108.97,2738.97,2542.09,5055.35,3030.83,6948.9,7513.55,2880.01,4888.07,1027.99,1274.06,948.12,demo,True
2026-07-22 08:00:00,37770.02,38055.51,2982.16,4271.43,5044.69,2812.88,6295.73,7237.83,2914.39,5163.27,2131.91,1227.83,955.55,demo,True
2026-07-22 09:00:00,38708.04,39086.2,3041.69,3436.38,5097.25,3071.73,6567.8,7457.76,2858.87,5422.28,3008.35,1231.08,934.69,demo,True
2026-07-22 10:00:00,39549.43,39779.49,3205.8,4609.81,5277.62,2787.73,6360.3,6908.96,2919.07,5333.03,3429.81,1190.34,962.81,demo,True
2026-07-22 11:00:00,38910.28,38950.63,3080.95,2509.0,5523.6,2981.25,6088.29,6937.32,2682.8,6005.69,3997.34,1265.84,959.5,demo,True
2026-07-22 12:00:00,40088.19,40690.33,3013.61,5764.72,4622.7,2701.46,6654.1,6798.43,2560.28,5426.76,3853.84,1277.72,1030.33,demo,True
2026-07-22 13:00:00,38600.73,39058.8,3101.02,2248.15,5361.98,2819.38,6290.7,7482.04,2782.9,5843.86,3967.92,1279.75,982.12,demo,True
2026-07-22 14:00:00,39910.6,40065.01,2956.0,5200.18,5171.1,2632.07,6208.44,7465.68,2933.7,4975.17,3246.31,1266.89,965.48,demo,True
2026-07-22 15:00:00,40210.3,40413.31,3120.49,6917.27,5336.69,2653.44,5668.35,7523.11,2512.62,4757.92,2830.49,1246.15,967.27,demo,True
2026-07-22 16:00:00,39637.41,39530.83,3159.33,5185.83,5508.24,2759.56,6955.94,7185.12,2798.1,4986.18,1910.78,1235.89,1005.19,demo,True
2026-07-22 17:00:00,39392.82,39728.03,3236.99,8016.52,5003.67,2560.86,6502.15,7218.47,2668.21,4488.23,1119.66,1229.37,920.89,demo,True
2026-07-22 18:00:00,39557.72,39561.25,3283.2,6739.6,5445.52,2828.68,6887.3,7324.13,2869.36,5276.23,0.0,1245.91,944.52,demo,True
2026-07-22 19:00:00,36607.2,36977.15,3042.4,4906.53,4873.95,2745.5,6717.07,7676.66,3132.88,4806.23,0.0,1225.55,892.79,demo,True
2026-07-22 20:00:00,37639.91,38074.58,2986.2,5614.06,5233.18,2842.22,6887.25,7739.96,2871.23,4626.01,0.0,1293.9,966.76,demo,True
2026-07-22 21:00:00,35684.74,35922.1,2917.99,4120.1,5136.95,2563.63,6302.55,7550.22,2883.68,5172.1,0.0,1217.44,975.45,demo,True
2026-07-22 22:00:00,33743.73,33802.13,2775.54,2715.85,5212.03,2926.31,6019.64,7456.65,2996.48,4309.95,0.0,1245.07,920.13,demo,True
2026-07-22 23:00:00,32235.07,34317.64,2591.88,1500.0,4942.85,3105.57,6766.94,7685.84,2897.45,5224.34,0.0,1201.59,993.05,demo,True
2026-07-23 00:00:00,29914.52,33380.21,2529.37,1500.0,5313.59,3067.58,6545.57,7343.98,2868.12,4555.52,0.0,1257.41,928.43,demo,True
2026-07-23 01:00:00,27960.83,34436.32,2586.92,1500.0,5612.43,3142.7,6336.77,7322.46,3004.07,5328.22,0.0,1249.94,939.73,demo,True
2026-07-23 02:00:00,28231.85,33050.94,2500.09,1500.0,4947.32,2807.64,6759.95,7388.26,2948.36,4504.74,0.0,1241.08,953.59,demo,True
2026-07-23 03:00:00,28807.1,33420.93,2656.82,1500.0,5249.31,2736.58,6607.85,7209.48,2925.15,4968.05,0.0,1226.68,997.83,demo,True
2026-07-23 04:00:00,30048.98,33666.72,2449.04,1500.0,5422.53,2887.77,6723.63,7394.44,2872.56,4691.48,0.0,1250.06,924.25,demo,True
2026-07-23 05:00:00,31856.34,32680.74,2600.23,1500.0,5122.85,2757.12,6142.16,7195.23,2846.31,4921.95,0.0,1236.39,958.74,demo,True
2026-07-23 06:00:00,34510.06,35001.26,2836.58,2675.7,5553.7,2486.72,6842.17,7674.65,2996.43,4552.06,0.0,1246.58,973.25,demo,True
2026-07-23 07:00:00,35008.03,35574.68,2901.99,3747.76,5088.28,2947.47,6498.38,7576.84,2844.45,3611.34,994.16,1298.94,967.05,demo,True
2026-07-23 08:00:00,37556.32,37989.6,2936.18,3161.21,5169.76,2757.81,6879.7,7779.78,3030.95,4892.35,2095.57,1254.3,968.16,demo,True
2026-07-23 09:00:00,39519.05,39925.44,3160.1,6473.83,4941.78,2535.88,6838.89,7114.87,2755.83,4288.07,2740.14,1263.32,972.85,demo,True
2026-07-23 10:00:00,38069.94,38637.66,3024.89,2411.32,5232.91,2708.51,6740.2,7899.69,3051.75,4669.76,3751.76,1238.39,933.36,demo,True
2026-07-23 11:00:00,39649.42,39710.87,2937.52,4394.48,5200.79,2761.9,6461.11,7143.35,2934.47,4562.45,4021.31,1230.39,1000.63,demo,True
2026-07-23 12:00:00,39088.37,39147.66,3105.56,3980.91,5365.33,2802.13,6748.35,7233.62,2759.65,3772.33,4289.24,1249.43,946.67,demo,True
2026-07-23 13:00:00,39129.67,39305.07,3139.09,4383.86,5034.59,2804.29,6888.77,7368.6,2934.93,3642.64,3992.11,1312.6,942.68,demo,True
2026-07-23 14:00:00,38702.47,39006.08,3029.62,3291.2,5022.68,3046.42,6712.36,7800.78,2793.7,4368.29,3737.39,1242.81,990.43,demo,True
2026-07-23 15:00:00,39271.31,39468.64,2902.79,5752.61,5320.25,2568.06,6570.91,7570.59,2873.56,3829.18,2793.36,1259.04,931.08,demo,True
2026-07-23 16:00:00,40788.69,40855.09,3144.56,6865.5,5563.27,2772.61,6749.15,7475.16,2808.89,4388.91,2042.69,1229.29,959.61,demo,True
2026-07-23 17:00:00,38641.07,38892.09,3106.12,7427.6,5363.54,2641.79,6316.0,7362.25,2848.99,3771.3,1051.18,1181.12,928.31,demo,True
2026-07-23 18:00:00,38468.77,38701.78,2984.28,6180.71,5680.33,3026.11,7029.9,7241.71,2975.49,4311.7,0.0,1230.25,1025.58,demo,True
2026-07-23 19:00:00,37708.91,38110.35,3094.32,7152.04,5344.38,2698.94,5911.36,7801.35,2922.25,3951.25,0.0,1309.52,1019.26,demo,True
2026-07-23 20:00:00,38647.53,38905.54,3144.53,7827.5,5335.02,2738.11,6512.04,7735.6,2722.41,3823.29,0.0,1264.88,946.69,demo,True
2026-07-23 21:00:00,35450.45,35357.63,2889.56,4353.58,5376.62,2988.95,6357.91,7865.14,2726.63,3432.19,0.0,1291.02,965.6,demo,True
2026-07-23 22:00:00,33771.22,34090.6,2771.95,2775.33,5586.92,3038.46,6275.69,7662.56,2884.57,3675.6,0.0,1241.31,950.16,demo,True
2026-07-23 23:00:00,31468.55,32812.77,2654.26,1500.0,5521.77,3065.07,6606.82,7001.63,2890.46,4096.39,0.0,1191.08,939.54,demo,True
2026-07-24 00:00:00,29315.76,30700.21,2504.66,1500.0,4917.93,2504.24,6106.08,7316.69,2765.48,3413.92,0.0,1222.28,953.59,demo,True
2026-07-24 01:00:00,28604.37,33639.97,2362.3,1500.0,5408.15,2886.92,7253.18,7700.33,3034.42,3648.26,0.0,1259.93,948.78,demo,True
2026-07-24 02:00:00,30061.6,31615.19,2511.06,1500.0,5268.99,2848.62,6026.76,7524.25,2938.07,3348.18,0.0,1255.94,904.38,demo,True
2026-07-24 03:00:00,29744.26,31397.84,2540.42,1500.0,5149.55,2790.78,6167.06,7490.14,2762.29,3330.39,0.0,1249.74,957.89,demo,True
2026-07-24 04:00:00,29381.47,31569.62,2630.36,1500.0,4739.04,2811.98,6134.01,7377.83,2747.52,4073.76,0.0,1236.74,948.73,demo,True
2026-07-24 05:00:00,32206.3,32531.22,2725.77,1500.0,4799.56,3031.44,6569.47,7836.43,2803.63,3757.83,0.0,1273.49,959.37,demo,True
2026-07-24 06:00:00,33210.43,33417.48,2877.04,2618.9,5105.24,2986.95,6855.09,7735.71,2787.84,3142.62,0.0,1237.47,947.67,demo,True
2026-07-24 07:00:00,34534.8,34870.6,2678.08,3225.35,4819.21,2961.44,6684.1,7752.95,2975.03,3157.23,1098.41,1257.7,939.19,demo,True
2026-07-24 08:00:00,38156.99,38258.64,2996.5,5801.22,5110.62,2837.24,7015.32,7510.61,2938.99,2647.37,2166.13,1254.88,976.25,demo,True
2026-07-24 09:00:00,39438.17,39424.49,3277.75,6146.78,5385.73,3208.71,6210.46,7696.05,2821.55,2861.42,2887.02,1240.79,965.99,demo,True
2026-07-24 10:00:00,40026.4,40361.02,3058.52,7053.44,5048.95,2727.89,6730.55,7370.19,2895.11,3053.59,3261.46,1227.97,991.88,demo,True
2026-07-24 11:00:00,39204.76,39532.62,2984.01,5439.29,5221.7,2509.13,6393.76,7643.12,2908.88,3276.64,3935.94,1239.32,964.84,demo,True
2026-07-24 12:00:00,39391.4,39661.64,3045.03,5744.78,4921.81,2752.26,6579.83,7122.68,2813.41,3179.93,4306.04,1296.84,944.07,demo,True
2026-07-24 13:00:00,39924.0,40341.92,3302.45,6635.8,5277.68,2810.39,6888.04,7340.95,2850.96,2206.28,4085.5,1277.81,968.5,demo,True
2026-07-24 14:00:00,39619.88,39833.41,3030.51,6316.89,5332.12,3034.57,5907.71,7622.09,2870.11,3206.69,3377.14,1275.51,890.58,demo,True
2026-07-24 15:00:00,39124.45,39425.09,3121.34,6065.62,4830.04,2708.02,7196.85,8222.54,2853.42,2632.85,2672.3,1230.34,1013.11,demo,True
2026-07-24 16:00:00,38376.46,38563.47,3096.58,7726.93,5004.51,2888.42,6449.16,7310.82,2697.49,2144.6,2169.25,1214.06,958.23,demo,True
2026-07-24 17:00:00,39615.88,39819.33,2959.59,9654.91,4870.54,2534.1,5937.68,7440.33,2705.6,3269.03,1114.2,1277.41,1015.53,demo,True
2026-07-24 18:00:00,40052.81,40364.05,3173.84,9769.08,5332.4,2994.66,6257.5,7768.49,2748.21,3297.16,0.0,1272.62,923.92,demo,True
2026-07-24 19:00:00,37791.96,38449.95,2993.97,8214.39,5242.64,2812.3,6535.81,8116.92,2693.9,2664.09,0.0,1253.43,916.47,demo,True
2026-07-24 20:00:00,37895.46,38279.08,3113.04,8651.37,5187.07,2749.5,6257.42,7778.92,2597.72,2855.36,0.0,1240.74,960.97,demo,True
2026-07-24 21:00:00,36016.17,36364.92,3083.71,6454.51,5166.65,3183.7,5783.24,7895.66,2851.35,2855.54,0.0,1213.4,960.88,demo,True
2026-07-24 22:00:00,34324.27,34713.49,2787.1,4047.45,5283.94,2992.58,6533.88,7673.61,2807.49,3142.71,0.0,1271.69,960.15,demo,True
2026-07-24 23:00:00,32370.88,32198.28,2667.58,2786.61,5289.14,2612.83,6247.39,7642.2,2600.82,2784.07,0.0,1279.65,955.57,demo,True
2026-07-25 00:00:00,27000.73,30484.6,2630.87,1500.0,5071.15,2780.31,6727.9,7779.22,2728.21,1733.63,0.0,1233.02,931.16,demo,True
2026-07-25 01:00:00,25147.11,31825.21,2219.95,1500.0,5034.74,3292.54,6126.06,7622.87,2730.52,3382.1,0.0,1230.94,905.44,demo,True
2026-07-25 02:00:00,25477.37,32967.42,2194.16,1500.0,5184.66,3156.19,7291.54,7933.54,2769.93,2892.05,0.0,1281.03,958.49,demo,True
2026-07-25 03:00:00,26902.2,30571.82,2526.74,1500.0,5150.67,2966.13,6679.77,7427.27,2613.67,2088.83,0.0,1233.95,911.52,demo,True
2026-07-25 04:00:00,27109.12,30850.09,2405.67,1500.0,5735.78,2467.53,6568.88,7982.86,2576.38,1815.5,0.0,1294.48,908.69,demo,True
2026-07-25 05:00:00,28777.17,31714.35,2519.3,1500.0,5100.19,3039.79,6718.09,7802.06,2796.54,2571.83,0.0,1247.27,938.58,demo,True
2026-07-25 06:00:00,30027.55,30127.53,2761.43,1631.18,5275.31,2685.67,5862.47,7752.47,2545.36,2171.81,0.0,1240.34,962.92,demo,True
2026-07-25 07:00:00,34515.11,34945.02,2701.36,4249.51,5321.14,3038.23,6326.06,7444.5,2696.72,2469.86,1138.23,1251.13,1009.63,demo,True
2026-07-25 08:00:00,35531.33,36051.63,2851.46,3431.63,5564.14,2669.92,7124.06,7596.6,2680.67,2672.92,2091.98,1240.33,979.38,demo,True
2026-07-25 09:00:00,36675.03,37273.34,2822.85,5276.0,4989.09,2887.99,6387.95,8082.0,2700.13,2016.78,2662.24,1278.16,993.0,demo,True
2026-07-25 10:00:00,37481.57,37578.58,3009.65,5044.5,5548.31,2684.75,6478.01,7778.49,2740.32,1743.16,3319.28,1272.15,969.61,demo,True
2026-07-25 11:00:00,37447.37,37577.05,2893.54,3680.66,5161.68,2734.61,6336.73,7891.67,2896.85,2497.77,4138.89,1277.2,961.01,demo,True
2026-07-25 12:00:00,36847.11,36962.16,2813.42,2304.59,5850.35,2912.0,7012.58,7642.9,2508.06,2044.24,4407.66,1254.61,1025.17,demo,True
2026-07-25 13:00:00,36794.53,36861.19,2982.4,3779.84,5294.28,2562.6,6414.38,7835.93,2800.13,2392.47,3632.66,1238.59,910.31,demo,True
2026-07-25 14:00:00,36556.54,36626.1,2935.89,5417.82,4880.48,3227.04,6061.86,7546.31,2388.38,1658.65,3258.19,1249.77,937.6,demo,True
2026-07-25 15:00:00,38754.31,38911.53,2942.82,5622.51,5148.74,2615.1,7402.59,7875.97,2851.94,2217.5,2997.88,1239.36,939.94,demo,True
2026-07-25 16:00:00,37408.94,37816.35,2881.53,6421.14,5547.43,2605.03,6018.74,7941.29,2434.38,2716.7,1868.17,1286.66,976.81,demo,True
2026-07-25 17:00:00,36721.51,36842.3,2970.21,5496.34,5221.2,2912.52,6465.92,7935.98,2966.67,2680.16,967.82,1275.06,920.64,demo,True
2026-07-25 18:00:00,37133.35,37572.9,2871.48,8632.01,5184.5,3032.55,6205.37,7672.29,2622.28,2003.3,0.0,1247.71,972.9,demo,True
2026-07-25 19:00:00,35432.66,35928.8,2933.84,6895.56,5386.94,2741.73,6254.44,7801.4,2818.6,1835.9,0.0,1226.84,967.39,demo,True
2026-07-25 20:00:00,36011.49,36312.81,3052.31,6961.8,5110.3,2607.14,6129.06,8000.36,2788.53,2452.71,0.0,1288.52,974.4,demo,True
2026-07-25 21:00:00,32831.34,33302.59,2791.61,3790.98,5145.21,2633.97,6311.0,7841.12,2600.69,2752.33,0.0,1253.42,973.86,demo,True
2026-07-25 22:00:00,31659.93,31664.9,2595.18,1870.72,4954.38,2614.6,6844.41,7829.83,2604.51,2703.55,0.0,1246.75,996.15,demo,True
2026-07-25 23:00:00,30016.68,31211.61,2580.84,1500.0,5649.49,2855.47,5834.3,8317.13,2541.8,2276.13,0.0,1288.74,948.52,demo,True
2026-07-26 00:00:00,27766.2,31454.12,2323.04,1500.0,4882.12,2787.4,6941.28,7694.43,2731.29,2714.44,0.0,1237.25,965.9,demo,True
2026-07-26 01:00:00,26355.11,32750.66,2364.5,1500.0,5244.06,2876.65,6880.94,8146.56,2580.51,3352.01,0.0,1242.03,927.9,demo,True
2026-07-26 02:00:00,25868.39,31462.1,2307.53,1500.0,5324.77,2865.68,6678.17,7659.99,2527.54,2740.66,0.0,1244.23,921.06,demo,True
2026-07-26 03:00:00,26250.3,31017.59,2265.58,1500.0,5196.45,2948.38,6544.16,8063.16,2684.76,1860.66,0.0,1217.09,1002.94,demo,True
2026-07-26 04:00:00,27094.84,31287.35,2447.54,1500.0,4874.0,2726.21,6596.82,8079.93,2507.06,2819.8,0.0,1257.89,925.64,demo,True
2026-07-26 05:00:00,28958.36,32475.19,2311.89,1500.0,4940.32,2667.12,6998.19,7816.82,2569.66,3782.89,0.0,1230.94,969.24,demo,True
2026-07-26 06:00:00,32348.21,32504.86,2607.03,3806.08,5335.85,2828.13,5888.98,7666.16,2616.38,2161.62,0.0,1235.73,965.93,demo,True
2026-07-26 07:00:00,33222.28,33284.61,2641.06,2563.51,4997.23,2790.1,6754.55,7505.35,2520.81,2866.19,1069.23,1232.39,985.25,demo,True
2026-07-26 08:00:00,34413.28,34577.5,2746.09,3483.51,4661.28,2845.53,6238.84,7808.29,2533.26,2785.72,2085.49,1235.32,900.25,demo,True
2026-07-26 09:00:00,35784.69,35990.5,2963.4,2117.92,5300.61,2671.89,6789.01,8064.09,2770.77,2995.84,3074.59,1229.03,976.74,demo,True
2026-07-26 10:00:00,37584.43,38094.98,3035.8,4915.81,4973.15,2915.6,6285.24,7715.89,2556.38,3095.43,3433.05,1256.18,948.26,demo,True
2026-07-26 11:00:00,37526.6,37592.95,2944.07,2519.84,5364.12,2587.89,6747.4,7978.87,2532.03,3619.99,4064.71,1246.11,932.0,demo,True
2026-07-26 12:00:00,37420.37,37817.1,2949.15,4315.05,5147.58,2720.73,5958.03,7637.24,2548.44,3145.31,4151.05,1251.2,942.48,demo,True
2026-07-26 13:00:00,36738.9,37217.88,2879.67,2441.05,5135.05,3003.23,5907.6,7915.04,2618.26,3795.59,4112.12,1308.84,981.1,demo,True
2026-07-26 14:00:00,37267.19,37424.92,3062.57,3875.93,5213.58,2596.36,6460.43,7718.52,2433.91,3153.22,3754.91,1246.11,971.94,demo,True
2026-07-26 15:00:00,36469.5,36766.28,2734.07,3049.55,4903.99,2989.04,7002.44,7958.03,2603.48,3093.02,2955.45,1265.12,946.16,demo,True
2026-07-26 16:00:00,36848.08,37201.75,3016.99,5492.43,4985.38,2546.36,6687.7,7869.19,2577.14,2990.41,1869.35,1267.97,915.83,demo,True
2026-07-26 17:00:00,37735.03,38059.01,2991.34,8049.34,5132.42,2514.66,6685.19,7721.72,2326.02,2474.13,989.17,1248.43,917.94,demo,True
2026-07-26 18:00:00,37429.49,37694.28,3049.31,7058.36,4902.47,2531.1,6801.07,7842.75,2750.17,3578.92,0.0,1256.84,972.59,demo,True
2026-07-26 19:00:00,35462.93,35590.74,2908.27,3843.34,5385.59,2821.03,6361.06,7786.22,2704.36,4526.96,0.0,1250.52,911.67,demo,True
2026-07-26 20:00:00,34369.46,34738.71,2881.41,3849.69,5120.08,2931.33,6713.76,7706.64,2427.19,3788.5,0.0,1255.06,946.46,demo,True
2026-07-26 21:00:00,33380.18,33562.78,2877.03,2560.95,4823.15,3032.67,6297.11,8237.81,2382.76,3962.57,0.0,1235.34,1030.43,demo,True
2026-07-26 22:00:00,32527.46,32782.62,2571.04,2182.15,5054.65,3018.32,6390.09,7924.19,2539.0,3472.78,0.0,1237.64,963.79,demo,True
2026-07-26 23:00:00,27939.6,31812.69,2531.76,1500.0,5226.31,2955.29,6433.55,7522.7,2334.71,3617.43,0.0,1250.42,972.27,demo,True
2026-07-27 00:00:00,30201.69,32492.02,2540.21,1500.0,5084.02,2650.28,6309.07,7873.75,2663.71,4292.32,0.0,1200.7,918.17,demo,True
2026-07-27 01:00:00,27835.75,33648.56,2370.88,1500.0,5303.95,2648.71,6476.88,8215.72,2437.97,4864.75,0.0,1287.4,913.18,demo,True
2026-07-27 02:00:00,27926.8,33678.04,2605.77,1500.0,5349.25,2941.8,6410.9,7850.53,2682.98,4664.67,0.0,1304.02,973.87,demo,True
2026-07-27 03:00:00,28544.71,33946.44,2526.11,1500.0,5824.44,3055.84,6252.32,8351.01,2383.62,4383.43,0.0,1254.26,941.53,demo,True
2026-07-27 04:00:00,29714.17,32674.11,2490.89,1500.0,5499.17,2614.39,6450.79,7836.44,2463.28,4058.19,0.0,1266.64,985.21,demo,True
2026-07-27 05:00:00,31409.34,33060.01,2699.52,1500.0,4774.54,3032.92,6554.34,8138.98,2623.0,4204.9,0.0,1277.03,954.29,demo,True
2026-07-27 06:00:00,33827.54,34085.44,2762.55,3668.02,5106.34,2454.34,6115.05,8259.55,2426.35,3782.22,0.0,1216.88,1056.69,demo,True
2026-07-27 07:00:00,35433.58,35629.64,2820.04,3684.72,5130.67,2870.19,6646.11,8133.72,2492.0,3493.24,969.95,1273.21,935.83,demo,True
2026-07-27 08:00:00,36449.61,36709.01,2849.21,3845.35,5349.52,2781.31,6327.21,7735.4,2584.68,3711.6,2172.92,1239.34,961.67,demo,True
2026-07-27 09:00:00,39202.01,39470.51,3082.49,5387.49,4957.27,2763.25,6569.37,7833.48,2381.06,4356.81,2988.34,1307.27,926.18,demo,True
2026-07-27 10:00:00,39851.18,39969.45,3021.59,4995.1,5061.87,2805.63,6267.15,8301.2,2290.62,4241.95,3776.66,1245.29,983.96,demo,True
2026-07-27 11:00:00,40153.89,40617.73,3128.31,6258.01,4876.45,2646.33,6867.67,7869.66,2261.23,3708.32,3891.13,1272.7,966.22,demo,True
2026-07-27 12:00:00,38459.63,38825.68,3059.28,2666.94,5043.41,2880.29,6834.64,8264.14,2500.55,4478.42,3987.57,1245.54,924.16,demo,True
2026-07-27 13:00:00,39638.41,40029.56,3074.9,5151.06,5053.11,2810.92,6132.71,7957.57,2471.47,4390.78,3813.53,1304.92,943.48,demo,True
2026-07-27 14:00:00,39849.02,39976.62,3261.34,4746.81,5118.62,2968.36,6683.75,8086.02,2546.51,4015.27,3579.92,1237.19,994.16,demo,True
2026-07-27 15:00:00,38708.15,38826.01,3025.72,4184.05,4891.51,3086.27,7006.2,7752.55,2380.54,4467.01,2788.21,1279.13,990.55,demo,True
2026-07-27 16:00:00,39546.23,39775.79,3212.21,6336.69,5455.33,2822.85,6168.14,7926.2,2236.07,4540.64,2113.66,1265.67,910.57,demo,True
2026-07-27 17:00:00,39484.78,39878.78,3198.25,7974.0,5322.78,2652.63,6195.87,7869.89,2119.77,4440.35,1104.37,1260.11,939.02,demo,True
2026-07-27 18:00:00,40617.01,40957.31,3307.14,8405.09,4823.3,2595.18,6757.27,8114.46,2740.63,5258.02,0.0,1255.73,1007.64,demo,True
2026-07-27 19:00:00,40007.41,40117.43,3338.06,9151.84,5206.75,3105.69,6042.49,8087.62,2454.09,3887.64,0.0,1233.32,947.98,demo,True
2026-07-27 20:00:00,36313.28,36683.48,2771.84,5974.34,4793.03,3082.67,6227.87,8171.12,2401.69,3888.9,0.0,1185.35,958.5,demo,True
2026-07-27 21:00:00,37559.84,37634.86,3013.01,5419.49,5548.99,2959.73,6144.87,7963.56,2413.15,4924.41,0.0,1276.86,983.81,demo,True
2026-07-27 22:00:00,33188.51,33924.15,2709.73,1500.0,5619.67,2810.77,6761.62,7868.89,2202.42,5009.97,0.0,1237.78,913.04,demo,True
2026-07-27 23:00:00,32476.97,33684.22,2676.47,1500.0,5185.51,2946.73,6257.65,8115.72,2273.29,5201.27,0.0,1279.24,924.81,demo,True
2026-07-28 00:00:00,30696.21,33303.89,2537.0,1500.0,4978.31,3034.8,6400.39,7850.93,2572.39,4764.99,0.0,1258.79,943.29,demo,True
2026-07-28 01:00:00,28112.0,33085.38,2374.22,1500.0,5027.29,2688.77,6238.09,8316.52,2436.74,4608.82,0.0,1280.01,989.14,demo,True
2026-07-28 02:00:00,28726.12,33954.91,2366.79,1500.0,5082.03,2805.36,6901.98,8055.83,2260.69,5095.38,0.0,1270.05,983.59,demo,True
2026-07-28 03:00:00,28734.54,32753.35,2469.84,1500.0,5172.22,2600.88,6199.21,8010.96,2199.71,4907.39,0.0,1188.38,974.59,demo,True
2026-07-28 04:00:00,30406.56,34451.01,2628.28,1500.0,5556.32,2776.77,6007.34,8185.99,2279.68,5930.71,0.0,1265.37,948.83,demo,True
2026-07-28 05:00:00,31954.47,33633.63,2596.48,1500.0,5448.46,3077.97,5993.62,8069.04,2298.39,5017.86,0.0,1241.41,986.89,demo,True
2026-07-28 06:00:00,34669.94,35036.0,2773.59,2143.77,5452.46,2994.14,6742.78,7722.51,2576.85,5175.93,0.0,1279.13,948.42,demo,True
2026-07-28 07:00:00,35871.04,36191.01,2776.06,1500.0,5244.35,2824.3,6768.05,7855.14,2303.11,6460.51,1000.43,1264.78,970.34,demo,True
2026-07-28 08:00:00,37365.82,37552.74,2842.82,3400.73,4900.06,2315.22,6936.99,8322.64,2177.73,5143.4,2110.52,1265.07,980.36,demo,True
2026-07-28 09:00:00,39433.35,39840.29,3024.1,4843.56,4999.79,2681.96,6058.66,8109.62,2308.27,5534.49,3056.85,1243.19,1003.9,demo,True
2026-07-28 10:00:00,39740.44,40235.6,3091.89,4243.12,5215.79,2818.43,6419.08,7722.36,2341.88,5592.84,3703.61,1227.18,951.31,demo,True
2026-07-28 11:00:00,40085.94,40477.54,3182.61,3200.51,4887.71,2761.14,7349.55,8170.82,2151.39,5646.28,4128.83,1239.18,942.12,demo,True
2026-07-28 12:00:00,39082.93,39181.76,2899.7,2729.03,5279.04,2805.9,6394.19,7971.3,2348.26,5433.81,4023.38,1205.0,991.85,demo,True
2026-07-28 13:00:00,38707.48,39027.97,2979.81,2373.26,5409.33,2843.67,6302.81,7902.85,2440.05,5392.06,4134.54,1235.24,994.16,demo,True
2026-07-28 14:00:00,38988.43,39099.8,3119.49,3285.22,5341.79,2703.94,6492.65,7844.2,2306.65,5348.95,3626.31,1213.4,936.7,demo,True
2026-07-28 15:00:00,39005.42,39197.01,2926.16,4052.74,5331.35,2798.64,6685.48,8316.8,2189.43,5012.0,2676.66,1214.06,919.85,demo,True
2026-07-28 16:00:00,40100.15,40644.67,3234.19,7005.23,4714.77,2773.1,6679.63,7665.07,2216.73,5461.54,1886.11,1252.91,989.57,demo,True
2026-07-28 17:00:00,40259.36,40293.43,3084.86,6222.83,5546.67,2673.42,6284.95,7913.82,2076.3,6309.46,1098.89,1263.35,903.75,demo,True
2026-07-28 18:00:00,39228.91,39869.27,3148.11,7223.87,4792.48,3132.34,6295.24,8125.01,2254.51,5894.4,0.0,1249.21,902.22,demo,True
2026-07-28 19:00:00,39671.91,40020.83,3091.12,7385.67,5160.29,2714.24,6396.24,8446.26,2303.12,5432.53,0.0,1237.53,944.95,demo,True
2026-07-28 20:00:00,38446.26,38612.36,3074.95,6361.08,5360.82,2394.24,6244.47,8221.22,2153.54,5697.6,0.0,1226.31,953.07,demo,True
2026-07-28 21:00:00,35994.47,36256.75,3038.86,4389.82,5293.24,3120.99,6067.83,7913.52,2489.26,4821.82,0.0,1242.07,918.2,demo,True
2026-07-28 22:00:00,33263.84,34228.12,2698.83,1500.0,4867.76,2647.67,7132.78,8436.3,2346.98,5110.52,0.0,1229.44,956.66,demo,True
2026-07-28 23:00:00,32903.26,33471.22,2778.42,1500.0,4914.44,2961.98,6357.58,7801.83,2032.24,5696.73,0.0,1248.43,957.99,demo,True
2026-07-29 00:00:00,29984.15,34111.74,2548.68,1500.0,5274.64,2677.44,6377.41,8158.37,2030.21,5946.11,0.0,1211.96,935.59,demo,True
2026-07-29 01:00:00,28907.29,33524.33,2405.83,1500.0,5332.82,2902.47,6388.32,8207.27,2120.37,4794.54,0.0,1267.53,1011.0,demo,True
2026-07-29 02:00:00,28153.11,33116.24,2416.66,1500.0,4912.13,2791.33,6471.82,7906.0,2422.86,4913.38,0.0,1235.82,962.89,demo,True
2026-07-29 03:00:00,28196.96,35486.22,2406.29,1500.0,5302.07,2980.06,6652.17,8253.12,2336.67,6218.87,0.0,1259.41,983.85,demo,True
2026-07-29 04:00:00,29000.48,33137.07,2343.38,1500.0,4806.03,2761.53,6337.18,7986.31,2420.35,5147.17,0.0,1272.18,906.31,demo,True
2026-07-29 05:00:00,32246.0,35061.35,2693.13,1500.0,5362.34,2682.04,6898.77,8251.95,2222.53,5979.47,0.0,1258.2,906.05,demo,True
2026-07-29 06:00:00,33294.12,33313.35,2777.77,1530.07,4970.2,2846.26,6709.24,7693.87,2192.02,5137.9,0.0,1269.98,963.8,demo,True
2026-07-29 07:00:00,37969.93,38520.77,3074.77,5607.42,5220.93,2731.15,6433.19,8171.77,2063.37,5122.25,966.7,1198.33,1005.65,demo,True
2026-07-29 08:00:00,36733.08,37056.09,3033.64,3818.09,5177.28,2452.75,6266.82,8006.82,2251.01,4809.16,2116.78,1237.68,919.7,demo,True
2026-07-29 09:00:00,37795.93,38153.19,3028.83,2051.95,5501.77,2691.73,6879.72,8349.75,2181.55,5394.04,2870.79,1277.58,954.3,demo,True
2026-07-29 10:00:00,39701.26,39953.29,3007.2,3692.67,5262.95,3316.38,6443.29,8086.39,2173.03,5560.69,3242.21,1262.73,912.95,demo,True
2026-07-29 11:00:00,40654.19,40995.32,3086.41,6069.57,5044.23,2472.15,6065.04,8370.07,2391.52,4321.59,4036.5,1296.21,928.44,demo,True
2026-07-29 12:00:00,39603.35,40065.0,3128.78,3613.54,5293.49,2843.39,6857.37,8206.02,2178.42,4618.46,4205.91,1292.61,955.79,demo,True
2026-07-29 13:00:00,39849.73,40173.14,3097.96,3671.8,5757.03,2756.28,6245.79,8065.31,2349.59,5206.21,3928.43,1257.49,935.22,demo,True
2026-07-29 14:00:00,38105.35,38650.61,2968.52,2580.92,5392.43,3130.56,6803.98,8265.59,1995.66,4636.34,3690.6,1243.7,910.83,demo,True
2026-07-29 15:00:00,38975.74,39219.04,2956.64,5739.63,5184.62,2600.01,5620.01,8265.86,2505.23,4405.4,2762.09,1226.04,910.16,demo,True
2026-07-29 16:00:00,38808.28,39166.08,2988.46,5509.81,4983.26,2818.23,6370.97,8193.77,2134.36,5106.47,1917.69,1238.1,893.42,demo,True
2026-07-29 17:00:00,38259.64,38636.36,3077.51,5596.0,5039.71,2923.52,6905.99,7584.35,2260.57,5101.73,1020.4,1239.79,964.3,demo,True
2026-07-29 18:00:00,39429.39,39511.62,2948.55,8242.52,5376.8,2767.73,6501.8,7871.12,2276.29,4272.26,0.0,1235.17,967.93,demo,True
2026-07-29 19:00:00,37110.29,37367.98,2757.45,5783.37,4969.69,2661.84,6709.35,8390.34,2109.35,4549.22,0.0,1227.04,967.78,demo,True
2026-07-29 20:00:00,36572.8,36491.34,3016.25,6271.75,5200.7,2796.0,6184.32,7808.0,2264.09,3783.71,0.0,1260.04,922.72,demo,True
2026-07-29 21:00:00,35458.06,35684.68,2824.57,4044.14,5573.78,2744.29,6621.7,8276.85,2267.16,3884.17,0.0,1292.42,980.18,demo,True
2026-07-29 22:00:00,33267.27,33467.03,2768.55,2090.78,5239.1,2743.79,6501.31,8236.45,2073.98,4337.08,0.0,1273.33,971.2,demo,True
2026-07-29 23:00:00,32087.98,32389.29,2801.93,1500.0,4919.43,2967.53,6585.17,7919.6,2072.38,4233.03,0.0,1241.94,950.22,demo,True
