timestamp,date,year,month,day,hour,weekday,is_weekend
2026-04-01 00:00:00,2026-04-01,2026,4,1,0,Wednesday,False
2026-04-01 01:00:00,2026-04-01,2026,4,1,1,Wednesday,False
2026-04-01 02:00:00,2026-04-01,2026,4,1,2,Wednesday,False
2026-04-01 03:00:00,2026-04-01,2026,4,1,3,Wednesday,False
2026-04-01 04:00:00,2026-04-01,2026,4,1,4,Wednesday,False
2026-04-01 05:00:00,2026-04-01,2026,4,1,5,Wednesday,False
2026-04-01 06:00:00,2026-04-01,2026,4,1,6,Wednesday,False
2026-04-01 07:00:00,2026-04-01,2026,4,1,7,Wednesday,False
2026-04-01 08:00:00,2026-04-01,2026,4,1,8,Wednesday,False
2026-04-01 09:00:00,2026-04-01,2026,4,1,9,Wednesday,False
2026-04-01 10:00:00,2026-04-01,2026,4,1,10,Wednesday,False
2026-04-01 11:00:00,2026-04-01,2026,4,1,11,Wednesday,False
2026-04-01 12:00:00,2026-04-01,2026,4,1,12,Wednesday,False
2026-04-01 13:00:00,2026-04-01,2026,4,1,13,Wednesday,False
2026-04-01 14:00:00,2026-04-01,2026,4,1,14,Wednesday,False
2026-04-01 15:00:00,2026-04-01,2026,4,1,15,Wednesday,False
2026-04-01 16:00:00,2026-04-01,2026,4,1,16,Wednesday,False
2026-04-01 17:00:00,2026-04-01,2026,4,1,17,Wednesday,False
2026-04-01 18:00:00,2026-04-01,2026,4,1,18,Wednesday,False
2026-04-01 19:00:00,2026-04-01,2026,4,1,19,Wednesday,False
2026-04-01 20:00:00,2026-04-01,2026,4,1,20,Wednesday,False
2026-04-01 21:00:00,2026-04-01,2026,4,1,21,Wednesday,False
2026-04-01 22:00:00,2026-04-01,2026,4,1,22,Wednesday,False
2026-04-01 23:00:00,2026-04-01,2026,4,1,23,Wednesday,False
2026-04-02 00:00:00,2026-04-02,2026,4,2,0,Thursday,False
2026-04-02 01:00:00,2026-04-02,2026,4,2,1,Thursday,False
2026-04-02 02:00:00,2026-04-02,2026,4,2,2,Thursday,False
2026-04-02 03:00:00,2026-04-02,2026,4,2,3,Thursday,False
2026-04-02 04:00:00,2026-04-02,2026,4,2,4,Thursday,False
2026-04-02 05:00:00,2026-04-02,2026,4,2,5,Thursday,False
2026-04-02 06:00:00,2026-04-02,2026,4,2,6,Thursday,False
2026-04-02 07:00:00,2026-04-02,2026,4,2,7,Thursday,False
2026-04-02 08:00:00,2026-04-02,2026,4,2,8,Thursday,False
2026-04-02 09:00:00,2026-04-02,2026,4,2,9,Thursday,False
2026-04-02 10:00:00,2026-04-02,2026,4,2,10,Thursday,False
2026-04-02 11:00:00,2026-04-02,2026,4,2,11,Thursday,False
2026-04-02 12:00:00,2026-04-02,2026,4,2,12,Thursday,False
2026-04-02 13:00:00,2026-04-02,2026,4,2,13,Thursday,False
2026-04-02 14:00:00,2026-04-02,2026,4,2,14,Thursday,False
2026-04-02 15:00:00,2026-04-02,2026,4,2,15,Thursday,False
2026-04-02 16:00:00,2026-04-02,2026,4,2,16,Thursday,False
2026-04-02 17:00:00,2026-04-02,2026,4,2,17,Thursday,False
2026-04-02 18:00:00,2026-04-02,2026,4,2,18,Thursday,False
2026-04-02 19:00:00,2026-04-02,2026,4,2,19,Thursday,False
2026-04-02 20:00:00,2026-04-02,2026,4,2,20,Thursday,False
2026-04-02 21:00:00,2026-04-02,2026,4,2,21,Thursday,False
2026-04-02 22:00:00,2026-04-02,2026,4,2,22,Thursday,False
2026-04-02 23:00:00,2026-04-02,2026,4,2,23,Thursday,False
2026-04-03 00:00:00,2026-04-03,2026,4,3,0,Friday,False
2026-04-03 01:00:00,2026-04-03,2026,4,3,1,Friday,False
2026-04-03 02:00:00,2026-04-03,2026,4,3,2,Friday,False
2026-04-03 03:00:00,2026-04-03,2026,4,3,3,Friday,False
2026-04-03 04:00:00,2026-04-03,2026,4,3,4,Friday,False
2026-04-03 05:00:00,2026-04-03,2026,4,3,5,Friday,False
2026-04-03 06:00:00,2026-04-03,2026,4,3,6,Friday,False
2026-04-03 07:00:00,2026-04-03,2026,4,3,7,Friday,False
2026-04-03 08:00:00,2026-04-03,2026,4,3,8,Friday,False
2026-04-03 09:00:00,2026-04-03,2026,4,3,9,Friday,False
2026-04-03 10:00:00,2026-04-03,2026,4,3,10,Friday,False
2026-04-03 11:00:00,2026-04-03,2026,4,3,11,Friday,False
2026-04-03 12:00:00,2026-04-03,2026,4,3,12,Friday,False
2026-04-03 13:00:00,2026-04-03,2026,4,3,13,Friday,False
2026-04-03 14:00:00,2026-04-03,2026,4,3,14,Friday,False
2026-04-03 15:00:00,2026-04-03,2026,4,3,15,Friday,False
2026-04-03 16:00:00,2026-04-03,2026,4,3,16,Friday,False
2026-04-03 17:00:00,2026-04-03,2026,4,3,17,Friday,False
2026-04-03 18:00:00,2026-04-03,2026,4,3,18,Friday,False
2026-04-03 19:00:00,2026-04-03,2026,4,3,19,Friday,False
2026-04-03 20:00:00,2026-04-03,2026,4,3,20,Friday,False
2026-04-03 21:00:00,2026-04-03,2026,4,3,21,Friday,False
2026-04-03 22:00:00,2026-04-03,2026,4,3,22,Friday,False
2026-04-03 23:00:00,2026-04-03,2026,4,3,23,Friday,False
2026-04-04 00:00:00,2026-04-04,2026,4,4,0,Saturday,True
2026-04-04 01:00:00,2026-04-04,2026,4,4,1,Saturday,True
2026-04-04 02:00:00,2026-04-04,2026,4,4,2,Saturday,True
2026-04-04 03:00:00,2026-04-04,2026,4,4,3,Saturday,True
2026-04-04 04:00:00,2026-04-04,2026,4,4,4,Saturday,True
2026-04-04 05:00:00,2026-04-04,2026,4,4,5,Saturday,True
2026-04-04 06:00:00,2026-04-04,2026,4,4,6,Saturday,True
2026-04-04 07:00:00,2026-04-04,2026,4,4,7,Saturday,True
2026-04-04 08:00:00,2026-04-04,2026,4,4,8,Saturday,True
2026-04-04 09:00:00,2026-04-04,2026,4,4,9,Saturday,True
2026-04-04 10:00:00,2026-04-04,2026,4,4,10,Saturday,True
2026-04-04 11:00:00,2026-04-04,2026,4,4,11,Saturday,True
2026-04-04 12:00:00,2026-04-04,2026,4,4,12,Saturday,True
2026-04-04 13:00:00,2026-04-04,2026,4,4,13,Saturday,True
2026-04-04 14:00:00,2026-04-04,2026,4,4,14,Saturday,True
2026-04-04 15:00:00,2026-04-04,2026,4,4,15,Saturday,True
2026-04-04 16:00:00,2026-04-04,2026,4,4,16,Saturday,True
2026-04-04 17:00:00,2026-04-04,2026,4,4,17,Saturday,True
2026-04-04 18:00:00,2026-04-04,2026,4,4,18,Saturday,True
2026-04-04 19:00:00,2026-04-04,2026,4,4,19,Saturday,True
2026-04-04 20:00:00,2026-04-04,2026,4,4,20,Saturday,True
2026-04-04 21:00:00,2026-04-04,2026,4,4,21,Saturday,True
2026-04-04 22:00:00,2026-04-04,2026,4,4,22,Saturday,True
2026-04-04 23:00:00,2026-04-04,2026,4,4,23,Saturday,True
2026-04-05 00:00:00,2026-04-05,2026,4,5,0,Sunday,True
2026-04-05 01:00:00,2026-04-05,2026,4,5,1,Sunday,True
2026-04-05 02:00:00,2026-04-05,2026,4,5,2,Sunday,True
2026-04-05 03:00:00,2026-04-05,2026,4,5,3,Sunday,True
2026-04-05 04:00:00,2026-04-05,2026,4,5,4,Sunday,True
2026-04-05 05:00:00,2026-04-05,2026,4,5,5,Sunday,True
2026-04-05 06:00:00,2026-04-05,2026,4,5,6,Sunday,True
2026-04-05 07:00:00,2026-04-05,2026,4,5,7,Sunday,True
2026-04-05 08:00:00,2026-04-05,2026,4,5,8,Sunday,True
2026-04-05 09:00:00,2026-04-05,2026,4,5,9,Sunday,True
2026-04-05 10:00:00,2026-04-05,2026,4,5,10,Sunday,True
2026-04-05 11:00:00,2026-04-05,2026,4,5,11,Sunday,True
2026-04-05 12:00:00,2026-04-05,2026,4,5,12,Sunday,True
2026-04-05 13:00:00,2026-04-05,2026,4,5,13,Sunday,True
2026-04-05 14:00:00,2026-04-05,2026,4,5,14,Sunday,True
2026-04-05 15:00:00,2026-04-05,2026,4,5,15,Sunday,True
2026-04-05 16:00:00,2026-04-05,2026,4,5,16,Sunday,True
2026-04-05 17:00:00,2026-04-05,2026,4,5,17,Sunday,True
2026-04-05 18:00:00,2026-04-05,2026,4,5,18,Sunday,True
2026-04-05 19:00:00,2026-04-05,2026,4,5,19,Sunday,True
2026-04-05 20:00:00,2026-04-05,2026,4,5,20,Sunday,True
2026-04-05 21:00:00,2026-04-05,2026,4,5,21,Sunday,True
2026-04-05 22:00:00,2026-04-05,2026,4,5,22,Sunday,True
2026-04-05 23:00:00,2026-04-05,2026,4,5,23,Sunday,True
2026-04-06 00:00:00,2026-04-06,2026,4,6,0,Monday,False
2026-04-06 01:00:00,2026-04-06,2026,4,6,1,Monday,False
2026-04-06 02:00:00,2026-04-06,2026,4,6,2,Monday,False
2026-04-06 03:00:00,2026-04-06,2026,4,6,3,Monday,False
2026-04-06 04:00:00,2026-04-06,2026,4,6,4,Monday,False
2026-04-06 05:00:00,2026-04-06,2026,4,6,5,Monday,False
2026-04-06 06:00:00,2026-04-06,2026,4,6,6,Monday,False
2026-04-06 07:00:00,2026-04-06,2026,4,6,7,Monday,False
2026-04-06 08:00:00,2026-04-06,2026,4,6,8,Monday,False
2026-04-06 09:00:00,2026-04-06,2026,4,6,9,Monday,False
2026-04-06 10:00:00,2026-04-06,2026,4,6,10,Monday,False
2026-04-06 11:00:00,2026-04-06,2026,4,6,11,Monday,False
2026-04-06 12:00:00,2026-04-06,2026,4,6,12,Monday,False
2026-04-06 13:00:00,2026-04-06,2026,4,6,13,Monday,False
2026-04-06 14:00:00,2026-04-06,2026,4,6,14,Monday,False
2026-04-06 15:00:00,2026-04-06,2026,4,6,15,Monday,False
2026-04-06 16:00:00,2026-04-06,2026,4,6,16,Monday,False
2026-04-06 17:00:00,2026-04-06,2026,4,6,17,Monday,False
2026-04-06 18:00:00,2026-04-06,2026,4,6,18,Monday,False
2026-04-06 19:00:00,2026-04-06,2026,4,6,19,Monday,False
2026-04-06 20:00:00,2026-04-06,2026,4,6,20,Monday,False
2026-04-06 21:00:00,2026-04-06,2026,4,6,21,Monday,False
2026-04-06 22:00:00,2026-04-06,2026,4,6,22,Monday,False
2026-04-06 23:00:00,2026-04-06,2026,4,6,23,Monday,False
2026-04-07 00:00:00,2026-04-07,2026,4,7,0,Tuesday,False
2026-04-07 01:00:00,2026-04-07,2026,4,7,1,Tuesday,False
2026-04-07 02:00:00,2026-04-07,2026,4,7,2,Tuesday,False
2026-04-07 03:00:00,2026-04-07,2026,4,7,3,Tuesday,False
2026-04-07 04:00:00,2026-04-07,2026,4,7,4,Tuesday,False
2026-04-07 05:00:00,2026-04-07,2026,4,7,5,Tuesday,False
2026-04-07 06:00:00,2026-04-07,2026,4,7,6,Tuesday,False
2026-04-07 07:00:00,2026-04-07,2026,4,7,7,Tuesday,False
2026-04-07 08:00:00,2026-04-07,2026,4,7,8,Tuesday,False
2026-04-07 09:00:00,2026-04-07,2026,4,7,9,Tuesday,False
2026-04-07 10:00:00,2026-04-07,2026,4,7,10,Tuesday,False
2026-04-07 11:00:00,2026-04-07,2026,4,7,11,Tuesday,False
2026-04-07 12:00:00,2026-04-07,2026,4,7,12,Tuesday,False
2026-04-07 13:00:00,2026-04-07,2026,4,7,13,Tuesday,False
2026-04-07 14:00:00,2026-04-07,2026,4,7,14,Tuesday,False
2026-04-07 15:00:00,2026-04-07,2026,4,7,15,Tuesday,False
2026-04-07 16:00:00,2026-04-07,2026,4,7,16,Tuesday,False
2026-04-07 17:00:00,2026-04-07,2026,4,7,17,Tuesday,False
2026-04-07 18:00:00,2026-04-07,2026,4,7,18,Tuesday,False
2026-04-07 19:00:00,2026-04-07,2026,4,7,19,Tuesday,False
2026-04-07 20:00:00,2026-04-07,2026,4,7,20,Tuesday,False
2026-04-07 21:00:00,2026-04-07,2026,4,7,21,Tuesday,False
2026-04-07 22:00:00,2026-04-07,2026,4,7,22,Tuesday,False
2026-04-07 23:00:00,2026-04-07,2026,4,7,23,Tuesday,False
2026-04-08 00:00:00,2026-04-08,2026,4,8,0,Wednesday,False
2026-04-08 01:00:00,2026-04-08,2026,4,8,1,Wednesday,False
2026-04-08 02:00:00,2026-04-08,2026,4,8,2,Wednesday,False
2026-04-08 03:00:00,2026-04-08,2026,4,8,3,Wednesday,False
2026-04-08 04:00:00,2026-04-08,2026,4,8,4,Wednesday,False
2026-04-08 05:00:00,2026-04-08,2026,4,8,5,Wednesday,False
2026-04-08 06:00:00,2026-04-08,2026,4,8,6,Wednesday,False
2026-04-08 07:00:00,2026-04-08,2026,4,8,7,Wednesday,False
2026-04-08 08:00:00,2026-04-08,2026,4,8,8,Wednesday,False
2026-04-08 09:00:00,2026-04-08,2026,4,8,9,Wednesday,False
2026-04-08 10:00:00,2026-04-08,2026,4,8,10,Wednesday,False
2026-04-08 11:00:00,2026-04-08,2026,4,8,11,Wednesday,False
2026-04-08 12:00:00,2026-04-08,2026,4,8,12,Wednesday,False
2026-04-08 13:00:00,2026-04-08,2026,4,8,13,Wednesday,False
2026-04-08 14:00:00,2026-04-08,2026,4,8,14,Wednesday,False
2026-04-08 15:00:00,2026-04-08,2026,4,8,15,Wednesday,False
2026-04-08 16:00:00,2026-04-08,2026,4,8,16,Wednesday,False
2026-04-08 17:00:00,2026-04-08,2026,4,8,17,Wednesday,False
2026-04-08 18:00:00,2026-04-08,2026,4,8,18,Wednesday,False
2026-04-08 19:00:00,2026-04-08,2026,4,8,19,Wednesday,False
2026-04-08 20:00:00,2026-04-08,2026,4,8,20,Wednesday,False
2026-04-08 21:00:00,2026-04-08,2026,4,8,21,Wednesday,False
2026-04-08 22:00:00,2026-04-08,2026,4,8,22,Wednesday,False
2026-04-08 23:00:00,2026-04-08,2026,4,8,23,Wednesday,False
2026-04-09 00:00:00,2026-04-09,2026,4,9,0,Thursday,False
2026-04-09 01:00:00,2026-04-09,2026,4,9,1,Thursday,False
2026-04-09 02:00:00,2026-04-09,2026,4,9,2,Thursday,False
2026-04-09 03:00:00,2026-04-09,2026,4,9,3,Thursday,False
2026-04-09 04:00:00,2026-04-09,2026,4,9,4,Thursday,False
2026-04-09 05:00:00,2026-04-09,2026,4,9,5,Thursday,False
2026-04-09 06:00:00,2026-04-09,2026,4,9,6,Thursday,False
2026-04-09 07:00:00,2026-04-09,2026,4,9,7,Thursday,False
2026-04-09 08:00:00,2026-04-09,2026,4,9,8,Thursday,False
2026-04-09 09:00:00,2026-04-09,2026,4,9,9,Thursday,False
2026-04-09 10:00:00,2026-04-09,2026,4,9,10,Thursday,False
2026-04-09 11:00:00,2026-04-09,2026,4,9,11,Thursday,False
2026-04-09 12:00:00,2026-04-09,2026,4,9,12,Thursday,False
2026-04-09 13:00:00,2026-04-09,2026,4,9,13,Thursday,False
2026-04-09 14:00:00,2026-04-09,2026,4,9,14,Thursday,False
2026-04-09 15:00:00,2026-04-09,2026,4,9,15,Thursday,False
2026-04-09 16:00:00,2026-04-09,2026,4,9,16,Thursday,False
2026-04-09 17:00:00,2026-04-09,2026,4,9,17,Thursday,False
2026-04-09 18:00:00,2026-04-09,2026,4,9,18,Thursday,False
2026-04-09 19:00:00,2026-04-09,2026,4,9,19,Thursday,False
2026-04-09 20:00:00,2026-04-09,2026,4,9,20,Thursday,False
2026-04-09 21:00:00,2026-04-09,2026,4,9,21,Thursday,False
2026-04-09 22:00:00,2026-04-09,2026,4,9,22,Thursday,False
2026-04-09 23:00:00,2026-04-09,2026,4,9,23,Thursday,False
2026-04-10 00:00:00,2026-04-10,2026,4,10,0,Friday,False
2026-04-10 01:00:00,2026-04-10,2026,4,10,1,Friday,False
2026-04-10 02:00:00,2026-04-10,2026,4,10,2,Friday,False
2026-04-10 03:00:00,2026-04-10,2026,4,10,3,Friday,False
2026-04-10 04:00:00,2026-04-10,2026,4,10,4,Friday,False
2026-04-10 05:00:00,2026-04-10,2026,4,10,5,Friday,False
2026-04-10 06:00:00,2026-04-10,2026,4,10,6,Friday,False
2026-04-10 07:00:00,2026-04-10,2026,4,10,7,Friday,False
2026-04-10 08:00:00,2026-04-10,2026,4,10,8,Friday,False
2026-04-10 09:00:00,2026-04-10,2026,4,10,9,Friday,False
2026-04-10 10:00:00,2026-04-10,2026,4,10,10,Friday,False
2026-04-10 11:00:00,2026-04-10,2026,4,10,11,Friday,False
2026-04-10 12:00:00,2026-04-10,2026,4,10,12,Friday,False
2026-04-10 13:00:00,2026-04-10,2026,4,10,13,Friday,False
2026-04-10 14:00:00,2026-04-10,2026,4,10,14,Friday,False
2026-04-10 15:00:00,2026-04-10,2026,4,10,15,Friday,False
2026-04-10 16:00:00,2026-04-10,2026,4,10,16,Friday,False
2026-04-10 17:00:00,2026-04-10,2026,4,10,17,Friday,False
2026-04-10 18:00:00,2026-04-10,2026,4,10,18,Friday,False
2026-04-10 19:00:00,2026-04-10,2026,4,10,19,Friday,False
2026-04-10 20:00:00,2026-04-10,2026,4,10,20,Friday,False
2026-04-10 21:00:00,2026-04-10,2026,4,10,21,Friday,False
2026-04-10 22:00:00,2026-04-10,2026,4,10,22,Friday,False
2026-04-10 23:00:00,2026-04-10,2026,4,10,23,Friday,False
2026-04-11 00:00:00,2026-04-11,2026,4,11,0,Saturday,True
2026-04-11 01:00:00,2026-04-11,2026,4,11,1,Saturday,True
2026-04-11 02:00:00,2026-04-11,2026,4,11,2,Saturday,True
2026-04-11 03:00:00,2026-04-11,2026,4,11,3,Saturday,True
2026-04-11 04:00:00,2026-04-11,2026,4,11,4,Saturday,True
2026-04-11 05:00:00,2026-04-11,2026,4,11,5,Saturday,True
2026-04-11 06:00:00,2026-04-11,2026,4,11,6,Saturday,True
2026-04-11 07:00:00,2026-04-11,2026,4,11,7,Saturday,True
2026-04-11 08:00:00,2026-04-11,2026,4,11,8,Saturday,True
2026-04-11 09:00:00,2026-04-11,2026,4,11,9,Saturday,True
2026-04-11 10:00:00,2026-04-11,2026,4,11,10,Saturday,True
2026-04-11 11:00:00,2026-04-11,2026,4,11,11,Saturday,True
2026-04-11 12:00:00,2026-04-11,2026,4,11,12,Saturday,True
2026-04-11 13:00:00,2026-04-11,2026,4,11,13,Saturday,True
2026-04-11 14:00:00,2026-04-11,2026,4,11,14,Saturday,True
2026-04-11 15:00:00,2026-04-11,2026,4,11,15,Saturday,True
2026-04-11 16:00:00,2026-04-11,2026,4,11,16,Saturday,True
2026-04-11 17:00:00,2026-04-11,2026,4,11,17,Saturday,True
2026-04-11 18:00:00,2026-04-11,2026,4,11,18,Saturday,True
2026-04-11 19:00:00,2026-04-11,2026,4,11,19,Saturday,True
2026-04-11 20:00:00,2026-04-11,2026,4,11,20,Saturday,True
2026-04-11 21:00:00,2026-04-11,2026,4,11,21,Saturday,True
2026-04-11 22:00:00,2026-04-11,2026,4,11,22,Saturday,True
2026-04-11 23:00:00,2026-04-11,2026,4,11,23,Saturday,True
2026-04-12 00:00:00,2026-04-12,2026,4,12,0,Sunday,True
2026-04-12 01:00:00,2026-04-12,2026,4,12,1,Sunday,True
2026-04-12 02:00:00,2026-04-12,2026,4,12,2,Sunday,True
2026-04-12 03:00:00,2026-04-12,2026,4,12,3,Sunday,True
2026-04-12 04:00:00,2026-04-12,2026,4,12,4,Sunday,True
2026-04-12 05:00:00,2026-04-12,2026,4,12,5,Sunday,True
2026-04-12 06:00:00,2026-04-12,2026,4,12,6,Sunday,True
2026-04-12 07:00:00,2026-04-12,2026,4,12,7,Sunday,True
2026-04-12 08:00:00,2026-04-12,2026,4,12,8,Sunday,True
2026-04-12 09:00:00,2026-04-12,2026,4,12,9,Sunday,True
2026-04-12 10:00:00,2026-04-12,2026,4,12,10,Sunday,True
2026-04-12 11:00:00,2026-04-12,2026,4,12,11,Sunday,True
2026-04-12 12:00:00,2026-04-12,2026,4,12,12,Sunday,True
2026-04-12 13:00:00,2026-04-12,2026,4,12,13,Sunday,True
2026-04-12 14:00:00,2026-04-12,2026,4,12,14,Sunday,True
2026-04-12 15:00:00,2026-04-12,2026,4,12,15,Sunday,True
2026-04-12 16:00:00,2026-04-12,2026,4,12,16,Sunday,True
2026-04-12 17:00:00,2026-04-12,2026,4,12,17,Sunday,True
2026-04-12 18:00:00,2026-04-12,2026,4,12,18,Sunday,True
2026-04-12 19:00:00,2026-04-12,2026,4,12,19,Sunday,True
2026-04-12 20:00:00,2026-04-12,2026,4,12,20,Sunday,True
2026-04-12 21:00:00,2026-04-12,2026,4,12,21,Sunday,True
2026-04-12 22:00:00,2026-04-12,2026,4,12,22,Sunday,True
2026-04-12 23:00:00,2026-04-12,2026,4,12,23,Sunday,True
2026-04-13 00:00:00,2026-04-13,2026,4,13,0,Monday,False
2026-04-13 01:00:00,2026-04-13,2026,4,13,1,Monday,False
2026-04-13 02:00:00,2026-04-13,2026,4,13,2,Monday,False
2026-04-13 03:00:00,2026-04-13,2026,4,13,3,Monday,False
2026-04-13 04:00:00,2026-04-13,2026,4,13,4,Monday,False
2026-04-13 05:00:00,2026-04-13,2026,4,13,5,Monday,False
2026-04-13 06:00:00,2026-04-13,2026,4,13,6,Monday,False
2026-04-13 07:00:00,2026-04-13,2026,4,13,7,Monday,False
2026-04-13 08:00:00,2026-04-13,2026,4,13,8,Monday,False
2026-04-13 09:00:00,2026-04-13,2026,4,13,9,Monday,False
2026-04-13 10:00:00,2026-04-13,2026,4,13,10,Monday,False
2026-04-13 11:00:00,2026-04-13,2026,4,13,11,Monday,False
2026-04-13 12:00:00,2026-04-13,2026,4,13,12,Monday,False
2026-04-13 13:00:00,2026-04-13,2026,4,13,13,Monday,False
2026-04-13 14:00:00,2026-04-13,2026,4,13,14,Monday,False
2026-04-13 15:00:00,2026-04-13,2026,4,13,15,Monday,False
2026-04-13 16:00:00,2026-04-13,2026,4,13,16,Monday,False
2026-04-13 17:00:00,2026-04-13,2026,4,13,17,Monday,False
2026-04-13 18:00:00,2026-04-13,2026,4,13,18,Monday,False
2026-04-13 19:00:00,2026-04-13,2026,4,13,19,Monday,False
2026-04-13 20:00:00,2026-04-13,2026,4,13,20,Monday,False
2026-04-13 21:00:00,2026-04-13,2026,4,13,21,Monday,False
2026-04-13 22:00:00,2026-04-13,2026,4,13,22,Monday,False
2026-04-13 23:00:00,2026-04-13,2026,4,13,23,Monday,False
2026-04-14 00:00:00,2026-04-14,2026,4,14,0,Tuesday,False
2026-04-14 01:00:00,2026-04-14,2026,4,14,1,Tuesday,False
2026-04-14 02:00:00,2026-04-14,2026,4,14,2,Tuesday,False
2026-04-14 03:00:00,2026-04-14,2026,4,14,3,Tuesday,False
2026-04-14 04:00:00,2026-04-14,2026,4,14,4,Tuesday,False
2026-04-14 05:00:00,2026-04-14,2026,4,14,5,Tuesday,False
2026-04-14 06:00:00,2026-04-14,2026,4,14,6,Tuesday,False
2026-04-14 07:00:00,2026-04-14,2026,4,14,7,Tuesday,False
2026-04-14 08:00:00,2026-04-14,2026,4,14,8,Tuesday,False
2026-04-14 09:00:00,2026-04-14,2026,4,14,9,Tuesday,False
2026-04-14 10:00:00,2026-04-14,2026,4,14,10,Tuesday,False
2026-04-14 11:00:00,2026-04-14,2026,4,14,11,Tuesday,False
2026-04-14 12:00:00,2026-04-14,2026,4,14,12,Tuesday,False
2026-04-14 13:00:00,2026-04-14,2026,4,14,13,Tuesday,False
2026-04-14 14:00:00,2026-04-14,2026,4,14,14,Tuesday,False
2026-04-14 15:00:00,2026-04-14,2026,4,14,15,Tuesday,False
2026-04-14 16:00:00,2026-04-14,2026,4,14,16,Tuesday,False
2026-04-14 17:00:00,2026-04-14,2026,4,14,17,Tuesday,False
2026-04-14 18:00:00,2026-04-14,2026,4,14,18,Tuesday,False
2026-04-14 19:00:00,2026-04-14,2026,4,14,19,Tuesday,False
2026-04-14 20:00:00,2026-04-14,2026,4,14,20,Tuesday,False
2026-04-14 21:00:00,2026-04-14,2026,4,14,21,Tuesday,False
2026-04-14 22:00:00,2026-04-14,2026,4,14,22,Tuesday,False
2026-04-14 23:00:00,2026-04-14,2026,4,14,23,Tuesday,False
2026-04-15 00:00:00,2026-04-15,2026,4,15,0,Wednesday,False
2026-04-15 01:00:00,2026-04-15,2026,4,15,1,Wednesday,False
2026-04-15 02:00:00,2026-04-15,2026,4,15,2,Wednesday,False
2026-04-15 03:00:00,2026-04-15,2026,4,15,3,Wednesday,False
2026-04-15 04:00:00,2026-04-15,2026,4,15,4,Wednesday,False
2026-04-15 05:00:00,2026-04-15,2026,4,15,5,Wednesday,False
2026-04-15 06:00:00,2026-04-15,2026,4,15,6,Wednesday,False
2026-04-15 07:00:00,2026-04-15,2026,4,15,7,Wednesday,False
2026-04-15 08:00:00,2026-04-15,2026,4,15,8,Wednesday,False
2026-04-15 09:00:00,2026-04-15,2026,4,15,9,Wednesday,False
2026-04-15 10:00:00,2026-04-15,2026,4,15,10,Wednesday,False
2026-04-15 11:00:00,2026-04-15,2026,4,15,11,Wednesday,False
2026-04-15 12:00:00,2026-04-15,2026,4,15,12,Wednesday,False
2026-04-15 13:00:00,2026-04-15,2026,4,15,13,Wednesday,False
2026-04-15 14:00:00,2026-04-15,2026,4,15,14,Wednesday,False
2026-04-15 15:00:00,2026-04-15,2026,4,15,15,Wednesday,False
2026-04-15 16:00:00,2026-04-15,2026,4,15,16,Wednesday,False
2026-04-15 17:00:00,2026-04-15,2026,4,15,17,Wednesday,False
2026-04-15 18:00:00,2026-04-15,2026,4,15,18,Wednesday,False
2026-04-15 19:00:00,2026-04-15,2026,4,15,19,Wednesday,False
2026-04-15 20:00:00,2026-04-15,2026,4,15,20,Wednesday,False
2026-04-15 21:00:00,2026-04-15,2026,4,15,21,Wednesday,False
2026-04-15 22:00:00,2026-04-15,2026,4,15,22,Wednesday,False
2026-04-15 23:00:00,2026-04-15,2026,4,15,23,Wednesday,False
2026-04-16 00:00:00,2026-04-16,2026,4,16,0,Thursday,False
2026-04-16 01:00:00,2026-04-16,2026,4,16,1,Thursday,False
2026-04-16 02:00:00,2026-04-16,2026,4,16,2,Thursday,False
2026-04-16 03:00:00,2026-04-16,2026,4,16,3,Thursday,False
2026-04-16 04:00:00,2026-04-16,2026,4,16,4,Thursday,False
2026-04-16 05:00:00,2026-04-16,2026,4,16,5,Thursday,False
2026-04-16 06:00:00,2026-04-16,2026,4,16,6,Thursday,False
2026-04-16 07:00:00,2026-04-16,2026,4,16,7,Thursday,False
2026-04-16 08:00:00,2026-04-16,2026,4,16,8,Thursday,False
2026-04-16 09:00:00,2026-04-16,2026,4,16,9,Thursday,False
2026-04-16 10:00:00,2026-04-16,2026,4,16,10,Thursday,False
2026-04-16 11:00:00,2026-04-16,2026,4,16,11,Thursday,False
2026-04-16 12:00:00,2026-04-16,2026,4,16,12,Thursday,False
2026-04-16 13:00:00,2026-04-16,2026,4,16,13,Thursday,False
2026-04-16 14:00:00,2026-04-16,2026,4,16,14,Thursday,False
2026-04-16 15:00:00,2026-04-16,2026,4,16,15,Thursday,False
2026-04-16 16:00:00,2026-04-16,2026,4,16,16,Thursday,False
2026-04-16 17:00:00,2026-04-16,2026,4,16,17,Thursday,False
2026-04-16 18:00:00,2026-04-16,2026,4,16,18,Thursday,False
2026-04-16 19:00:00,2026-04-16,2026,4,16,19,Thursday,False
2026-04-16 20:00:00,2026-04-16,2026,4,16,20,Thursday,False
2026-04-16 21:00:00,2026-04-16,2026,4,16,21,Thursday,False
2026-04-16 22:00:00,2026-04-16,2026,4,16,22,Thursday,False
2026-04-16 23:00:00,2026-04-16,2026,4,16,23,Thursday,False
2026-04-17 00:00:00,2026-04-17,2026,4,17,0,Friday,False
2026-04-17 01:00:00,2026-04-17,2026,4,17,1,Friday,False
2026-04-17 02:00:00,2026-04-17,2026,4,17,2,Friday,False
2026-04-17 03:00:00,2026-04-17,2026,4,17,3,Friday,False
2026-04-17 04:00:00,2026-04-17,2026,4,17,4,Friday,False
2026-04-17 05:00:00,2026-04-17,2026,4,17,5,Friday,False
2026-04-17 06:00:00,2026-04-17,2026,4,17,6,Friday,False
2026-04-17 07:00:00,2026-04-17,2026,4,17,7,Friday,False
2026-04-17 08:00:00,2026-04-17,2026,4,17,8,Friday,False
2026-04-17 09:00:00,2026-04-17,2026,4,17,9,Friday,False
2026-04-17 10:00:00,2026-04-17,2026,4,17,10,Friday,False
2026-04-17 11:00:00,2026-04-17,2026,4,17,11,Friday,False
2026-04-17 12:00:00,2026-04-17,2026,4,17,12,Friday,False
2026-04-17 13:00:00,2026-04-17,2026,4,17,13,Friday,False
2026-04-17 14:00:00,2026-04-17,2026,4,17,14,Friday,False
2026-04-17 15:00:00,2026-04-17,2026,4,17,15,Friday,False
2026-04-17 16:00:00,2026-04-17,2026,4,17,16,Friday,False
2026-04-17 17:00:00,2026-04-17,2026,4,17,17,Friday,False
2026-04-17 18:00:00,2026-04-17,2026,4,17,18,Friday,False
2026-04-17 19:00:00,2026-04-17,2026,4,17,19,Friday,False
2026-04-17 20:00:00,2026-04-17,2026,4,17,20,Friday,False
2026-04-17 21:00:00,2026-04-17,2026,4,17,21,Friday,False
2026-04-17 22:00:00,2026-04-17,2026,4,17,22,Friday,False
2026-04-17 23:00:00,2026-04-17,2026,4,17,23,Friday,False
2026-04-18 00:00:00,2026-04-18,2026,4,18,0,Saturday,True
2026-04-18 01:00:00,2026-04-18,2026,4,18,1,Saturday,True
2026-04-18 02:00:00,2026-04-18,2026,4,18,2,Saturday,True
2026-04-18 03:00:00,2026-04-18,2026,4,18,3,Saturday,True
2026-04-18 04:00:00,2026-04-18,2026,4,18,4,Saturday,True
2026-04-18 05:00:00,2026-04-18,2026,4,18,5,Saturday,True
2026-04-18 06:00:00,2026-04-18,2026,4,18,6,Saturday,True
2026-04-18 07:00:00,2026-04-18,2026,4,18,7,Saturday,True
2026-04-18 08:00:00,2026-04-18,2026,4,18,8,Saturday,True
2026-04-18 09:00:00,2026-04-18,2026,4,18,9,Saturday,True
2026-04-18 10:00:00,2026-04-18,2026,4,18,10,Saturday,True
2026-04-18 11:00:00,2026-04-18,2026,4,18,11,Saturday,True
2026-04-18 12:00:00,2026-04-18,2026,4,18,12,Saturday,True
2026-04-18 13:00:00,2026-04-18,2026,4,18,13,Saturday,True
2026-04-18 14:00:00,2026-04-18,2026,4,18,14,Saturday,True
2026-04-18 15:00:00,2026-04-18,2026,4,18,15,Saturday,True
2026-04-18 16:00:00,2026-04-18,2026,4,18,16,Saturday,True
2026-04-18 17:00:00,2026-04-18,2026,4,18,17,Saturday,True
2026-04-18 18:00:00,2026-04-18,2026,4,18,18,Saturday,True
2026-04-18 19:00:00,2026-04-18,2026,4,18,19,Saturday,True
2026-04-18 20:00:00,2026-04-18,2026,4,18,20,Saturday,True
2026-04-18 21:00:00,2026-04-18,2026,4,18,21,Saturday,True
2026-04-18 22:00:00,2026-04-18,2026,4,18,22,Saturday,True
2026-04-18 23:00:00,2026-04-18,2026,4,18,23,Saturday,True
2026-04-19 00:00:00,2026-04-19,2026,4,19,0,Sunday,True
2026-04-19 01:00:00,2026-04-19,2026,4,19,1,Sunday,True
2026-04-19 02:00:00,2026-04-19,2026,4,19,2,Sunday,True
2026-04-19 03:00:00,2026-04-19,2026,4,19,3,Sunday,True
2026-04-19 04:00:00,2026-04-19,2026,4,19,4,Sunday,True
2026-04-19 05:00:00,2026-04-19,2026,4,19,5,Sunday,True
2026-04-19 06:00:00,2026-04-19,2026,4,19,6,Sunday,True
2026-04-19 07:00:00,2026-04-19,2026,4,19,7,Sunday,True
2026-04-19 08:00:00,2026-04-19,2026,4,19,8,Sunday,True
2026-04-19 09:00:00,2026-04-19,2026,4,19,9,Sunday,True
2026-04-19 10:00:00,2026-04-19,2026,4,19,10,Sunday,True
2026-04-19 11:00:00,2026-04-19,2026,4,19,11,Sunday,True
2026-04-19 12:00:00,2026-04-19,2026,4,19,12,Sunday,True
2026-04-19 13:00:00,2026-04-19,2026,4,19,13,Sunday,True
2026-04-19 14:00:00,2026-04-19,2026,4,19,14,Sunday,True
2026-04-19 15:00:00,2026-04-19,2026,4,19,15,Sunday,True
2026-04-19 16:00:00,2026-04-19,2026,4,19,16,Sunday,True
2026-04-19 17:00:00,2026-04-19,2026,4,19,17,Sunday,True
2026-04-19 18:00:00,2026-04-19,2026,4,19,18,Sunday,True
2026-04-19 19:00:00,2026-04-19,2026,4,19,19,Sunday,True
2026-04-19 20:00:00,2026-04-19,2026,4,19,20,Sunday,True
2026-04-19 21:00:00,2026-04-19,2026,4,19,21,Sunday,True
2026-04-19 22:00:00,2026-04-19,2026,4,19,22,Sunday,True
2026-04-19 23:00:00,2026-04-19,2026,4,19,23,Sunday,True
2026-04-20 00:00:00,2026-04-20,2026,4,20,0,Monday,False
2026-04-20 01:00:00,2026-04-20,2026,4,20,1,Monday,False
2026-04-20 02:00:00,2026-04-20,2026,4,20,2,Monday,False
2026-04-20 03:00:00,2026-04-20,2026,4,20,3,Monday,False
2026-04-20 04:00:00,2026-04-20,2026,4,20,4,Monday,False
2026-04-20 05:00:00,2026-04-20,2026,4,20,5,Monday,False
2026-04-20 06:00:00,2026-04-20,2026,4,20,6,Monday,False
2026-04-20 07:00:00,2026-04-20,2026,4,20,7,Monday,False
2026-04-20 08:00:00,2026-04-20,2026,4,20,8,Monday,False
2026-04-20 09:00:00,2026-04-20,2026,4,20,9,Monday,False
2026-04-20 10:00:00,2026-04-20,2026,4,20,10,Monday,False
2026-04-20 11:00:00,2026-04-20,2026,4,20,11,Monday,False
2026-04-20 12:00:00,2026-04-20,2026,4,20,12,Monday,False
2026-04-20 13:00:00,2026-04-20,2026,4,20,13,Monday,False
2026-04-20 14:00:00,2026-04-20,2026,4,20,14,Monday,False
2026-04-20 15:00:00,2026-04-20,2026,4,20,15,Monday,False
2026-04-20 16:00:00,2026-04-20,2026,4,20,16,Monday,False
2026-04-20 17:00:00,2026-04-20,2026,4,20,17,Monday,False
2026-04-20 18:00:00,2026-04-20,2026,4,20,18,Monday,False
2026-04-20 19:00:00,2026-04-20,2026,4,20,19,Monday,False
2026-04-20 20:00:00,2026-04-20,2026,4,20,20,Monday,False
2026-04-20 21:00:00,2026-04-20,2026,4,20,21,Monday,False
2026-04-20 22:00:00,2026-04-20,2026,4,20,22,Monday,False
2026-04-20 23:00:00,2026-04-20,2026,4,20,23,Monday,False
2026-04-21 00:00:00,2026-04-21,2026,4,21,0,Tuesday,False
2026-04-21 01:00:00,2026-04-21,2026,4,21,1,Tuesday,False
2026-04-21 02:00:00,2026-04-21,2026,4,21,2,Tuesday,False
2026-04-21 03:00:00,2026-04-21,2026,4,21,3,Tuesday,False
2026-04-21 04:00:00,2026-04-21,2026,4,21,4,Tuesday,False
2026-04-21 05:00:00,2026-04-21,2026,4,21,5,Tuesday,False
2026-04-21 06:00:00,2026-04-21,2026,4,21,6,Tuesday,False
2026-04-21 07:00:00,2026-04-21,2026,4,21,7,Tuesday,False
2026-04-21 08:00:00,2026-04-21,2026,4,21,8,Tuesday,False
2026-04-21 09:00:00,2026-04-21,2026,4,21,9,Tuesday,False
2026-04-21 10:00:00,2026-04-21,2026,4,21,10,Tuesday,False
2026-04-21 11:00:00,2026-04-21,2026,4,21,11,Tuesday,False
2026-04-21 12:00:00,2026-04-21,2026,4,21,12,Tuesday,False
2026-04-21 13:00:00,2026-04-21,2026,4,21,13,Tuesday,False
2026-04-21 14:00:00,2026-04-21,2026,4,21,14,Tuesday,False
2026-04-21 15:00:00,2026-04-21,2026,4,21,15,Tuesday,False
2026-04-21 16:00:00,2026-04-21,2026,4,21,16,Tuesday,False
2026-04-21 17:00:00,2026-04-21,2026,4,21,17,Tuesday,False
2026-04-21 18:00:00,2026-04-21,2026,4,21,18,Tuesday,False
2026-04-21 19:00:00,2026-04-21,2026,4,21,19,Tuesday,False
2026-04-21 20:00:00,2026-04-21,2026,4,21,20,Tuesday,False
2026-04-21 21:00:00,2026-04-21,2026,4,21,21,Tuesday,False
2026-04-21 22:00:00,2026-04-21,2026,4,21,22,Tuesday,False
2026-04-21 23:00:00,2026-04-21,2026,4,21,23,Tuesday,False
2026-04-22 00:00:00,2026-04-22,2026,4,22,0,Wednesday,False
2026-04-22 01:00:00,2026-04-22,2026,4,22,1,Wednesday,False
2026-04-22 02:00:00,2026-04-22,2026,4,22,2,Wednesday,False
2026-04-22 03:00:00,2026-04-22,2026,4,22,3,Wednesday,False
2026-04-22 04:00:00,2026-04-22,2026,4,22,4,Wednesday,False
2026-04-22 05:00:00,2026-04-22,2026,4,22,5,Wednesday,False
2026-04-22 06:00:00,2026-04-22,2026,4,22,6,Wednesday,False
2026-04-22 07:00:00,2026-04-22,2026,4,22,7,Wednesday,False
2026-04-22 08:00:00,2026-04-22,2026,4,22,8,Wednesday,False
2026-04-22 09:00:00,2026-04-22,2026,4,22,9,Wednesday,False
2026-04-22 10:00:00,2026-04-22,2026,4,22,10,Wednesday,False
2026-04-22 11:00:00,2026-04-22,2026,4,22,11,Wednesday,False
2026-04-22 12:00:00,2026-04-22,2026,4,22,12,Wednesday,False
2026-04-22 13:00:00,2026-04-22,2026,4,22,13,Wednesday,False
2026-04-22 14:00:00,2026-04-22,2026,4,22,14,Wednesday,False
2026-04-22 15:00:00,2026-04-22,2026,4,22,15,Wednesday,False
2026-04-22 16:00:00,2026-04-22,2026,4,22,16,Wednesday,False
2026-04-22 17:00:00,2026-04-22,2026,4,22,17,Wednesday,False
2026-04-22 18:00:00,2026-04-22,2026,4,22,18,Wednesday,False
2026-04-22 19:00:00,2026-04-22,2026,4,22,19,Wednesday,False
2026-04-22 20:00:00,2026-04-22,2026,4,22,20,Wednesday,False
2026-04-22 21:00:00,2026-04-22,2026,4,22,21,Wednesday,False
2026-04-22 22:00:00,2026-04-22,2026,4,22,22,Wednesday,False
2026-04-22 23:00:00,2026-04-22,2026,4,22,23,Wednesday,False
2026-04-23 00:00:00,2026-04-23,2026,4,23,0,Thursday,False
2026-04-23 01:00:00,2026-04-23,2026,4,23,1,Thursday,False
2026-04-23 02:00:00,2026-04-23,2026,4,23,2,Thursday,False
2026-04-23 03:00:00,2026-04-23,2026,4,23,3,Thursday,False
2026-04-23 04:00:00,2026-04-23,2026,4,23,4,Thursday,False
2026-04-23 05:00:00,2026-04-23,2026,4,23,5,Thursday,False
2026-04-23 06:00:00,2026-04-23,2026,4,23,6,Thursday,False
2026-04-23 07:00:00,2026-04-23,2026,4,23,7,Thursday,False
2026-04-23 08:00:00,2026-04-23,2026,4,23,8,Thursday,False
2026-04-23 09:00:00,2026-04-23,2026,4,23,9,Thursday,False
2026-04-23 10:00:00,2026-04-23,2026,4,23,10,Thursday,False
2026-04-23 11:00:00,2026-04-23,2026,4,23,11,Thursday,False
2026-04-23 12:00:00,2026-04-23,2026,4,23,12,Thursday,False
2026-04-23 13:00:00,2026-04-23,2026,4,23,13,Thursday,False
2026-04-23 14:00:00,2026-04-23,2026,4,23,14,Thursday,False
2026-04-23 15:00:00,2026-04-23,2026,4,23,15,Thursday,False
2026-04-23 16:00:00,2026-04-23,2026,4,23,16,Thursday,False
2026-04-23 17:00:00,2026-04-23,2026,4,23,17,Thursday,False
2026-04-23 18:00:00,2026-04-23,2026,4,23,18,Thursday,False
2026-04-23 19:00:00,2026-04-23,2026,4,23,19,Thursday,False
2026-04-23 20:00:00,2026-04-23,2026,4,23,20,Thursday,False
2026-04-23 21:00:00,2026-04-23,2026,4,23,21,Thursday,False
2026-04-23 22:00:00,2026-04-23,2026,4,23,22,Thursday,False
2026-04-23 23:00:00,2026-04-23,2026,4,23,23,Thursday,False
2026-04-24 00:00:00,2026-04-24,2026,4,24,0,Friday,False
2026-04-24 01:00:00,2026-04-24,2026,4,24,1,Friday,False
2026-04-24 02:00:00,2026-04-24,2026,4,24,2,Friday,False
2026-04-24 03:00:00,2026-04-24,2026,4,24,3,Friday,False
2026-04-24 04:00:00,2026-04-24,2026,4,24,4,Friday,False
2026-04-24 05:00:00,2026-04-24,2026,4,24,5,Friday,False
2026-04-24 06:00:00,2026-04-24,2026,4,24,6,Friday,False
2026-04-24 07:00:00,2026-04-24,2026,4,24,7,Friday,False
2026-04-24 08:00:00,2026-04-24,2026,4,24,8,Friday,False
2026-04-24 09:00:00,2026-04-24,2026,4,24,9,Friday,False
2026-04-24 10:00:00,2026-04-24,2026,4,24,10,Friday,False
2026-04-24 11:00:00,2026-04-24,2026,4,24,11,Friday,False
2026-04-24 12:00:00,2026-04-24,2026,4,24,12,Friday,False
2026-04-24 13:00:00,2026-04-24,2026,4,24,13,Friday,False
2026-04-24 14:00:00,2026-04-24,2026,4,24,14,Friday,False
2026-04-24 15:00:00,2026-04-24,2026,4,24,15,Friday,False
2026-04-24 16:00:00,2026-04-24,2026,4,24,16,Friday,False
2026-04-24 17:00:00,2026-04-24,2026,4,24,17,Friday,False
2026-04-24 18:00:00,2026-04-24,2026,4,24,18,Friday,False
2026-04-24 19:00:00,2026-04-24,2026,4,24,19,Friday,False
2026-04-24 20:00:00,2026-04-24,2026,4,24,20,Friday,False
2026-04-24 21:00:00,2026-04-24,2026,4,24,21,Friday,False
2026-04-24 22:00:00,2026-04-24,2026,4,24,22,Friday,False
2026-04-24 23:00:00,2026-04-24,2026,4,24,23,Friday,False
2026-04-25 00:00:00,2026-04-25,2026,4,25,0,Saturday,True
2026-04-25 01:00:00,2026-04-25,2026,4,25,1,Saturday,True
2026-04-25 02:00:00,2026-04-25,2026,4,25,2,Saturday,True
2026-04-25 03:00:00,2026-04-25,2026,4,25,3,Saturday,True
2026-04-25 04:00:00,2026-04-25,2026,4,25,4,Saturday,True
2026-04-25 05:00:00,2026-04-25,2026,4,25,5,Saturday,True
2026-04-25 06:00:00,2026-04-25,2026,4,25,6,Saturday,True
2026-04-25 07:00:00,2026-04-25,2026,4,25,7,Saturday,True
2026-04-25 08:00:00,2026-04-25,2026,4,25,8,Saturday,True
2026-04-25 09:00:00,2026-04-25,2026,4,25,9,Saturday,True
2026-04-25 10:00:00,2026-04-25,2026,4,25,10,Saturday,True
2026-04-25 11:00:00,2026-04-25,2026,4,25,11,Saturday,True
2026-04-25 12:00:00,2026-04-25,2026,4,25,12,Saturday,True
2026-04-25 13:00:00,2026-04-25,2026,4,25,13,Saturday,True
2026-04-25 14:00:00,2026-04-25,2026,4,25,14,Saturday,True
2026-04-25 15:00:00,2026-04-25,2026,4,25,15,Saturday,True
2026-04-25 16:00:00,2026-04-25,2026,4,25,16,Saturday,True
2026-04-25 17:00:00,2026-04-25,2026,4,25,17,Saturday,True
2026-04-25 18:00:00,2026-04-25,2026,4,25,18,Saturday,True
2026-04-25 19:00:00,2026-04-25,2026,4,25,19,Saturday,True
2026-04-25 20:00:00,2026-04-25,2026,4,25,20,Saturday,True
2026-04-25 21:00:00,2026-04-25,2026,4,25,21,Saturday,True
2026-04-25 22:00:00,2026-04-25,2026,4,25,22,Saturday,True
2026-04-25 23:00:00,2026-04-25,2026,4,25,23,Saturday,True
2026-04-26 00:00:00,2026-04-26,2026,4,26,0,Sunday,True
2026-04-26 01:00:00,2026-04-26,2026,4,26,1,Sunday,True
2026-04-26 02:00:00,2026-04-26,2026,4,26,2,Sunday,True
2026-04-26 03:00:00,2026-04-26,2026,4,26,3,Sunday,True
2026-04-26 04:00:00,2026-04-26,2026,4,26,4,Sunday,True
2026-04-26 05:00:00,2026-04-26,2026,4,26,5,Sunday,True
2026-04-26 06:00:00,2026-04-26,2026,4,26,6,Sunday,True
2026-04-26 07:00:00,2026-04-26,2026,4,26,7,Sunday,True
2026-04-26 08:00:00,2026-04-26,2026,4,26,8,Sunday,True
2026-04-26 09:00:00,2026-04-26,2026,4,26,9,Sunday,True
2026-04-26 10:00:00,2026-04-26,2026,4,26,10,Sunday,True
2026-04-26 11:00:00,2026-04-26,2026,4,26,11,Sunday,True
2026-04-26 12:00:00,2026-04-26,2026,4,26,12,Sunday,True
2026-04-26 13:00:00,2026-04-26,2026,4,26,13,Sunday,True
2026-04-26 14:00:00,2026-04-26,2026,4,26,14,Sunday,True
2026-04-26 15:00:00,2026-04-26,2026,4,26,15,Sunday,True
2026-04-26 16:00:00,2026-04-26,2026,4,26,16,Sunday,True
2026-04-26 17:00:00,2026-04-26,2026,4,26,17,Sunday,True
2026-04-26 18:00:00,2026-04-26,2026,4,26,18,Sunday,True
2026-04-26 19:00:00,2026-04-26,2026,4,26,19,Sunday,True
2026-04-26 20:00:00,2026-04-26,2026,4,26,20,Sunday,True
2026-04-26 21:00:00,2026-04-26,2026,4,26,21,Sunday,True
2026-04-26 22:00:00,2026-04-26,2026,4,26,22,Sunday,True
2026-04-26 23:00:00,2026-04-26,2026,4,26,23,Sunday,True
2026-04-27 00:00:00,2026-04-27,2026,4,27,0,Monday,False
2026-04-27 01:00:00,2026-04-27,2026,4,27,1,Monday,False
2026-04-27 02:00:00,2026-04-27,2026,4,27,2,Monday,False
2026-04-27 03:00:00,2026-04-27,2026,4,27,3,Monday,False
2026-04-27 04:00:00,2026-04-27,2026,4,27,4,Monday,False
2026-04-27 05:00:00,2026-04-27,2026,4,27,5,Monday,False
2026-04-27 06:00:00,2026-04-27,2026,4,27,6,Monday,False
2026-04-27 07:00:00,2026-04-27,2026,4,27,7,Monday,False
2026-04-27 08:00:00,2026-04-27,2026,4,27,8,Monday,False
2026-04-27 09:00:00,2026-04-27,2026,4,27,9,Monday,False
2026-04-27 10:00:00,2026-04-27,2026,4,27,10,Monday,False
2026-04-27 11:00:00,2026-04-27,2026,4,27,11,Monday,False
2026-04-27 12:00:00,2026-04-27,2026,4,27,12,Monday,False
2026-04-27 13:00:00,2026-04-27,2026,4,27,13,Monday,False
2026-04-27 14:00:00,2026-04-27,2026,4,27,14,Monday,False
2026-04-27 15:00:00,2026-04-27,2026,4,27,15,Monday,False
2026-04-27 16:00:00,2026-04-27,2026,4,27,16,Monday,False
2026-04-27 17:00:00,2026-04-27,2026,4,27,17,Monday,False
2026-04-27 18:00:00,2026-04-27,2026,4,27,18,Monday,False
2026-04-27 19:00:00,2026-04-27,2026,4,27,19,Monday,False
2026-04-27 20:00:00,2026-04-27,2026,4,27,20,Monday,False
2026-04-27 21:00:00,2026-04-27,2026,4,27,21,Monday,False
2026-04-27 22:00:00,2026-04-27,2026,4,27,22,Monday,False
2026-04-27 23:00:00,2026-04-27,2026,4,27,23,Monday,False
2026-04-28 00:00:00,2026-04-28,2026,4,28,0,Tuesday,False
2026-04-28 01:00:00,2026-04-28,2026,4,28,1,Tuesday,False
2026-04-28 02:00:00,2026-04-28,2026,4,28,2,Tuesday,False
2026-04-28 03:00:00,2026-04-28,2026,4,28,3,Tuesday,False
2026-04-28 04:00:00,2026-04-28,2026,4,28,4,Tuesday,False
2026-04-28 05:00:00,2026-04-28,2026,4,28,5,Tuesday,False
2026-04-28 06:00:00,2026-04-28,2026,4,28,6,Tuesday,False
2026-04-28 07:00:00,2026-04-28,2026,4,28,7,Tuesday,False
2026-04-28 08:00:00,2026-04-28,2026,4,28,8,Tuesday,False
2026-04-28 09:00:00,2026-04-28,2026,4,28,9,Tuesday,False
2026-04-28 10:00:00,2026-04-28,2026,4,28,10,Tuesday,False
2026-04-28 11:00:00,2026-04-28,2026,4,28,11,Tuesday,False
2026-04-28 12:00:00,2026-04-28,2026,4,28,12,Tuesday,False
2026-04-28 13:00:00,2026-04-28,2026,4,28,13,Tuesday,False
2026-04-28 14:00:00,2026-04-28,2026,4,28,14,Tuesday,False
2026-04-28 15:00:00,2026-04-28,2026,4,28,15,Tuesday,False
2026-04-28 16:00:00,2026-04-28,2026,4,28,16,Tuesday,False
2026-04-28 17:00:00,2026-04-28,2026,4,28,17,Tuesday,False
2026-04-28 18:00:00,2026-04-28,2026,4,28,18,Tuesday,False
2026-04-28 19:00:00,2026-04-28,2026,4,28,19,Tuesday,False
2026-04-28 20:00:00,2026-04-28,2026,4,28,20,Tuesday,False
2026-04-28 21:00:00,2026-04-28,2026,4,28,21,Tuesday,False
2026-04-28 22:00:00,2026-04-28,2026,4,28,22,Tuesday,False
2026-04-28 23:00:00,2026-04-28,2026,4,28,23,Tuesday,False
2026-04-29 00:00:00,2026-04-29,2026,4,29,0,Wednesday,False
2026-04-29 01:00:00,2026-04-29,2026,4,29,1,Wednesday,False
2026-04-29 02:00:00,2026-04-29,2026,4,29,2,Wednesday,False
2026-04-29 03:00:00,2026-04-29,2026,4,29,3,Wednesday,False
2026-04-29 04:00:00,2026-04-29,2026,4,29,4,Wednesday,False
2026-04-29 05:00:00,2026-04-29,2026,4,29,5,Wednesday,False
2026-04-29 06:00:00,2026-04-29,2026,4,29,6,Wednesday,False
2026-04-29 07:00:00,2026-04-29,2026,4,29,7,Wednesday,False
2026-04-29 08:00:00,2026-04-29,2026,4,29,8,Wednesday,False
2026-04-29 09:00:00,2026-04-29,2026,4,29,9,Wednesday,False
2026-04-29 10:00:00,2026-04-29,2026,4,29,10,Wednesday,False
2026-04-29 11:00:00,2026-04-29,2026,4,29,11,Wednesday,False
2026-04-29 12:00:00,2026-04-29,2026,4,29,12,Wednesday,False
2026-04-29 13:00:00,2026-04-29,2026,4,29,13,Wednesday,False
2026-04-29 14:00:00,2026-04-29,2026,4,29,14,Wednesday,False
2026-04-29 15:00:00,2026-04-29,2026,4,29,15,Wednesday,False
2026-04-29 16:00:00,2026-04-29,2026,4,29,16,Wednesday,False
2026-04-29 17:00:00,2026-04-29,2026,4,29,17,Wednesday,False
2026-04-29 18:00:00,2026-04-29,2026,4,29,18,Wednesday,False
2026-04-29 19:00:00,2026-04-29,2026,4,29,19,Wednesday,False
2026-04-29 20:00:00,2026-04-29,2026,4,29,20,Wednesday,False
2026-04-29 21:00:00,2026-04-29,2026,4,29,21,Wednesday,False
2026-04-29 22:00:00,2026-04-29,2026,4,29,22,Wednesday,False
2026-04-29 23:00:00,2026-04-29,2026,4,29,23,Wednesday,False
2026-04-30 00:00:00,2026-04-30,2026,4,30,0,Thursday,False
2026-04-30 01:00:00,2026-04-30,2026,4,30,1,Thursday,False
2026-04-30 02:00:00,2026-04-30,2026,4,30,2,Thursday,False
2026-04-30 03:00:00,2026-04-30,2026,4,30,3,Thursday,False
2026-04-30 04:00:00,2026-04-30,2026,4,30,4,Thursday,False
2026-04-30 05:00:00,2026-04-30,2026,4,30,5,Thursday,False
2026-04-30 06:00:00,2026-04-30,2026,4,30,6,Thursday,False
2026-04-30 07:00:00,2026-04-30,2026,4,30,7,Thursday,False
2026-04-30 08:00:00,2026-04-30,2026,4,30,8,Thursday,False
2026-04-30 09:00:00,2026-04-30,2026,4,30,9,Thursday,False
2026-04-30 10:00:00,2026-04-30,2026,4,30,10,Thursday,False
2026-04-30 11:00:00,2026-04-30,2026,4,30,11,Thursday,False
2026-04-30 12:00:00,2026-04-30,2026,4,30,12,Thursday,False
2026-04-30 13:00:00,2026-04-30,2026,4,30,13,Thursday,False
2026-04-30 14:00:00,2026-04-30,2026,4,30,14,Thursday,False
2026-04-30 15:00:00,2026-04-30,2026,4,30,15,Thursday,False
2026-04-30 16:00:00,2026-04-30,2026,4,30,16,Thursday,False
2026-04-30 17:00:00,2026-04-30,2026,4,30,17,Thursday,False
2026-04-30 18:00:00,2026-04-30,2026,4,30,18,Thursday,False
2026-04-30 19:00:00,2026-04-30,2026,4,30,19,Thursday,False
2026-04-30 20:00:00,2026-04-30,2026,4,30,20,Thursday,False
2026-04-30 21:00:00,2026-04-30,2026,4,30,21,Thursday,False
2026-04-30 22:00:00,2026-04-30,2026,4,30,22,Thursday,False
2026-04-30 23:00:00,2026-04-30,2026,4,30,23,Thursday,False
2026-05-01 00:00:00,2026-05-01,2026,5,1,0,Friday,False
2026-05-01 01:00:00,2026-05-01,2026,5,1,1,Friday,False
2026-05-01 02:00:00,2026-05-01,2026,5,1,2,Friday,False
2026-05-01 03:00:00,2026-05-01,2026,5,1,3,Friday,False
2026-05-01 04:00:00,2026-05-01,2026,5,1,4,Friday,False
2026-05-01 05:00:00,2026-05-01,2026,5,1,5,Friday,False
2026-05-01 06:00:00,2026-05-01,2026,5,1,6,Friday,False
2026-05-01 07:00:00,2026-05-01,2026,5,1,7,Friday,False
2026-05-01 08:00:00,2026-05-01,2026,5,1,8,Friday,False
2026-05-01 09:00:00,2026-05-01,2026,5,1,9,Friday,False
2026-05-01 10:00:00,2026-05-01,2026,5,1,10,Friday,False
2026-05-01 11:00:00,2026-05-01,2026,5,1,11,Friday,False
2026-05-01 12:00:00,2026-05-01,2026,5,1,12,Friday,False
2026-05-01 13:00:00,2026-05-01,2026,5,1,13,Friday,False
2026-05-01 14:00:00,2026-05-01,2026,5,1,14,Friday,False
2026-05-01 15:00:00,2026-05-01,2026,5,1,15,Friday,False
2026-05-01 16:00:00,2026-05-01,2026,5,1,16,Friday,False
2026-05-01 17:00:00,2026-05-01,2026,5,1,17,Friday,False
2026-05-01 18:00:00,2026-05-01,2026,5,1,18,Friday,False
2026-05-01 19:00:00,2026-05-01,2026,5,1,19,Friday,False
2026-05-01 20:00:00,2026-05-01,2026,5,1,20,Friday,False
2026-05-01 21:00:00,2026-05-01,2026,5,1,21,Friday,False
2026-05-01 22:00:00,2026-05-01,2026,5,1,22,Friday,False
2026-05-01 23:00:00,2026-05-01,2026,5,1,23,Friday,False
2026-05-02 00:00:00,2026-05-02,2026,5,2,0,Saturday,True
2026-05-02 01:00:00,2026-05-02,2026,5,2,1,Saturday,True
2026-05-02 02:00:00,2026-05-02,2026,5,2,2,Saturday,True
2026-05-02 03:00:00,2026-05-02,2026,5,2,3,Saturday,True
2026-05-02 04:00:00,2026-05-02,2026,5,2,4,Saturday,True
2026-05-02 05:00:00,2026-05-02,2026,5,2,5,Saturday,True
2026-05-02 06:00:00,2026-05-02,2026,5,2,6,Saturday,True
2026-05-02 07:00:00,2026-05-02,2026,5,2,7,Saturday,True
2026-05-02 08:00:00,2026-05-02,2026,5,2,8,Saturday,True
2026-05-02 09:00:00,2026-05-02,2026,5,2,9,Saturday,True
2026-05-02 10:00:00,2026-05-02,2026,5,2,10,Saturday,True
2026-05-02 11:00:00,2026-05-02,2026,5,2,11,Saturday,True
2026-05-02 12:00:00,2026-05-02,2026,5,2,12,Saturday,True
2026-05-02 13:00:00,2026-05-02,2026,5,2,13,Saturday,True
2026-05-02 14:00:00,2026-05-02,2026,5,2,14,Saturday,True
2026-05-02 15:00:00,2026-05-02,2026,5,2,15,Saturday,True
2026-05-02 16:00:00,2026-05-02,2026,5,2,16,Saturday,True
2026-05-02 17:00:00,2026-05-02,2026,5,2,17,Saturday,True
2026-05-02 18:00:00,2026-05-02,2026,5,2,18,Saturday,True
2026-05-02 19:00:00,2026-05-02,2026,5,2,19,Saturday,True
2026-05-02 20:00:00,2026-05-02,2026,5,2,20,Saturday,True
2026-05-02 21:00:00,2026-05-02,2026,5,2,21,Saturday,True
2026-05-02 22:00:00,2026-05-02,2026,5,2,22,Saturday,True
2026-05-02 23:00:00,2026-05-02,2026,5,2,23,Saturday,True
2026-05-03 00:00:00,2026-05-03,2026,5,3,0,Sunday,True
2026-05-03 01:00:00,2026-05-03,2026,5,3,1,Sunday,True
2026-05-03 02:00:00,2026-05-03,2026,5,3,2,Sunday,True
2026-05-03 03:00:00,2026-05-03,2026,5,3,3,Sunday,True
2026-05-03 04:00:00,2026-05-03,2026,5,3,4,Sunday,True
2026-05-03 05:00:00,2026-05-03,2026,5,3,5,Sunday,True
2026-05-03 06:00:00,2026-05-03,2026,5,3,6,Sunday,True
2026-05-03 07:00:00,2026-05-03,2026,5,3,7,Sunday,True
2026-05-03 08:00:00,2026-05-03,2026,5,3,8,Sunday,True
2026-05-03 09:00:00,2026-05-03,2026,5,3,9,Sunday,True
2026-05-03 10:00:00,2026-05-03,2026,5,3,10,Sunday,True
2026-05-03 11:00:00,2026-05-03,2026,5,3,11,Sunday,True
2026-05-03 12:00:00,2026-05-03,2026,5,3,12,Sunday,True
2026-05-03 13:00:00,2026-05-03,2026,5,3,13,Sunday,True
2026-05-03 14:00:00,2026-05-03,2026,5,3,14,Sunday,True
2026-05-03 15:00:00,2026-05-03,2026,5,3,15,Sunday,True
2026-05-03 16:00:00,2026-05-03,2026,5,3,16,Sunday,True
2026-05-03 17:00:00,2026-05-03,2026,5,3,17,Sunday,True
2026-05-03 18:00:00,2026-05-03,2026,5,3,18,Sunday,True
2026-05-03 19:00:00,2026-05-03,2026,5,3,19,Sunday,True
2026-05-03 20:00:00,2026-05-03,2026,5,3,20,Sunday,True
2026-05-03 21:00:00,2026-05-03,2026,5,3,21,Sunday,True
2026-05-03 22:00:00,2026-05-03,2026,5,3,22,Sunday,True
2026-05-03 23:00:00,2026-05-03,2026,5,3,23,Sunday,True
2026-05-04 00:00:00,2026-05-04,2026,5,4,0,Monday,False
2026-05-04 01:00:00,2026-05-04,2026,5,4,1,Monday,False
2026-05-04 02:00:00,2026-05-04,2026,5,4,2,Monday,False
2026-05-04 03:00:00,2026-05-04,2026,5,4,3,Monday,False
2026-05-04 04:00:00,2026-05-04,2026,5,4,4,Monday,False
2026-05-04 05:00:00,2026-05-04,2026,5,4,5,Monday,False
2026-05-04 06:00:00,2026-05-04,2026,5,4,6,Monday,False
2026-05-04 07:00:00,2026-05-04,2026,5,4,7,Monday,False
2026-05-04 08:00:00,2026-05-04,2026,5,4,8,Monday,False
2026-05-04 09:00:00,2026-05-04,2026,5,4,9,Monday,False
2026-05-04 10:00:00,2026-05-04,2026,5,4,10,Monday,False
2026-05-04 11:00:00,2026-05-04,2026,5,4,11,Monday,False
2026-05-04 12:00:00,2026-05-04,2026,5,4,12,Monday,False
2026-05-04 13:00:00,2026-05-04,2026,5,4,13,Monday,False
2026-05-04 14:00:00,2026-05-04,2026,5,4,14,Monday,False
2026-05-04 15:00:00,2026-05-04,2026,5,4,15,Monday,False
2026-05-04 16:00:00,2026-05-04,2026,5,4,16,Monday,False
2026-05-04 17:00:00,2026-05-04,2026,5,4,17,Monday,False
2026-05-04 18:00:00,2026-05-04,2026,5,4,18,Monday,False
2026-05-04 19:00:00,2026-05-04,2026,5,4,19,Monday,False
2026-05-04 20:00:00,2026-05-04,2026,5,4,20,Monday,False
2026-05-04 21:00:00,2026-05-04,2026,5,4,21,Monday,False
2026-05-04 22:00:00,2026-05-04,2026,5,4,22,Monday,False
2026-05-04 23:00:00,2026-05-04,2026,5,4,23,Monday,False
2026-05-05 00:00:00,2026-05-05,2026,5,5,0,Tuesday,False
2026-05-05 01:00:00,2026-05-05,2026,5,5,1,Tuesday,False
2026-05-05 02:00:00,2026-05-05,2026,5,5,2,Tuesday,False
2026-05-05 03:00:00,2026-05-05,2026,5,5,3,Tuesday,False
2026-05-05 04:00:00,2026-05-05,2026,5,5,4,Tuesday,False
2026-05-05 05:00:00,2026-05-05,2026,5,5,5,Tuesday,False
2026-05-05 06:00:00,2026-05-05,2026,5,5,6,Tuesday,False
2026-05-05 07:00:00,2026-05-05,2026,5,5,7,Tuesday,False
2026-05-05 08:00:00,2026-05-05,2026,5,5,8,Tuesday,False
2026-05-05 09:00:00,2026-05-05,2026,5,5,9,Tuesday,False
2026-05-05 10:00:00,2026-05-05,2026,5,5,10,Tuesday,False
2026-05-05 11:00:00,2026-05-05,2026,5,5,11,Tuesday,False
2026-05-05 12:00:00,2026-05-05,2026,5,5,12,Tuesday,False
2026-05-05 13:00:00,2026-05-05,2026,5,5,13,Tuesday,False
2026-05-05 14:00:00,2026-05-05,2026,5,5,14,Tuesday,False
2026-05-05 15:00:00,2026-05-05,2026,5,5,15,Tuesday,False
2026-05-05 16:00:00,2026-05-05,2026,5,5,16,Tuesday,False
2026-05-05 17:00:00,2026-05-05,2026,5,5,17,Tuesday,False
2026-05-05 18:00:00,2026-05-05,2026,5,5,18,Tuesday,False
2026-05-05 19:00:00,2026-05-05,2026,5,5,19,Tuesday,False
2026-05-05 20:00:00,2026-05-05,2026,5,5,20,Tuesday,False
2026-05-05 21:00:00,2026-05-05,2026,5,5,21,Tuesday,False
2026-05-05 22:00:00,2026-05-05,2026,5,5,22,Tuesday,False
2026-05-05 23:00:00,2026-05-05,2026,5,5,23,Tuesday,False
2026-05-06 00:00:00,2026-05-06,2026,5,6,0,Wednesday,False
2026-05-06 01:00:00,2026-05-06,2026,5,6,1,Wednesday,False
2026-05-06 02:00:00,2026-05-06,2026,5,6,2,Wednesday,False
2026-05-06 03:00:00,2026-05-06,2026,5,6,3,Wednesday,False
2026-05-06 04:00:00,2026-05-06,2026,5,6,4,Wednesday,False
2026-05-06 05:00:00,2026-05-06,2026,5,6,5,Wednesday,False
2026-05-06 06:00:00,2026-05-06,2026,5,6,6,Wednesday,False
2026-05-06 07:00:00,2026-05-06,2026,5,6,7,Wednesday,False
2026-05-06 08:00:00,2026-05-06,2026,5,6,8,Wednesday,False
2026-05-06 09:00:00,2026-05-06,2026,5,6,9,Wednesday,False
2026-05-06 10:00:00,2026-05-06,2026,5,6,10,Wednesday,False
2026-05-06 11:00:00,2026-05-06,2026,5,6,11,Wednesday,False
2026-05-06 12:00:00,2026-05-06,2026,5,6,12,Wednesday,False
2026-05-06 13:00:00,2026-05-06,2026,5,6,13,Wednesday,False
2026-05-06 14:00:00,2026-05-06,2026,5,6,14,Wednesday,False
2026-05-06 15:00:00,2026-05-06,2026,5,6,15,Wednesday,False
2026-05-06 16:00:00,2026-05-06,2026,5,6,16,Wednesday,False
2026-05-06 17:00:00,2026-05-06,2026,5,6,17,Wednesday,False
2026-05-06 18:00:00,2026-05-06,2026,5,6,18,Wednesday,False
2026-05-06 19:00:00,2026-05-06,2026,5,6,19,Wednesday,False
2026-05-06 20:00:00,2026-05-06,2026,5,6,20,Wednesday,False
2026-05-06 21:00:00,2026-05-06,2026,5,6,21,Wednesday,False
2026-05-06 22:00:00,2026-05-06,2026,5,6,22,Wednesday,False
2026-05-06 23:00:00,2026-05-06,2026,5,6,23,Wednesday,False
2026-05-07 00:00:00,2026-05-07,2026,5,7,0,Thursday,False
2026-05-07 01:00:00,2026-05-07,2026,5,7,1,Thursday,False
2026-05-07 02:00:00,2026-05-07,2026,5,7,2,Thursday,False
2026-05-07 03:00:00,2026-05-07,2026,5,7,3,Thursday,False
2026-05-07 04:00:00,2026-05-07,2026,5,7,4,Thursday,False
2026-05-07 05:00:00,2026-05-07,2026,5,7,5,Thursday,False
2026-05-07 06:00:00,2026-05-07,2026,5,7,6,Thursday,False
2026-05-07 07:00:00,2026-05-07,2026,5,7,7,Thursday,False
2026-05-07 08:00:00,2026-05-07,2026,5,7,8,Thursday,False
2026-05-07 09:00:00,2026-05-07,2026,5,7,9,Thursday,False
2026-05-07 10:00:00,2026-05-07,2026,5,7,10,Thursday,False
2026-05-07 11:00:00,2026-05-07,2026,5,7,11,Thursday,False
2026-05-07 12:00:00,2026-05-07,2026,5,7,12,Thursday,False
2026-05-07 13:00:00,2026-05-07,2026,5,7,13,Thursday,False
2026-05-07 14:00:00,2026-05-07,2026,5,7,14,Thursday,False
2026-05-07 15:00:00,2026-05-07,2026,5,7,15,Thursday,False
2026-05-07 16:00:00,2026-05-07,2026,5,7,16,Thursday,False
2026-05-07 17:00:00,2026-05-07,2026,5,7,17,Thursday,False
2026-05-07 18:00:00,2026-05-07,2026,5,7,18,Thursday,False
2026-05-07 19:00:00,2026-05-07,2026,5,7,19,Thursday,False
2026-05-07 20:00:00,2026-05-07,2026,5,7,20,Thursday,False
2026-05-07 21:00:00,2026-05-07,2026,5,7,21,Thursday,False
2026-05-07 22:00:00,2026-05-07,2026,5,7,22,Thursday,False
2026-05-07 23:00:00,2026-05-07,2026,5,7,23,Thursday,False
2026-05-08 00:00:00,2026-05-08,2026,5,8,0,Friday,False
2026-05-08 01:00:00,2026-05-08,2026,5,8,1,Friday,False
2026-05-08 02:00:00,2026-05-08,2026,5,8,2,Friday,False
2026-05-08 03:00:00,2026-05-08,2026,5,8,3,Friday,False
2026-05-08 04:00:00,2026-05-08,2026,5,8,4,Friday,False
2026-05-08 05:00:00,2026-05-08,2026,5,8,5,Friday,False
2026-05-08 06:00:00,2026-05-08,2026,5,8,6,Friday,False
2026-05-08 07:00:00,2026-05-08,2026,5,8,7,Friday,False
2026-05-08 08:00:00,2026-05-08,2026,5,8,8,Friday,False
2026-05-08 09:00:00,2026-05-08,2026,5,8,9,Friday,False
2026-05-08 10:00:00,2026-05-08,2026,5,8,10,Friday,False
2026-05-08 11:00:00,2026-05-08,2026,5,8,11,Friday,False
2026-05-08 12:00:00,2026-05-08,2026,5,8,12,Friday,False
2026-05-08 13:00:00,2026-05-08,2026,5,8,13,Friday,False
2026-05-08 14:00:00,2026-05-08,2026,5,8,14,Friday,False
2026-05-08 15:00:00,2026-05-08,2026,5,8,15,Friday,False
2026-05-08 16:00:00,2026-05-08,2026,5,8,16,Friday,False
2026-05-08 17:00:00,2026-05-08,2026,5,8,17,Friday,False
2026-05-08 18:00:00,2026-05-08,2026,5,8,18,Friday,False
2026-05-08 19:00:00,2026-05-08,2026,5,8,19,Friday,False
2026-05-08 20:00:00,2026-05-08,2026,5,8,20,Friday,False
2026-05-08 21:00:00,2026-05-08,2026,5,8,21,Friday,False
2026-05-08 22:00:00,2026-05-08,2026,5,8,22,Friday,False
2026-05-08 23:00:00,2026-05-08,2026,5,8,23,Friday,False
2026-05-09 00:00:00,2026-05-09,2026,5,9,0,Saturday,True
2026-05-09 01:00:00,2026-05-09,2026,5,9,1,Saturday,True
2026-05-09 02:00:00,2026-05-09,2026,5,9,2,Saturday,True
2026-05-09 03:00:00,2026-05-09,2026,5,9,3,Saturday,True
2026-05-09 04:00:00,2026-05-09,2026,5,9,4,Saturday,True
2026-05-09 05:00:00,2026-05-09,2026,5,9,5,Saturday,True
2026-05-09 06:00:00,2026-05-09,2026,5,9,6,Saturday,True
2026-05-09 07:00:00,2026-05-09,2026,5,9,7,Saturday,True
2026-05-09 08:00:00,2026-05-09,2026,5,9,8,Saturday,True
2026-05-09 09:00:00,2026-05-09,2026,5,9,9,Saturday,True
2026-05-09 10:00:00,2026-05-09,2026,5,9,10,Saturday,True
2026-05-09 11:00:00,2026-05-09,2026,5,9,11,Saturday,True
2026-05-09 12:00:00,2026-05-09,2026,5,9,12,Saturday,True
2026-05-09 13:00:00,2026-05-09,2026,5,9,13,Saturday,True
2026-05-09 14:00:00,2026-05-09,2026,5,9,14,Saturday,True
2026-05-09 15:00:00,2026-05-09,2026,5,9,15,Saturday,True
2026-05-09 16:00:00,2026-05-09,2026,5,9,16,Saturday,True
2026-05-09 17:00:00,2026-05-09,2026,5,9,17,Saturday,True
2026-05-09 18:00:00,2026-05-09,2026,5,9,18,Saturday,True
2026-05-09 19:00:00,2026-05-09,2026,5,9,19,Saturday,True
2026-05-09 20:00:00,2026-05-09,2026,5,9,20,Saturday,True
2026-05-09 21:00:00,2026-05-09,2026,5,9,21,Saturday,True
2026-05-09 22:00:00,2026-05-09,2026,5,9,22,Saturday,True
2026-05-09 23:00:00,2026-05-09,2026,5,9,23,Saturday,True
2026-05-10 00:00:00,2026-05-10,2026,5,10,0,Sunday,True
2026-05-10 01:00:00,2026-05-10,2026,5,10,1,Sunday,True
2026-05-10 02:00:00,2026-05-10,2026,5,10,2,Sunday,True
2026-05-10 03:00:00,2026-05-10,2026,5,10,3,Sunday,True
2026-05-10 04:00:00,2026-05-10,2026,5,10,4,Sunday,True
2026-05-10 05:00:00,2026-05-10,2026,5,10,5,Sunday,True
2026-05-10 06:00:00,2026-05-10,2026,5,10,6,Sunday,True
2026-05-10 07:00:00,2026-05-10,2026,5,10,7,Sunday,True
2026-05-10 08:00:00,2026-05-10,2026,5,10,8,Sunday,True
2026-05-10 09:00:00,2026-05-10,2026,5,10,9,Sunday,True
2026-05-10 10:00:00,2026-05-10,2026,5,10,10,Sunday,True
2026-05-10 11:00:00,2026-05-10,2026,5,10,11,Sunday,True
2026-05-10 12:00:00,2026-05-10,2026,5,10,12,Sunday,True
2026-05-10 13:00:00,2026-05-10,2026,5,10,13,Sunday,True
2026-05-10 14:00:00,2026-05-10,2026,5,10,14,Sunday,True
2026-05-10 15:00:00,2026-05-10,2026,5,10,15,Sunday,True
2026-05-10 16:00:00,2026-05-10,2026,5,10,16,Sunday,True
2026-05-10 17:00:00,2026-05-10,2026,5,10,17,Sunday,True
2026-05-10 18:00:00,2026-05-10,2026,5,10,18,Sunday,True
2026-05-10 19:00:00,2026-05-10,2026,5,10,19,Sunday,True
2026-05-10 20:00:00,2026-05-10,2026,5,10,20,Sunday,True
2026-05-10 21:00:00,2026-05-10,2026,5,10,21,Sunday,True
2026-05-10 22:00:00,2026-05-10,2026,5,10,22,Sunday,True
2026-05-10 23:00:00,2026-05-10,2026,5,10,23,Sunday,True
2026-05-11 00:00:00,2026-05-11,2026,5,11,0,Monday,False
2026-05-11 01:00:00,2026-05-11,2026,5,11,1,Monday,False
2026-05-11 02:00:00,2026-05-11,2026,5,11,2,Monday,False
2026-05-11 03:00:00,2026-05-11,2026,5,11,3,Monday,False
2026-05-11 04:00:00,2026-05-11,2026,5,11,4,Monday,False
2026-05-11 05:00:00,2026-05-11,2026,5,11,5,Monday,False
2026-05-11 06:00:00,2026-05-11,2026,5,11,6,Monday,False
2026-05-11 07:00:00,2026-05-11,2026,5,11,7,Monday,False
2026-05-11 08:00:00,2026-05-11,2026,5,11,8,Monday,False
2026-05-11 09:00:00,2026-05-11,2026,5,11,9,Monday,False
2026-05-11 10:00:00,2026-05-11,2026,5,11,10,Monday,False
2026-05-11 11:00:00,2026-05-11,2026,5,11,11,Monday,False
2026-05-11 12:00:00,2026-05-11,2026,5,11,12,Monday,False
2026-05-11 13:00:00,2026-05-11,2026,5,11,13,Monday,False
2026-05-11 14:00:00,2026-05-11,2026,5,11,14,Monday,False
2026-05-11 15:00:00,2026-05-11,2026,5,11,15,Monday,False
2026-05-11 16:00:00,2026-05-11,2026,5,11,16,Monday,False
2026-05-11 17:00:00,2026-05-11,2026,5,11,17,Monday,False
2026-05-11 18:00:00,2026-05-11,2026,5,11,18,Monday,False
2026-05-11 19:00:00,2026-05-11,2026,5,11,19,Monday,False
2026-05-11 20:00:00,2026-05-11,2026,5,11,20,Monday,False
2026-05-11 21:00:00,2026-05-11,2026,5,11,21,Monday,False
2026-05-11 22:00:00,2026-05-11,2026,5,11,22,Monday,False
2026-05-11 23:00:00,2026-05-11,2026,5,11,23,Monday,False
2026-05-12 00:00:00,2026-05-12,2026,5,12,0,Tuesday,False
2026-05-12 01:00:00,2026-05-12,2026,5,12,1,Tuesday,False
2026-05-12 02:00:00,2026-05-12,2026,5,12,2,Tuesday,False
2026-05-12 03:00:00,2026-05-12,2026,5,12,3,Tuesday,False
2026-05-12 04:00:00,2026-05-12,2026,5,12,4,Tuesday,False
2026-05-12 05:00:00,2026-05-12,2026,5,12,5,Tuesday,False
2026-05-12 06:00:00,2026-05-12,2026,5,12,6,Tuesday,False
2026-05-12 07:00:00,2026-05-12,2026,5,12,7,Tuesday,False
2026-05-12 08:00:00,2026-05-12,2026,5,12,8,Tuesday,False
2026-05-12 09:00:00,2026-05-12,2026,5,12,9,Tuesday,False
2026-05-12 10:00:00,2026-05-12,2026,5,12,10,Tuesday,False
2026-05-12 11:00:00,2026-05-12,2026,5,12,11,Tuesday,False
2026-05-12 12:00:00,2026-05-12,2026,5,12,12,Tuesday,False
2026-05-12 13:00:00,2026-05-12,2026,5,12,13,Tuesday,False
2026-05-12 14:00:00,2026-05-12,2026,5,12,14,Tuesday,False
2026-05-12 15:00:00,2026-05-12,2026,5,12,15,Tuesday,False
2026-05-12 16:00:00,2026-05-12,2026,5,12,16,Tuesday,False
2026-05-12 17:00:00,2026-05-12,2026,5,12,17,Tuesday,False
2026-05-12 18:00:00,2026-05-12,2026,5,12,18,Tuesday,False
2026-05-12 19:00:00,2026-05-12,2026,5,12,19,Tuesday,False
2026-05-12 20:00:00,2026-05-12,2026,5,12,20,Tuesday,False
2026-05-12 21:00:00,2026-05-12,2026,5,12,21,Tuesday,False
2026-05-12 22:00:00,2026-05-12,2026,5,12,22,Tuesday,False
2026-05-12 23:00:00,2026-05-12,2026,5,12,23,Tuesday,False
2026-05-13 00:00:00,2026-05-13,2026,5,13,0,Wednesday,False
2026-05-13 01:00:00,2026-05-13,2026,5,13,1,Wednesday,False
2026-05-13 02:00:00,2026-05-13,2026,5,13,2,Wednesday,False
2026-05-13 03:00:00,2026-05-13,2026,5,13,3,Wednesday,False
2026-05-13 04:00:00,2026-05-13,2026,5,13,4,Wednesday,False
2026-05-13 05:00:00,2026-05-13,2026,5,13,5,Wednesday,False
2026-05-13 06:00:00,2026-05-13,2026,5,13,6,Wednesday,False
2026-05-13 07:00:00,2026-05-13,2026,5,13,7,Wednesday,False
2026-05-13 08:00:00,2026-05-13,2026,5,13,8,Wednesday,False
2026-05-13 09:00:00,2026-05-13,2026,5,13,9,Wednesday,False
2026-05-13 10:00:00,2026-05-13,2026,5,13,10,Wednesday,False
2026-05-13 11:00:00,2026-05-13,2026,5,13,11,Wednesday,False
2026-05-13 12:00:00,2026-05-13,2026,5,13,12,Wednesday,False
2026-05-13 13:00:00,2026-05-13,2026,5,13,13,Wednesday,False
2026-05-13 14:00:00,2026-05-13,2026,5,13,14,Wednesday,False
2026-05-13 15:00:00,2026-05-13,2026,5,13,15,Wednesday,False
2026-05-13 16:00:00,2026-05-13,2026,5,13,16,Wednesday,False
2026-05-13 17:00:00,2026-05-13,2026,5,13,17,Wednesday,False
2026-05-13 18:00:00,2026-05-13,2026,5,13,18,Wednesday,False
2026-05-13 19:00:00,2026-05-13,2026,5,13,19,Wednesday,False
2026-05-13 20:00:00,2026-05-13,2026,5,13,20,Wednesday,False
2026-05-13 21:00:00,2026-05-13,2026,5,13,21,Wednesday,False
2026-05-13 22:00:00,2026-05-13,2026,5,13,22,Wednesday,False
2026-05-13 23:00:00,2026-05-13,2026,5,13,23,Wednesday,False
2026-05-14 00:00:00,2026-05-14,2026,5,14,0,Thursday,False
2026-05-14 01:00:00,2026-05-14,2026,5,14,1,Thursday,False
2026-05-14 02:00:00,2026-05-14,2026,5,14,2,Thursday,False
2026-05-14 03:00:00,2026-05-14,2026,5,14,3,Thursday,False
2026-05-14 04:00:00,2026-05-14,2026,5,14,4,Thursday,False
2026-05-14 05:00:00,2026-05-14,2026,5,14,5,Thursday,False
2026-05-14 06:00:00,2026-05-14,2026,5,14,6,Thursday,False
2026-05-14 07:00:00,2026-05-14,2026,5,14,7,Thursday,False
2026-05-14 08:00:00,2026-05-14,2026,5,14,8,Thursday,False
2026-05-14 09:00:00,2026-05-14,2026,5,14,9,Thursday,False
2026-05-14 10:00:00,2026-05-14,2026,5,14,10,Thursday,False
2026-05-14 11:00:00,2026-05-14,2026,5,14,11,Thursday,False
2026-05-14 12:00:00,2026-05-14,2026,5,14,12,Thursday,False
2026-05-14 13:00:00,2026-05-14,2026,5,14,13,Thursday,False
2026-05-14 14:00:00,2026-05-14,2026,5,14,14,Thursday,False
2026-05-14 15:00:00,2026-05-14,2026,5,14,15,Thursday,False
2026-05-14 16:00:00,2026-05-14,2026,5,14,16,Thursday,False
2026-05-14 17:00:00,2026-05-14,2026,5,14,17,Thursday,False
2026-05-14 18:00:00,2026-05-14,2026,5,14,18,Thursday,False
2026-05-14 19:00:00,2026-05-14,2026,5,14,19,Thursday,False
2026-05-14 20:00:00,2026-05-14,2026,5,14,20,Thursday,False
2026-05-14 21:00:00,2026-05-14,2026,5,14,21,Thursday,False
2026-05-14 22:00:00,2026-05-14,2026,5,14,22,Thursday,False
2026-05-14 23:00:00,2026-05-14,2026,5,14,23,Thursday,False
2026-05-15 00:00:00,2026-05-15,2026,5,15,0,Friday,False
2026-05-15 01:00:00,2026-05-15,2026,5,15,1,Friday,False
2026-05-15 02:00:00,2026-05-15,2026,5,15,2,Friday,False
2026-05-15 03:00:00,2026-05-15,2026,5,15,3,Friday,False
2026-05-15 04:00:00,2026-05-15,2026,5,15,4,Friday,False
2026-05-15 05:00:00,2026-05-15,2026,5,15,5,Friday,False
2026-05-15 06:00:00,2026-05-15,2026,5,15,6,Friday,False
2026-05-15 07:00:00,2026-05-15,2026,5,15,7,Friday,False
2026-05-15 08:00:00,2026-05-15,2026,5,15,8,Friday,False
2026-05-15 09:00:00,2026-05-15,2026,5,15,9,Friday,False
2026-05-15 10:00:00,2026-05-15,2026,5,15,10,Friday,False
2026-05-15 11:00:00,2026-05-15,2026,5,15,11,Friday,False
2026-05-15 12:00:00,2026-05-15,2026,5,15,12,Friday,False
2026-05-15 13:00:00,2026-05-15,2026,5,15,13,Friday,False
2026-05-15 14:00:00,2026-05-15,2026,5,15,14,Friday,False
2026-05-15 15:00:00,2026-05-15,2026,5,15,15,Friday,False
2026-05-15 16:00:00,2026-05-15,2026,5,15,16,Friday,False
2026-05-15 17:00:00,2026-05-15,2026,5,15,17,Friday,False
2026-05-15 18:00:00,2026-05-15,2026,5,15,18,Friday,False
2026-05-15 19:00:00,2026-05-15,2026,5,15,19,Friday,False
2026-05-15 20:00:00,2026-05-15,2026,5,15,20,Friday,False
2026-05-15 21:00:00,2026-05-15,2026,5,15,21,Friday,False
2026-05-15 22:00:00,2026-05-15,2026,5,15,22,Friday,False
2026-05-15 23:00:00,2026-05-15,2026,5,15,23,Friday,False
2026-05-16 00:00:00,2026-05-16,2026,5,16,0,Saturday,True
2026-05-16 01:00:00,2026-05-16,2026,5,16,1,Saturday,True
2026-05-16 02:00:00,2026-05-16,2026,5,16,2,Saturday,True
2026-05-16 03:00:00,2026-05-16,2026,5,16,3,Saturday,True
2026-05-16 04:00:00,2026-05-16,2026,5,16,4,Saturday,True
2026-05-16 05:00:00,2026-05-16,2026,5,16,5,Saturday,True
2026-05-16 06:00:00,2026-05-16,2026,5,16,6,Saturday,True
2026-05-16 07:00:00,2026-05-16,2026,5,16,7,Saturday,True
2026-05-16 08:00:00,2026-05-16,2026,5,16,8,Saturday,True
2026-05-16 09:00:00,2026-05-16,2026,5,16,9,Saturday,True
2026-05-16 10:00:00,2026-05-16,2026,5,16,10,Saturday,True
2026-05-16 11:00:00,2026-05-16,2026,5,16,11,Saturday,True
2026-05-16 12:00:00,2026-05-16,2026,5,16,12,Saturday,True
2026-05-16 13:00:00,2026-05-16,2026,5,16,13,Saturday,True
2026-05-16 14:00:00,2026-05-16,2026,5,16,14,Saturday,True
2026-05-16 15:00:00,2026-05-16,2026,5,16,15,Saturday,True
2026-05-16 16:00:00,2026-05-16,2026,5,16,16,Saturday,True
2026-05-16 17:00:00,2026-05-16,2026,5,16,17,Saturday,True
2026-05-16 18:00:00,2026-05-16,2026,5,16,18,Saturday,True
2026-05-16 19:00:00,2026-05-16,2026,5,16,19,Saturday,True
2026-05-16 20:00:00,2026-05-16,2026,5,16,20,Saturday,True
2026-05-16 21:00:00,2026-05-16,2026,5,16,21,Saturday,True
2026-05-16 22:00:00,2026-05-16,2026,5,16,22,Saturday,True
2026-05-16 23:00:00,2026-05-16,2026,5,16,23,Saturday,True
2026-05-17 00:00:00,2026-05-17,2026,5,17,0,Sunday,True
2026-05-17 01:00:00,2026-05-17,2026,5,17,1,Sunday,True
2026-05-17 02:00:00,2026-05-17,2026,5,17,2,Sunday,True
2026-05-17 03:00:00,2026-05-17,2026,5,17,3,Sunday,True
2026-05-17 04:00:00,2026-05-17,2026,5,17,4,Sunday,True
2026-05-17 05:00:00,2026-05-17,2026,5,17,5,Sunday,True
2026-05-17 06:00:00,2026-05-17,2026,5,17,6,Sunday,True
2026-05-17 07:00:00,2026-05-17,2026,5,17,7,Sunday,True
2026-05-17 08:00:00,2026-05-17,2026,5,17,8,Sunday,True
2026-05-17 09:00:00,2026-05-17,2026,5,17,9,Sunday,True
2026-05-17 10:00:00,2026-05-17,2026,5,17,10,Sunday,True
2026-05-17 11:00:00,2026-05-17,2026,5,17,11,Sunday,True
2026-05-17 12:00:00,2026-05-17,2026,5,17,12,Sunday,True
2026-05-17 13:00:00,2026-05-17,2026,5,17,13,Sunday,True
2026-05-17 14:00:00,2026-05-17,2026,5,17,14,Sunday,True
2026-05-17 15:00:00,2026-05-17,2026,5,17,15,Sunday,True
2026-05-17 16:00:00,2026-05-17,2026,5,17,16,Sunday,True
2026-05-17 17:00:00,2026-05-17,2026,5,17,17,Sunday,True
2026-05-17 18:00:00,2026-05-17,2026,5,17,18,Sunday,True
2026-05-17 19:00:00,2026-05-17,2026,5,17,19,Sunday,True
2026-05-17 20:00:00,2026-05-17,2026,5,17,20,Sunday,True
2026-05-17 21:00:00,2026-05-17,2026,5,17,21,Sunday,True
2026-05-17 22:00:00,2026-05-17,2026,5,17,22,Sunday,True
2026-05-17 23:00:00,2026-05-17,2026,5,17,23,Sunday,True
2026-05-18 00:00:00,2026-05-18,2026,5,18,0,Monday,False
2026-05-18 01:00:00,2026-05-18,2026,5,18,1,Monday,False
2026-05-18 02:00:00,2026-05-18,2026,5,18,2,Monday,False
2026-05-18 03:00:00,2026-05-18,2026,5,18,3,Monday,False
2026-05-18 04:00:00,2026-05-18,2026,5,18,4,Monday,False
2026-05-18 05:00:00,2026-05-18,2026,5,18,5,Monday,False
2026-05-18 06:00:00,2026-05-18,2026,5,18,6,Monday,False
2026-05-18 07:00:00,2026-05-18,2026,5,18,7,Monday,False
2026-05-18 08:00:00,2026-05-18,2026,5,18,8,Monday,False
2026-05-18 09:00:00,2026-05-18,2026,5,18,9,Monday,False
2026-05-18 10:00:00,2026-05-18,2026,5,18,10,Monday,False
2026-05-18 11:00:00,2026-05-18,2026,5,18,11,Monday,False
2026-05-18 12:00:00,2026-05-18,2026,5,18,12,Monday,False
2026-05-18 13:00:00,2026-05-18,2026,5,18,13,Monday,False
2026-05-18 14:00:00,2026-05-18,2026,5,18,14,Monday,False
2026-05-18 15:00:00,2026-05-18,2026,5,18,15,Monday,False
2026-05-18 16:00:00,2026-05-18,2026,5,18,16,Monday,False
2026-05-18 17:00:00,2026-05-18,2026,5,18,17,Monday,False
2026-05-18 18:00:00,2026-05-18,2026,5,18,18,Monday,False
2026-05-18 19:00:00,2026-05-18,2026,5,18,19,Monday,False
2026-05-18 20:00:00,2026-05-18,2026,5,18,20,Monday,False
2026-05-18 21:00:00,2026-05-18,2026,5,18,21,Monday,False
2026-05-18 22:00:00,2026-05-18,2026,5,18,22,Monday,False
2026-05-18 23:00:00,2026-05-18,2026,5,18,23,Monday,False
2026-05-19 00:00:00,2026-05-19,2026,5,19,0,Tuesday,False
2026-05-19 01:00:00,2026-05-19,2026,5,19,1,Tuesday,False
2026-05-19 02:00:00,2026-05-19,2026,5,19,2,Tuesday,False
2026-05-19 03:00:00,2026-05-19,2026,5,19,3,Tuesday,False
2026-05-19 04:00:00,2026-05-19,2026,5,19,4,Tuesday,False
2026-05-19 05:00:00,2026-05-19,2026,5,19,5,Tuesday,False
2026-05-19 06:00:00,2026-05-19,2026,5,19,6,Tuesday,False
2026-05-19 07:00:00,2026-05-19,2026,5,19,7,Tuesday,False
2026-05-19 08:00:00,2026-05-19,2026,5,19,8,Tuesday,False
2026-05-19 09:00:00,2026-05-19,2026,5,19,9,Tuesday,False
2026-05-19 10:00:00,2026-05-19,2026,5,19,10,Tuesday,False
2026-05-19 11:00:00,2026-05-19,2026,5,19,11,Tuesday,False
2026-05-19 12:00:00,2026-05-19,2026,5,19,12,Tuesday,False
2026-05-19 13:00:00,2026-05-19,2026,5,19,13,Tuesday,False
2026-05-19 14:00:00,2026-05-19,2026,5,19,14,Tuesday,False
2026-05-19 15:00:00,2026-05-19,2026,5,19,15,Tuesday,False
2026-05-19 16:00:00,2026-05-19,2026,5,19,16,Tuesday,False
2026-05-19 17:00:00,2026-05-19,2026,5,19,17,Tuesday,False
2026-05-19 18:00:00,2026-05-19,2026,5,19,18,Tuesday,False
2026-05-19 19:00:00,2026-05-19,2026,5,19,19,Tuesday,False
2026-05-19 20:00:00,2026-05-19,2026,5,19,20,Tuesday,False
2026-05-19 21:00:00,2026-05-19,2026,5,19,21,Tuesday,False
2026-05-19 22:00:00,2026-05-19,2026,5,19,22,Tuesday,False
2026-05-19 23:00:00,2026-05-19,2026,5,19,23,Tuesday,False
2026-05-20 00:00:00,2026-05-20,2026,5,20,0,Wednesday,False
2026-05-20 01:00:00,2026-05-20,2026,5,20,1,Wednesday,False
2026-05-20 02:00:00,2026-05-20,2026,5,20,2,Wednesday,False
2026-05-20 03:00:00,2026-05-20,2026,5,20,3,Wednesday,False
2026-05-20 04:00:00,2026-05-20,2026,5,20,4,Wednesday,False
2026-05-20 05:00:00,2026-05-20,2026,5,20,5,Wednesday,False
2026-05-20 06:00:00,2026-05-20,2026,5,20,6,Wednesday,False
2026-05-20 07:00:00,2026-05-20,2026,5,20,7,Wednesday,False
2026-05-20 08:00:00,2026-05-20,2026,5,20,8,Wednesday,False
2026-05-20 09:00:00,2026-05-20,2026,5,20,9,Wednesday,False
2026-05-20 10:00:00,2026-05-20,2026,5,20,10,Wednesday,False
2026-05-20 11:00:00,2026-05-20,2026,5,20,11,Wednesday,False
2026-05-20 12:00:00,2026-05-20,2026,5,20,12,Wednesday,False
2026-05-20 13:00:00,2026-05-20,2026,5,20,13,Wednesday,False
2026-05-20 14:00:00,2026-05-20,2026,5,20,14,Wednesday,False
2026-05-20 15:00:00,2026-05-20,2026,5,20,15,Wednesday,False
2026-05-20 16:00:00,2026-05-20,2026,5,20,16,Wednesday,False
2026-05-20 17:00:00,2026-05-20,2026,5,20,17,Wednesday,False
2026-05-20 18:00:00,2026-05-20,2026,5,20,18,Wednesday,False
2026-05-20 19:00:00,2026-05-20,2026,5,20,19,Wednesday,False
2026-05-20 20:00:00,2026-05-20,2026,5,20,20,Wednesday,False
2026-05-20 21:00:00,2026-05-20,2026,5,20,21,Wednesday,False
2026-05-20 22:00:00,2026-05-20,2026,5,20,22,Wednesday,False
2026-05-20 23:00:00,2026-05-20,2026,5,20,23,Wednesday,False
2026-05-21 00:00:00,2026-05-21,2026,5,21,0,Thursday,False
2026-05-21 01:00:00,2026-05-21,2026,5,21,1,Thursday,False
2026-05-21 02:00:00,2026-05-21,2026,5,21,2,Thursday,False
2026-05-21 03:00:00,2026-05-21,2026,5,21,3,Thursday,False
2026-05-21 04:00:00,2026-05-21,2026,5,21,4,Thursday,False
2026-05-21 05:00:00,2026-05-21,2026,5,21,5,Thursday,False
2026-05-21 06:00:00,2026-05-21,2026,5,21,6,Thursday,False
2026-05-21 07:00:00,2026-05-21,2026,5,21,7,Thursday,False
2026-05-21 08:00:00,2026-05-21,2026,5,21,8,Thursday,False
2026-05-21 09:00:00,2026-05-21,2026,5,21,9,Thursday,False
2026-05-21 10:00:00,2026-05-21,2026,5,21,10,Thursday,False
2026-05-21 11:00:00,2026-05-21,2026,5,21,11,Thursday,False
2026-05-21 12:00:00,2026-05-21,2026,5,21,12,Thursday,False
2026-05-21 13:00:00,2026-05-21,2026,5,21,13,Thursday,False
2026-05-21 14:00:00,2026-05-21,2026,5,21,14,Thursday,False
2026-05-21 15:00:00,2026-05-21,2026,5,21,15,Thursday,False
2026-05-21 16:00:00,2026-05-21,2026,5,21,16,Thursday,False
2026-05-21 17:00:00,2026-05-21,2026,5,21,17,Thursday,False
2026-05-21 18:00:00,2026-05-21,2026,5,21,18,Thursday,False
2026-05-21 19:00:00,2026-05-21,2026,5,21,19,Thursday,False
2026-05-21 20:00:00,2026-05-21,2026,5,21,20,Thursday,False
2026-05-21 21:00:00,2026-05-21,2026,5,21,21,Thursday,False
2026-05-21 22:00:00,2026-05-21,2026,5,21,22,Thursday,False
2026-05-21 23:00:00,2026-05-21,2026,5,21,23,Thursday,False
2026-05-22 00:00:00,2026-05-22,2026,5,22,0,Friday,False
2026-05-22 01:00:00,2026-05-22,2026,5,22,1,Friday,False
2026-05-22 02:00:00,2026-05-22,2026,5,22,2,Friday,False
2026-05-22 03:00:00,2026-05-22,2026,5,22,3,Friday,False
2026-05-22 04:00:00,2026-05-22,2026,5,22,4,Friday,False
2026-05-22 05:00:00,2026-05-22,2026,5,22,5,Friday,False
2026-05-22 06:00:00,2026-05-22,2026,5,22,6,Friday,False
2026-05-22 07:00:00,2026-05-22,2026,5,22,7,Friday,False
2026-05-22 08:00:00,2026-05-22,2026,5,22,8,Friday,False
2026-05-22 09:00:00,2026-05-22,2026,5,22,9,Friday,False
2026-05-22 10:00:00,2026-05-22,2026,5,22,10,Friday,False
2026-05-22 11:00:00,2026-05-22,2026,5,22,11,Friday,False
2026-05-22 12:00:00,2026-05-22,2026,5,22,12,Friday,False
2026-05-22 13:00:00,2026-05-22,2026,5,22,13,Friday,False
2026-05-22 14:00:00,2026-05-22,2026,5,22,14,Friday,False
2026-05-22 15:00:00,2026-05-22,2026,5,22,15,Friday,False
2026-05-22 16:00:00,2026-05-22,2026,5,22,16,Friday,False
2026-05-22 17:00:00,2026-05-22,2026,5,22,17,Friday,False
2026-05-22 18:00:00,2026-05-22,2026,5,22,18,Friday,False
2026-05-22 19:00:00,2026-05-22,2026,5,22,19,Friday,False
2026-05-22 20:00:00,2026-05-22,2026,5,22,20,Friday,False
2026-05-22 21:00:00,2026-05-22,2026,5,22,21,Friday,False
2026-05-22 22:00:00,2026-05-22,2026,5,22,22,Friday,False
2026-05-22 23:00:00,2026-05-22,2026,5,22,23,Friday,False
2026-05-23 00:00:00,2026-05-23,2026,5,23,0,Saturday,True
2026-05-23 01:00:00,2026-05-23,2026,5,23,1,Saturday,True
2026-05-23 02:00:00,2026-05-23,2026,5,23,2,Saturday,True
2026-05-23 03:00:00,2026-05-23,2026,5,23,3,Saturday,True
2026-05-23 04:00:00,2026-05-23,2026,5,23,4,Saturday,True
2026-05-23 05:00:00,2026-05-23,2026,5,23,5,Saturday,True
2026-05-23 06:00:00,2026-05-23,2026,5,23,6,Saturday,True
2026-05-23 07:00:00,2026-05-23,2026,5,23,7,Saturday,True
2026-05-23 08:00:00,2026-05-23,2026,5,23,8,Saturday,True
2026-05-23 09:00:00,2026-05-23,2026,5,23,9,Saturday,True
2026-05-23 10:00:00,2026-05-23,2026,5,23,10,Saturday,True
2026-05-23 11:00:00,2026-05-23,2026,5,23,11,Saturday,True
2026-05-23 12:00:00,2026-05-23,2026,5,23,12,Saturday,True
2026-05-23 13:00:00,2026-05-23,2026,5,23,13,Saturday,True
2026-05-23 14:00:00,2026-05-23,2026,5,23,14,Saturday,True
2026-05-23 15:00:00,2026-05-23,2026,5,23,15,Saturday,True
2026-05-23 16:00:00,2026-05-23,2026,5,23,16,Saturday,True
2026-05-23 17:00:00,2026-05-23,2026,5,23,17,Saturday,True
2026-05-23 18:00:00,2026-05-23,2026,5,23,18,Saturday,True
2026-05-23 19:00:00,2026-05-23,2026,5,23,19,Saturday,True
2026-05-23 20:00:00,2026-05-23,2026,5,23,20,Saturday,True
2026-05-23 21:00:00,2026-05-23,2026,5,23,21,Saturday,True
2026-05-23 22:00:00,2026-05-23,2026,5,23,22,Saturday,True
2026-05-23 23:00:00,2026-05-23,2026,5,23,23,Saturday,True
2026-05-24 00:00:00,2026-05-24,2026,5,24,0,Sunday,True
2026-05-24 01:00:00,2026-05-24,2026,5,24,1,Sunday,True
2026-05-24 02:00:00,2026-05-24,2026,5,24,2,Sunday,True
2026-05-24 03:00:00,2026-05-24,2026,5,24,3,Sunday,True
2026-05-24 04:00:00,2026-05-24,2026,5,24,4,Sunday,True
2026-05-24 05:00:00,2026-05-24,2026,5,24,5,Sunday,True
2026-05-24 06:00:00,2026-05-24,2026,5,24,6,Sunday,True
2026-05-24 07:00:00,2026-05-24,2026,5,24,7,Sunday,True
2026-05-24 08:00:00,2026-05-24,2026,5,24,8,Sunday,True
2026-05-24 09:00:00,2026-05-24,2026,5,24,9,Sunday,True
2026-05-24 10:00:00,2026-05-24,2026,5,24,10,Sunday,True
2026-05-24 11:00:00,2026-05-24,2026,5,24,11,Sunday,True
2026-05-24 12:00:00,2026-05-24,2026,5,24,12,Sunday,True
2026-05-24 13:00:00,2026-05-24,2026,5,24,13,Sunday,True
2026-05-24 14:00:00,2026-05-24,2026,5,24,14,Sunday,True
2026-05-24 15:00:00,2026-05-24,2026,5,24,15,Sunday,True
2026-05-24 16:00:00,2026-05-24,2026,5,24,16,Sunday,True
2026-05-24 17:00:00,2026-05-24,2026,5,24,17,Sunday,True
2026-05-24 18:00:00,2026-05-24,2026,5,24,18,Sunday,True
2026-05-24 19:00:00,2026-05-24,2026,5,24,19,Sunday,True
2026-05-24 20:00:00,2026-05-24,2026,5,24,20,Sunday,True
2026-05-24 21:00:00,2026-05-24,2026,5,24,21,Sunday,True
2026-05-24 22:00:00,2026-05-24,2026,5,24,22,Sunday,True
2026-05-24 23:00:00,2026-05-24,2026,5,24,23,Sunday,True
2026-05-25 00:00:00,2026-05-25,2026,5,25,0,Monday,False
2026-05-25 01:00:00,2026-05-25,2026,5,25,1,Monday,False
2026-05-25 02:00:00,2026-05-25,2026,5,25,2,Monday,False
2026-05-25 03:00:00,2026-05-25,2026,5,25,3,Monday,False
2026-05-25 04:00:00,2026-05-25,2026,5,25,4,Monday,False
2026-05-25 05:00:00,2026-05-25,2026,5,25,5,Monday,False
2026-05-25 06:00:00,2026-05-25,2026,5,25,6,Monday,False
2026-05-25 07:00:00,2026-05-25,2026,5,25,7,Monday,False
2026-05-25 08:00:00,2026-05-25,2026,5,25,8,Monday,False
2026-05-25 09:00:00,2026-05-25,2026,5,25,9,Monday,False
2026-05-25 10:00:00,2026-05-25,2026,5,25,10,Monday,False
2026-05-25 11:00:00,2026-05-25,2026,5,25,11,Monday,False
2026-05-25 12:00:00,2026-05-25,2026,5,25,12,Monday,False
2026-05-25 13:00:00,2026-05-25,2026,5,25,13,Monday,False
2026-05-25 14:00:00,2026-05-25,2026,5,25,14,Monday,False
2026-05-25 15:00:00,2026-05-25,2026,5,25,15,Monday,False
2026-05-25 16:00:00,2026-05-25,2026,5,25,16,Monday,False
2026-05-25 17:00:00,2026-05-25,2026,5,25,17,Monday,False
2026-05-25 18:00:00,2026-05-25,2026,5,25,18,Monday,False
2026-05-25 19:00:00,2026-05-25,2026,5,25,19,Monday,False
2026-05-25 20:00:00,2026-05-25,2026,5,25,20,Monday,False
2026-05-25 21:00:00,2026-05-25,2026,5,25,21,Monday,False
2026-05-25 22:00:00,2026-05-25,2026,5,25,22,Monday,False
2026-05-25 23:00:00,2026-05-25,2026,5,25,23,Monday,False
2026-05-26 00:00:00,2026-05-26,2026,5,26,0,Tuesday,False
2026-05-26 01:00:00,2026-05-26,2026,5,26,1,Tuesday,False
2026-05-26 02:00:00,2026-05-26,2026,5,26,2,Tuesday,False
2026-05-26 03:00:00,2026-05-26,2026,5,26,3,Tuesday,False
2026-05-26 04:00:00,2026-05-26,2026,5,26,4,Tuesday,False
2026-05-26 05:00:00,2026-05-26,2026,5,26,5,Tuesday,False
2026-05-26 06:00:00,2026-05-26,2026,5,26,6,Tuesday,False
2026-05-26 07:00:00,2026-05-26,2026,5,26,7,Tuesday,False
2026-05-26 08:00:00,2026-05-26,2026,5,26,8,Tuesday,False
2026-05-26 09:00:00,2026-05-26,2026,5,26,9,Tuesday,False
2026-05-26 10:00:00,2026-05-26,2026,5,26,10,Tuesday,False
2026-05-26 11:00:00,2026-05-26,2026,5,26,11,Tuesday,False
2026-05-26 12:00:00,2026-05-26,2026,5,26,12,Tuesday,False
2026-05-26 13:00:00,2026-05-26,2026,5,26,13,Tuesday,False
2026-05-26 14:00:00,2026-05-26,2026,5,26,14,Tuesday,False
2026-05-26 15:00:00,2026-05-26,2026,5,26,15,Tuesday,False
2026-05-26 16:00:00,2026-05-26,2026,5,26,16,Tuesday,False
2026-05-26 17:00:00,2026-05-26,2026,5,26,17,Tuesday,False
2026-05-26 18:00:00,2026-05-26,2026,5,26,18,Tuesday,False
2026-05-26 19:00:00,2026-05-26,2026,5,26,19,Tuesday,False
2026-05-26 20:00:00,2026-05-26,2026,5,26,20,Tuesday,False
2026-05-26 21:00:00,2026-05-26,2026,5,26,21,Tuesday,False
2026-05-26 22:00:00,2026-05-26,2026,5,26,22,Tuesday,False
2026-05-26 23:00:00,2026-05-26,2026,5,26,23,Tuesday,False
2026-05-27 00:00:00,2026-05-27,2026,5,27,0,Wednesday,False
2026-05-27 01:00:00,2026-05-27,2026,5,27,1,Wednesday,False
2026-05-27 02:00:00,2026-05-27,2026,5,27,2,Wednesday,False
2026-05-27 03:00:00,2026-05-27,2026,5,27,3,Wednesday,False
2026-05-27 04:00:00,2026-05-27,2026,5,27,4,Wednesday,False
2026-05-27 05:00:00,2026-05-27,2026,5,27,5,Wednesday,False
2026-05-27 06:00:00,2026-05-27,2026,5,27,6,Wednesday,False
2026-05-27 07:00:00,2026-05-27,2026,5,27,7,Wednesday,False
2026-05-27 08:00:00,2026-05-27,2026,5,27,8,Wednesday,False
2026-05-27 09:00:00,2026-05-27,2026,5,27,9,Wednesday,False
2026-05-27 10:00:00,2026-05-27,2026,5,27,10,Wednesday,False
2026-05-27 11:00:00,2026-05-27,2026,5,27,11,Wednesday,False
2026-05-27 12:00:00,2026-05-27,2026,5,27,12,Wednesday,False
2026-05-27 13:00:00,2026-05-27,2026,5,27,13,Wednesday,False
2026-05-27 14:00:00,2026-05-27,2026,5,27,14,Wednesday,False
2026-05-27 15:00:00,2026-05-27,2026,5,27,15,Wednesday,False
2026-05-27 16:00:00,2026-05-27,2026,5,27,16,Wednesday,False
2026-05-27 17:00:00,2026-05-27,2026,5,27,17,Wednesday,False
2026-05-27 18:00:00,2026-05-27,2026,5,27,18,Wednesday,False
2026-05-27 19:00:00,2026-05-27,2026,5,27,19,Wednesday,False
2026-05-27 20:00:00,2026-05-27,2026,5,27,20,Wednesday,False
2026-05-27 21:00:00,2026-05-27,2026,5,27,21,Wednesday,False
2026-05-27 22:00:00,2026-05-27,2026,5,27,22,Wednesday,False
2026-05-27 23:00:00,2026-05-27,2026,5,27,23,Wednesday,False
2026-05-28 00:00:00,2026-05-28,2026,5,28,0,Thursday,False
2026-05-28 01:00:00,2026-05-28,2026,5,28,1,Thursday,False
2026-05-28 02:00:00,2026-05-28,2026,5,28,2,Thursday,False
2026-05-28 03:00:00,2026-05-28,2026,5,28,3,Thursday,False
2026-05-28 04:00:00,2026-05-28,2026,5,28,4,Thursday,False
2026-05-28 05:00:00,2026-05-28,2026,5,28,5,Thursday,False
2026-05-28 06:00:00,2026-05-28,2026,5,28,6,Thursday,False
2026-05-28 07:00:00,2026-05-28,2026,5,28,7,Thursday,False
2026-05-28 08:00:00,2026-05-28,2026,5,28,8,Thursday,False
2026-05-28 09:00:00,2026-05-28,2026,5,28,9,Thursday,False
2026-05-28 10:00:00,2026-05-28,2026,5,28,10,Thursday,False
2026-05-28 11:00:00,2026-05-28,2026,5,28,11,Thursday,False
2026-05-28 12:00:00,2026-05-28,2026,5,28,12,Thursday,False
2026-05-28 13:00:00,2026-05-28,2026,5,28,13,Thursday,False
2026-05-28 14:00:00,2026-05-28,2026,5,28,14,Thursday,False
2026-05-28 15:00:00,2026-05-28,2026,5,28,15,Thursday,False
2026-05-28 16:00:00,2026-05-28,2026,5,28,16,Thursday,False
2026-05-28 17:00:00,2026-05-28,2026,5,28,17,Thursday,False
2026-05-28 18:00:00,2026-05-28,2026,5,28,18,Thursday,False
2026-05-28 19:00:00,2026-05-28,2026,5,28,19,Thursday,False
2026-05-28 20:00:00,2026-05-28,2026,5,28,20,Thursday,False
2026-05-28 21:00:00,2026-05-28,2026,5,28,21,Thursday,False
2026-05-28 22:00:00,2026-05-28,2026,5,28,22,Thursday,False
2026-05-28 23:00:00,2026-05-28,2026,5,28,23,Thursday,False
2026-05-29 00:00:00,2026-05-29,2026,5,29,0,Friday,False
2026-05-29 01:00:00,2026-05-29,2026,5,29,1,Friday,False
2026-05-29 02:00:00,2026-05-29,2026,5,29,2,Friday,False
2026-05-29 03:00:00,2026-05-29,2026,5,29,3,Friday,False
2026-05-29 04:00:00,2026-05-29,2026,5,29,4,Friday,False
2026-05-29 05:00:00,2026-05-29,2026,5,29,5,Friday,False
2026-05-29 06:00:00,2026-05-29,2026,5,29,6,Friday,False
2026-05-29 07:00:00,2026-05-29,2026,5,29,7,Friday,False
2026-05-29 08:00:00,2026-05-29,2026,5,29,8,Friday,False
2026-05-29 09:00:00,2026-05-29,2026,5,29,9,Friday,False
2026-05-29 10:00:00,2026-05-29,2026,5,29,10,Friday,False
2026-05-29 11:00:00,2026-05-29,2026,5,29,11,Friday,False
2026-05-29 12:00:00,2026-05-29,2026,5,29,12,Friday,False
2026-05-29 13:00:00,2026-05-29,2026,5,29,13,Friday,False
2026-05-29 14:00:00,2026-05-29,2026,5,29,14,Friday,False
2026-05-29 15:00:00,2026-05-29,2026,5,29,15,Friday,False
2026-05-29 16:00:00,2026-05-29,2026,5,29,16,Friday,False
2026-05-29 17:00:00,2026-05-29,2026,5,29,17,Friday,False
2026-05-29 18:00:00,2026-05-29,2026,5,29,18,Friday,False
2026-05-29 19:00:00,2026-05-29,2026,5,29,19,Friday,False
2026-05-29 20:00:00,2026-05-29,2026,5,29,20,Friday,False
2026-05-29 21:00:00,2026-05-29,2026,5,29,21,Friday,False
2026-05-29 22:00:00,2026-05-29,2026,5,29,22,Friday,False
2026-05-29 23:00:00,2026-05-29,2026,5,29,23,Friday,False
2026-05-30 00:00:00,2026-05-30,2026,5,30,0,Saturday,True
2026-05-30 01:00:00,2026-05-30,2026,5,30,1,Saturday,True
2026-05-30 02:00:00,2026-05-30,2026,5,30,2,Saturday,True
2026-05-30 03:00:00,2026-05-30,2026,5,30,3,Saturday,True
2026-05-30 04:00:00,2026-05-30,2026,5,30,4,Saturday,True
2026-05-30 05:00:00,2026-05-30,2026,5,30,5,Saturday,True
2026-05-30 06:00:00,2026-05-30,2026,5,30,6,Saturday,True
2026-05-30 07:00:00,2026-05-30,2026,5,30,7,Saturday,True
2026-05-30 08:00:00,2026-05-30,2026,5,30,8,Saturday,True
2026-05-30 09:00:00,2026-05-30,2026,5,30,9,Saturday,True
2026-05-30 10:00:00,2026-05-30,2026,5,30,10,Saturday,True
2026-05-30 11:00:00,2026-05-30,2026,5,30,11,Saturday,True
2026-05-30 12:00:00,2026-05-30,2026,5,30,12,Saturday,True
2026-05-30 13:00:00,2026-05-30,2026,5,30,13,Saturday,True
2026-05-30 14:00:00,2026-05-30,2026,5,30,14,Saturday,True
2026-05-30 15:00:00,2026-05-30,2026,5,30,15,Saturday,True
2026-05-30 16:00:00,2026-05-30,2026,5,30,16,Saturday,True
2026-05-30 17:00:00,2026-05-30,2026,5,30,17,Saturday,True
2026-05-30 18:00:00,2026-05-30,2026,5,30,18,Saturday,True
2026-05-30 19:00:00,2026-05-30,2026,5,30,19,Saturday,True
2026-05-30 20:00:00,2026-05-30,2026,5,30,20,Saturday,True
2026-05-30 21:00:00,2026-05-30,2026,5,30,21,Saturday,True
2026-05-30 22:00:00,2026-05-30,2026,5,30,22,Saturday,True
2026-05-30 23:00:00,2026-05-30,2026,5,30,23,Saturday,True
2026-05-31 00:00:00,2026-05-31,2026,5,31,0,Sunday,True
2026-05-31 01:00:00,2026-05-31,2026,5,31,1,Sunday,True
2026-05-31 02:00:00,2026-05-31,2026,5,31,2,Sunday,True
2026-05-31 03:00:00,2026-05-31,2026,5,31,3,Sunday,True
2026-05-31 04:00:00,2026-05-31,2026,5,31,4,Sunday,True
2026-05-31 05:00:00,2026-05-31,2026,5,31,5,Sunday,True
2026-05-31 06:00:00,2026-05-31,2026,5,31,6,Sunday,True
2026-05-31 07:00:00,2026-05-31,2026,5,31,7,Sunday,True
2026-05-31 08:00:00,2026-05-31,2026,5,31,8,Sunday,True
2026-05-31 09:00:00,2026-05-31,2026,5,31,9,Sunday,True
2026-05-31 10:00:00,2026-05-31,2026,5,31,10,Sunday,True
2026-05-31 11:00:00,2026-05-31,2026,5,31,11,Sunday,True
2026-05-31 12:00:00,2026-05-31,2026,5,31,12,Sunday,True
2026-05-31 13:00:00,2026-05-31,2026,5,31,13,Sunday,True
2026-05-31 14:00:00,2026-05-31,2026,5,31,14,Sunday,True
2026-05-31 15:00:00,2026-05-31,2026,5,31,15,Sunday,True
2026-05-31 16:00:00,2026-05-31,2026,5,31,16,Sunday,True
2026-05-31 17:00:00,2026-05-31,2026,5,31,17,Sunday,True
2026-05-31 18:00:00,2026-05-31,2026,5,31,18,Sunday,True
2026-05-31 19:00:00,2026-05-31,2026,5,31,19,Sunday,True
2026-05-31 20:00:00,2026-05-31,2026,5,31,20,Sunday,True
2026-05-31 21:00:00,2026-05-31,2026,5,31,21,Sunday,True
2026-05-31 22:00:00,2026-05-31,2026,5,31,22,Sunday,True
2026-05-31 23:00:00,2026-05-31,2026,5,31,23,Sunday,True
2026-06-01 00:00:00,2026-06-01,2026,6,1,0,Monday,False
2026-06-01 01:00:00,2026-06-01,2026,6,1,1,Monday,False
2026-06-01 02:00:00,2026-06-01,2026,6,1,2,Monday,False
2026-06-01 03:00:00,2026-06-01,2026,6,1,3,Monday,False
2026-06-01 04:00:00,2026-06-01,2026,6,1,4,Monday,False
2026-06-01 05:00:00,2026-06-01,2026,6,1,5,Monday,False
2026-06-01 06:00:00,2026-06-01,2026,6,1,6,Monday,False
2026-06-01 07:00:00,2026-06-01,2026,6,1,7,Monday,False
2026-06-01 08:00:00,2026-06-01,2026,6,1,8,Monday,False
2026-06-01 09:00:00,2026-06-01,2026,6,1,9,Monday,False
2026-06-01 10:00:00,2026-06-01,2026,6,1,10,Monday,False
2026-06-01 11:00:00,2026-06-01,2026,6,1,11,Monday,False
2026-06-01 12:00:00,2026-06-01,2026,6,1,12,Monday,False
2026-06-01 13:00:00,2026-06-01,2026,6,1,13,Monday,False
2026-06-01 14:00:00,2026-06-01,2026,6,1,14,Monday,False
2026-06-01 15:00:00,2026-06-01,2026,6,1,15,Monday,False
2026-06-01 16:00:00,2026-06-01,2026,6,1,16,Monday,False
2026-06-01 17:00:00,2026-06-01,2026,6,1,17,Monday,False
2026-06-01 18:00:00,2026-06-01,2026,6,1,18,Monday,False
2026-06-01 19:00:00,2026-06-01,2026,6,1,19,Monday,False
2026-06-01 20:00:00,2026-06-01,2026,6,1,20,Monday,False
2026-06-01 21:00:00,2026-06-01,2026,6,1,21,Monday,False
2026-06-01 22:00:00,2026-06-01,2026,6,1,22,Monday,False
2026-06-01 23:00:00,2026-06-01,2026,6,1,23,Monday,False
2026-06-02 00:00:00,2026-06-02,2026,6,2,0,Tuesday,False
2026-06-02 01:00:00,2026-06-02,2026,6,2,1,Tuesday,False
2026-06-02 02:00:00,2026-06-02,2026,6,2,2,Tuesday,False
2026-06-02 03:00:00,2026-06-02,2026,6,2,3,Tuesday,False
2026-06-02 04:00:00,2026-06-02,2026,6,2,4,Tuesday,False
2026-06-02 05:00:00,2026-06-02,2026,6,2,5,Tuesday,False
2026-06-02 06:00:00,2026-06-02,2026,6,2,6,Tuesday,False
2026-06-02 07:00:00,2026-06-02,2026,6,2,7,Tuesday,False
2026-06-02 08:00:00,2026-06-02,2026,6,2,8,Tuesday,False
2026-06-02 09:00:00,2026-06-02,2026,6,2,9,Tuesday,False
2026-06-02 10:00:00,2026-06-02,2026,6,2,10,Tuesday,False
2026-06-02 11:00:00,2026-06-02,2026,6,2,11,Tuesday,False
2026-06-02 12:00:00,2026-06-02,2026,6,2,12,Tuesday,False
2026-06-02 13:00:00,2026-06-02,2026,6,2,13,Tuesday,False
2026-06-02 14:00:00,2026-06-02,2026,6,2,14,Tuesday,False
2026-06-02 15:00:00,2026-06-02,2026,6,2,15,Tuesday,False
2026-06-02 16:00:00,2026-06-02,2026,6,2,16,Tuesday,False
2026-06-02 17:00:00,2026-06-02,2026,6,2,17,Tuesday,False
2026-06-02 18:00:00,2026-06-02,2026,6,2,18,Tuesday,False
2026-06-02 19:00:00,2026-06-02,2026,6,2,19,Tuesday,False
2026-06-02 20:00:00,2026-06-02,2026,6,2,20,Tuesday,False
2026-06-02 21:00:00,2026-06-02,2026,6,2,21,Tuesday,False
2026-06-02 22:00:00,2026-06-02,2026,6,2,22,Tuesday,False
2026-06-02 23:00:00,2026-06-02,2026,6,2,23,Tuesday,False
2026-06-03 00:00:00,2026-06-03,2026,6,3,0,Wednesday,False
2026-06-03 01:00:00,2026-06-03,2026,6,3,1,Wednesday,False
2026-06-03 02:00:00,2026-06-03,2026,6,3,2,Wednesday,False
2026-06-03 03:00:00,2026-06-03,2026,6,3,3,Wednesday,False
2026-06-03 04:00:00,2026-06-03,2026,6,3,4,Wednesday,False
2026-06-03 05:00:00,2026-06-03,2026,6,3,5,Wednesday,False
2026-06-03 06:00:00,2026-06-03,2026,6,3,6,Wednesday,False
2026-06-03 07:00:00,2026-06-03,2026,6,3,7,Wednesday,False
2026-06-03 08:00:00,2026-06-03,2026,6,3,8,Wednesday,False
2026-06-03 09:00:00,2026-06-03,2026,6,3,9,Wednesday,False
2026-06-03 10:00:00,2026-06-03,2026,6,3,10,Wednesday,False
2026-06-03 11:00:00,2026-06-03,2026,6,3,11,Wednesday,False
2026-06-03 12:00:00,2026-06-03,2026,6,3,12,Wednesday,False
2026-06-03 13:00:00,2026-06-03,2026,6,3,13,Wednesday,False
2026-06-03 14:00:00,2026-06-03,2026,6,3,14,Wednesday,False
2026-06-03 15:00:00,2026-06-03,2026,6,3,15,Wednesday,False
2026-06-03 16:00:00,2026-06-03,2026,6,3,16,Wednesday,False
2026-06-03 17:00:00,2026-06-03,2026,6,3,17,Wednesday,False
2026-06-03 18:00:00,2026-06-03,2026,6,3,18,Wednesday,False
2026-06-03 19:00:00,2026-06-03,2026,6,3,19,Wednesday,False
2026-06-03 20:00:00,2026-06-03,2026,6,3,20,Wednesday,False
2026-06-03 21:00:00,2026-06-03,2026,6,3,21,Wednesday,False
2026-06-03 22:00:00,2026-06-03,2026,6,3,22,Wednesday,False
2026-06-03 23:00:00,2026-06-03,2026,6,3,23,Wednesday,False
2026-06-04 00:00:00,2026-06-04,2026,6,4,0,Thursday,False
2026-06-04 01:00:00,2026-06-04,2026,6,4,1,Thursday,False
2026-06-04 02:00:00,2026-06-04,2026,6,4,2,Thursday,False
2026-06-04 03:00:00,2026-06-04,2026,6,4,3,Thursday,False
2026-06-04 04:00:00,2026-06-04,2026,6,4,4,Thursday,False
2026-06-04 05:00:00,2026-06-04,2026,6,4,5,Thursday,False
2026-06-04 06:00:00,2026-06-04,2026,6,4,6,Thursday,False
2026-06-04 07:00:00,2026-06-04,2026,6,4,7,Thursday,False
2026-06-04 08:00:00,2026-06-04,2026,6,4,8,Thursday,False
2026-06-04 09:00:00,2026-06-04,2026,6,4,9,Thursday,False
2026-06-04 10:00:00,2026-06-04,2026,6,4,10,Thursday,False
2026-06-04 11:00:00,2026-06-04,2026,6,4,11,Thursday,False
2026-06-04 12:00:00,2026-06-04,2026,6,4,12,Thursday,False
2026-06-04 13:00:00,2026-06-04,2026,6,4,13,Thursday,False
2026-06-04 14:00:00,2026-06-04,2026,6,4,14,Thursday,False
2026-06-04 15:00:00,2026-06-04,2026,6,4,15,Thursday,False
2026-06-04 16:00:00,2026-06-04,2026,6,4,16,Thursday,False
2026-06-04 17:00:00,2026-06-04,2026,6,4,17,Thursday,False
2026-06-04 18:00:00,2026-06-04,2026,6,4,18,Thursday,False
2026-06-04 19:00:00,2026-06-04,2026,6,4,19,Thursday,False
2026-06-04 20:00:00,2026-06-04,2026,6,4,20,Thursday,False
2026-06-04 21:00:00,2026-06-04,2026,6,4,21,Thursday,False
2026-06-04 22:00:00,2026-06-04,2026,6,4,22,Thursday,False
2026-06-04 23:00:00,2026-06-04,2026,6,4,23,Thursday,False
2026-06-05 00:00:00,2026-06-05,2026,6,5,0,Friday,False
2026-06-05 01:00:00,2026-06-05,2026,6,5,1,Friday,False
2026-06-05 02:00:00,2026-06-05,2026,6,5,2,Friday,False
2026-06-05 03:00:00,2026-06-05,2026,6,5,3,Friday,False
2026-06-05 04:00:00,2026-06-05,2026,6,5,4,Friday,False
2026-06-05 05:00:00,2026-06-05,2026,6,5,5,Friday,False
2026-06-05 06:00:00,2026-06-05,2026,6,5,6,Friday,False
2026-06-05 07:00:00,2026-06-05,2026,6,5,7,Friday,False
2026-06-05 08:00:00,2026-06-05,2026,6,5,8,Friday,False
2026-06-05 09:00:00,2026-06-05,2026,6,5,9,Friday,False
2026-06-05 10:00:00,2026-06-05,2026,6,5,10,Friday,False
2026-06-05 11:00:00,2026-06-05,2026,6,5,11,Friday,False
2026-06-05 12:00:00,2026-06-05,2026,6,5,12,Friday,False
2026-06-05 13:00:00,2026-06-05,2026,6,5,13,Friday,False
2026-06-05 14:00:00,2026-06-05,2026,6,5,14,Friday,False
2026-06-05 15:00:00,2026-06-05,2026,6,5,15,Friday,False
2026-06-05 16:00:00,2026-06-05,2026,6,5,16,Friday,False
2026-06-05 17:00:00,2026-06-05,2026,6,5,17,Friday,False
2026-06-05 18:00:00,2026-06-05,2026,6,5,18,Friday,False
2026-06-05 19:00:00,2026-06-05,2026,6,5,19,Friday,False
2026-06-05 20:00:00,2026-06-05,2026,6,5,20,Friday,False
2026-06-05 21:00:00,2026-06-05,2026,6,5,21,Friday,False
2026-06-05 22:00:00,2026-06-05,2026,6,5,22,Friday,False
2026-06-05 23:00:00,2026-06-05,2026,6,5,23,Friday,False
2026-06-06 00:00:00,2026-06-06,2026,6,6,0,Saturday,True
2026-06-06 01:00:00,2026-06-06,2026,6,6,1,Saturday,True
2026-06-06 02:00:00,2026-06-06,2026,6,6,2,Saturday,True
2026-06-06 03:00:00,2026-06-06,2026,6,6,3,Saturday,True
2026-06-06 04:00:00,2026-06-06,2026,6,6,4,Saturday,True
2026-06-06 05:00:00,2026-06-06,2026,6,6,5,Saturday,True
2026-06-06 06:00:00,2026-06-06,2026,6,6,6,Saturday,True
2026-06-06 07:00:00,2026-06-06,2026,6,6,7,Saturday,True
2026-06-06 08:00:00,2026-06-06,2026,6,6,8,Saturday,True
2026-06-06 09:00:00,2026-06-06,2026,6,6,9,Saturday,True
2026-06-06 10:00:00,2026-06-06,2026,6,6,10,Saturday,True
2026-06-06 11:00:00,2026-06-06,2026,6,6,11,Saturday,True
2026-06-06 12:00:00,2026-06-06,2026,6,6,12,Saturday,True
2026-06-06 13:00:00,2026-06-06,2026,6,6,13,Saturday,True
2026-06-06 14:00:00,2026-06-06,2026,6,6,14,Saturday,True
2026-06-06 15:00:00,2026-06-06,2026,6,6,15,Saturday,True
2026-06-06 16:00:00,2026-06-06,2026,6,6,16,Saturday,True
2026-06-06 17:00:00,2026-06-06,2026,6,6,17,Saturday,True
2026-06-06 18:00:00,2026-06-06,2026,6,6,18,Saturday,True
2026-06-06 19:00:00,2026-06-06,2026,6,6,19,Saturday,True
2026-06-06 20:00:00,2026-06-06,2026,6,6,20,Saturday,True
2026-06-06 21:00:00,2026-06-06,2026,6,6,21,Saturday,True
2026-06-06 22:00:00,2026-06-06,2026,6,6,22,Saturday,True
2026-06-06 23:00:00,2026-06-06,2026,6,6,23,Saturday,True
2026-06-07 00:00:00,2026-06-07,2026,6,7,0,Sunday,True
2026-06-07 01:00:00,2026-06-07,2026,6,7,1,Sunday,True
2026-06-07 02:00:00,2026-06-07,2026,6,7,2,Sunday,True
2026-06-07 03:00:00,2026-06-07,2026,6,7,3,Sunday,True
2026-06-07 04:00:00,2026-06-07,2026,6,7,4,Sunday,True
2026-06-07 05:00:00,2026-06-07,2026,6,7,5,Sunday,True
2026-06-07 06:00:00,2026-06-07,2026,6,7,6,Sunday,True
2026-06-07 07:00:00,2026-06-07,2026,6,7,7,Sunday,True
2026-06-07 08:00:00,2026-06-07,2026,6,7,8,Sunday,True
2026-06-07 09:00:00,2026-06-07,2026,6,7,9,Sunday,True
2026-06-07 10:00:00,2026-06-07,2026,6,7,10,Sunday,True
2026-06-07 11:00:00,2026-06-07,2026,6,7,11,Sunday,True
2026-06-07 12:00:00,2026-06-07,2026,6,7,12,Sunday,True
2026-06-07 13:00:00,2026-06-07,2026,6,7,13,Sunday,True
2026-06-07 14:00:00,2026-06-07,2026,6,7,14,Sunday,True
2026-06-07 15:00:00,2026-06-07,2026,6,7,15,Sunday,True
2026-06-07 16:00:00,2026-06-07,2026,6,7,16,Sunday,True
2026-06-07 17:00:00,2026-06-07,2026,6,7,17,Sunday,True
2026-06-07 18:00:00,2026-06-07,2026,6,7,18,Sunday,True
2026-06-07 19:00:00,2026-06-07,2026,6,7,19,Sunday,True
2026-06-07 20:00:00,2026-06-07,2026,6,7,20,Sunday,True
2026-06-07 21:00:00,2026-06-07,2026,6,7,21,Sunday,True
2026-06-07 22:00:00,2026-06-07,2026,6,7,22,Sunday,True
2026-06-07 23:00:00,2026-06-07,2026,6,7,23,Sunday,True
2026-06-08 00:00:00,2026-06-08,2026,6,8,0,Monday,False
2026-06-08 01:00:00,2026-06-08,2026,6,8,1,Monday,False
2026-06-08 02:00:00,2026-06-08,2026,6,8,2,Monday,False
2026-06-08 03:00:00,2026-06-08,2026,6,8,3,Monday,False
2026-06-08 04:00:00,2026-06-08,2026,6,8,4,Monday,False
2026-06-08 05:00:00,2026-06-08,2026,6,8,5,Monday,False
2026-06-08 06:00:00,2026-06-08,2026,6,8,6,Monday,False
2026-06-08 07:00:00,2026-06-08,2026,6,8,7,Monday,False
2026-06-08 08:00:00,2026-06-08,2026,6,8,8,Monday,False
2026-06-08 09:00:00,2026-06-08,2026,6,8,9,Monday,False
2026-06-08 10:00:00,2026-06-08,2026,6,8,10,Monday,False
2026-06-08 11:00:00,2026-06-08,2026,6,8,11,Monday,False
2026-06-08 12:00:00,2026-06-08,2026,6,8,12,Monday,False
2026-06-08 13:00:00,2026-06-08,2026,6,8,13,Monday,False
2026-06-08 14:00:00,2026-06-08,2026,6,8,14,Monday,False
2026-06-08 15:00:00,2026-06-08,2026,6,8,15,Monday,False
2026-06-08 16:00:00,2026-06-08,2026,6,8,16,Monday,False
2026-06-08 17:00:00,2026-06-08,2026,6,8,17,Monday,False
2026-06-08 18:00:00,2026-06-08,2026,6,8,18,Monday,False
2026-06-08 19:00:00,2026-06-08,2026,6,8,19,Monday,False
2026-06-08 20:00:00,2026-06-08,2026,6,8,20,Monday,False
2026-06-08 21:00:00,2026-06-08,2026,6,8,21,Monday,False
2026-06-08 22:00:00,2026-06-08,2026,6,8,22,Monday,False
2026-06-08 23:00:00,2026-06-08,2026,6,8,23,Monday,False
2026-06-09 00:00:00,2026-06-09,2026,6,9,0,Tuesday,False
2026-06-09 01:00:00,2026-06-09,2026,6,9,1,Tuesday,False
2026-06-09 02:00:00,2026-06-09,2026,6,9,2,Tuesday,False
2026-06-09 03:00:00,2026-06-09,2026,6,9,3,Tuesday,False
2026-06-09 04:00:00,2026-06-09,2026,6,9,4,Tuesday,False
2026-06-09 05:00:00,2026-06-09,2026,6,9,5,Tuesday,False
2026-06-09 06:00:00,2026-06-09,2026,6,9,6,Tuesday,False
2026-06-09 07:00:00,2026-06-09,2026,6,9,7,Tuesday,False
2026-06-09 08:00:00,2026-06-09,2026,6,9,8,Tuesday,False
2026-06-09 09:00:00,2026-06-09,2026,6,9,9,Tuesday,False
2026-06-09 10:00:00,2026-06-09,2026,6,9,10,Tuesday,False
2026-06-09 11:00:00,2026-06-09,2026,6,9,11,Tuesday,False
2026-06-09 12:00:00,2026-06-09,2026,6,9,12,Tuesday,False
2026-06-09 13:00:00,2026-06-09,2026,6,9,13,Tuesday,False
2026-06-09 14:00:00,2026-06-09,2026,6,9,14,Tuesday,False
2026-06-09 15:00:00,2026-06-09,2026,6,9,15,Tuesday,False
2026-06-09 16:00:00,2026-06-09,2026,6,9,16,Tuesday,False
2026-06-09 17:00:00,2026-06-09,2026,6,9,17,Tuesday,False
2026-06-09 18:00:00,2026-06-09,2026,6,9,18,Tuesday,False
2026-06-09 19:00:00,2026-06-09,2026,6,9,19,Tuesday,False
2026-06-09 20:00:00,2026-06-09,2026,6,9,20,Tuesday,False
2026-06-09 21:00:00,2026-06-09,2026,6,9,21,Tuesday,False
2026-06-09 22:00:00,2026-06-09,2026,6,9,22,Tuesday,False
2026-06-09 23:00:00,2026-06-09,2026,6,9,23,Tuesday,False
2026-06-10 00:00:00,2026-06-10,2026,6,10,0,Wednesday,False
2026-06-10 01:00:00,2026-06-10,2026,6,10,1,Wednesday,False
2026-06-10 02:00:00,2026-06-10,2026,6,10,2,Wednesday,False
2026-06-10 03:00:00,2026-06-10,2026,6,10,3,Wednesday,False
2026-06-10 04:00:00,2026-06-10,2026,6,10,4,Wednesday,False
2026-06-10 05:00:00,2026-06-10,2026,6,10,5,Wednesday,False
2026-06-10 06:00:00,2026-06-10,2026,6,10,6,Wednesday,False
2026-06-10 07:00:00,2026-06-10,2026,6,10,7,Wednesday,False
2026-06-10 08:00:00,2026-06-10,2026,6,10,8,Wednesday,False
2026-06-10 09:00:00,2026-06-10,2026,6,10,9,Wednesday,False
2026-06-10 10:00:00,2026-06-10,2026,6,10,10,Wednesday,False
2026-06-10 11:00:00,2026-06-10,2026,6,10,11,Wednesday,False
2026-06-10 12:00:00,2026-06-10,2026,6,10,12,Wednesday,False
2026-06-10 13:00:00,2026-06-10,2026,6,10,13,Wednesday,False
2026-06-10 14:00:00,2026-06-10,2026,6,10,14,Wednesday,False
2026-06-10 15:00:00,2026-06-10,2026,6,10,15,Wednesday,False
2026-06-10 16:00:00,2026-06-10,2026,6,10,16,Wednesday,False
2026-06-10 17:00:00,2026-06-10,2026,6,10,17,Wednesday,False
2026-06-10 18:00:00,2026-06-10,2026,6,10,18,Wednesday,False
2026-06-10 19:00:00,2026-06-10,2026,6,10,19,Wednesday,False
2026-06-10 20:00:00,2026-06-10,2026,6,10,20,Wednesday,False
2026-06-10 21:00:00,2026-06-10,2026,6,10,21,Wednesday,False
2026-06-10 22:00:00,2026-06-10,2026,6,10,22,Wednesday,False
2026-06-10 23:00:00,2026-06-10,2026,6,10,23,Wednesday,False
2026-06-11 00:00:00,2026-06-11,2026,6,11,0,Thursday,False
2026-06-11 01:00:00,2026-06-11,2026,6,11,1,Thursday,False
2026-06-11 02:00:00,2026-06-11,2026,6,11,2,Thursday,False
2026-06-11 03:00:00,2026-06-11,2026,6,11,3,Thursday,False
2026-06-11 04:00:00,2026-06-11,2026,6,11,4,Thursday,False
2026-06-11 05:00:00,2026-06-11,2026,6,11,5,Thursday,False
2026-06-11 06:00:00,2026-06-11,2026,6,11,6,Thursday,False
2026-06-11 07:00:00,2026-06-11,2026,6,11,7,Thursday,False
2026-06-11 08:00:00,2026-06-11,2026,6,11,8,Thursday,False
2026-06-11 09:00:00,2026-06-11,2026,6,11,9,Thursday,False
2026-06-11 10:00:00,2026-06-11,2026,6,11,10,Thursday,False
2026-06-11 11:00:00,2026-06-11,2026,6,11,11,Thursday,False
2026-06-11 12:00:00,2026-06-11,2026,6,11,12,Thursday,False
2026-06-11 13:00:00,2026-06-11,2026,6,11,13,Thursday,False
2026-06-11 14:00:00,2026-06-11,2026,6,11,14,Thursday,False
2026-06-11 15:00:00,2026-06-11,2026,6,11,15,Thursday,False
2026-06-11 16:00:00,2026-06-11,2026,6,11,16,Thursday,False
2026-06-11 17:00:00,2026-06-11,2026,6,11,17,Thursday,False
2026-06-11 18:00:00,2026-06-11,2026,6,11,18,Thursday,False
2026-06-11 19:00:00,2026-06-11,2026,6,11,19,Thursday,False
2026-06-11 20:00:00,2026-06-11,2026,6,11,20,Thursday,False
2026-06-11 21:00:00,2026-06-11,2026,6,11,21,Thursday,False
2026-06-11 22:00:00,2026-06-11,2026,6,11,22,Thursday,False
2026-06-11 23:00:00,2026-06-11,2026,6,11,23,Thursday,False
2026-06-12 00:00:00,2026-06-12,2026,6,12,0,Friday,False
2026-06-12 01:00:00,2026-06-12,2026,6,12,1,Friday,False
2026-06-12 02:00:00,2026-06-12,2026,6,12,2,Friday,False
2026-06-12 03:00:00,2026-06-12,2026,6,12,3,Friday,False
2026-06-12 04:00:00,2026-06-12,2026,6,12,4,Friday,False
2026-06-12 05:00:00,2026-06-12,2026,6,12,5,Friday,False
2026-06-12 06:00:00,2026-06-12,2026,6,12,6,Friday,False
2026-06-12 07:00:00,2026-06-12,2026,6,12,7,Friday,False
2026-06-12 08:00:00,2026-06-12,2026,6,12,8,Friday,False
2026-06-12 09:00:00,2026-06-12,2026,6,12,9,Friday,False
2026-06-12 10:00:00,2026-06-12,2026,6,12,10,Friday,False
2026-06-12 11:00:00,2026-06-12,2026,6,12,11,Friday,False
2026-06-12 12:00:00,2026-06-12,2026,6,12,12,Friday,False
2026-06-12 13:00:00,2026-06-12,2026,6,12,13,Friday,False
2026-06-12 14:00:00,2026-06-12,2026,6,12,14,Friday,False
2026-06-12 15:00:00,2026-06-12,2026,6,12,15,Friday,False
2026-06-12 16:00:00,2026-06-12,2026,6,12,16,Friday,False
2026-06-12 17:00:00,2026-06-12,2026,6,12,17,Friday,False
2026-06-12 18:00:00,2026-06-12,2026,6,12,18,Friday,False
2026-06-12 19:00:00,2026-06-12,2026,6,12,19,Friday,False
2026-06-12 20:00:00,2026-06-12,2026,6,12,20,Friday,False
2026-06-12 21:00:00,2026-06-12,2026,6,12,21,Friday,False
2026-06-12 22:00:00,2026-06-12,2026,6,12,22,Friday,False
2026-06-12 23:00:00,2026-06-12,2026,6,12,23,Friday,False
2026-06-13 00:00:00,2026-06-13,2026,6,13,0,Saturday,True
2026-06-13 01:00:00,2026-06-13,2026,6,13,1,Saturday,True
2026-06-13 02:00:00,2026-06-13,2026,6,13,2,Saturday,True
2026-06-13 03:00:00,2026-06-13,2026,6,13,3,Saturday,True
2026-06-13 04:00:00,2026-06-13,2026,6,13,4,Saturday,True
2026-06-13 05:00:00,2026-06-13,2026,6,13,5,Saturday,True
2026-06-13 06:00:00,2026-06-13,2026,6,13,6,Saturday,True
2026-06-13 07:00:00,2026-06-13,2026,6,13,7,Saturday,True
2026-06-13 08:00:00,2026-06-13,2026,6,13,8,Saturday,True
2026-06-13 09:00:00,2026-06-13,2026,6,13,9,Saturday,True
2026-06-13 10:00:00,2026-06-13,2026,6,13,10,Saturday,True
2026-06-13 11:00:00,2026-06-13,2026,6,13,11,Saturday,True
2026-06-13 12:00:00,2026-06-13,2026,6,13,12,Saturday,True
2026-06-13 13:00:00,2026-06-13,2026,6,13,13,Saturday,True
2026-06-13 14:00:00,2026-06-13,2026,6,13,14,Saturday,True
2026-06-13 15:00:00,2026-06-13,2026,6,13,15,Saturday,True
2026-06-13 16:00:00,2026-06-13,2026,6,13,16,Saturday,True
2026-06-13 17:00:00,2026-06-13,2026,6,13,17,Saturday,True
2026-06-13 18:00:00,2026-06-13,2026,6,13,18,Saturday,True
2026-06-13 19:00:00,2026-06-13,2026,6,13,19,Saturday,True
2026-06-13 20:00:00,2026-06-13,2026,6,13,20,Saturday,True
2026-06-13 21:00:00,2026-06-13,2026,6,13,21,Saturday,True
2026-06-13 22:00:00,2026-06-13,2026,6,13,22,Saturday,True
2026-06-13 23:00:00,2026-06-13,2026,6,13,23,Saturday,True
2026-06-14 00:00:00,2026-06-14,2026,6,14,0,Sunday,True
2026-06-14 01:00:00,2026-06-14,2026,6,14,1,Sunday,True
2026-06-14 02:00:00,2026-06-14,2026,6,14,2,Sunday,True
2026-06-14 03:00:00,2026-06-14,2026,6,14,3,Sunday,True
2026-06-14 04:00:00,2026-06-14,2026,6,14,4,Sunday,True
2026-06-14 05:00:00,2026-06-14,2026,6,14,5,Sunday,True
2026-06-14 06:00:00,2026-06-14,2026,6,14,6,Sunday,True
2026-06-14 07:00:00,2026-06-14,2026,6,14,7,Sunday,True
2026-06-14 08:00:00,2026-06-14,2026,6,14,8,Sunday,True
2026-06-14 09:00:00,2026-06-14,2026,6,14,9,Sunday,True
2026-06-14 10:00:00,2026-06-14,2026,6,14,10,Sunday,True
2026-06-14 11:00:00,2026-06-14,2026,6,14,11,Sunday,True
2026-06-14 12:00:00,2026-06-14,2026,6,14,12,Sunday,True
2026-06-14 13:00:00,2026-06-14,2026,6,14,13,Sunday,True
2026-06-14 14:00:00,2026-06-14,2026,6,14,14,Sunday,True
2026-06-14 15:00:00,2026-06-14,2026,6,14,15,Sunday,True
2026-06-14 16:00:00,2026-06-14,2026,6,14,16,Sunday,True
2026-06-14 17:00:00,2026-06-14,2026,6,14,17,Sunday,True
2026-06-14 18:00:00,2026-06-14,2026,6,14,18,Sunday,True
2026-06-14 19:00:00,2026-06-14,2026,6,14,19,Sunday,True
2026-06-14 20:00:00,2026-06-14,2026,6,14,20,Sunday,True
2026-06-14 21:00:00,2026-06-14,2026,6,14,21,Sunday,True
2026-06-14 22:00:00,2026-06-14,2026,6,14,22,Sunday,True
2026-06-14 23:00:00,2026-06-14,2026,6,14,23,Sunday,True
2026-06-15 00:00:00,2026-06-15,2026,6,15,0,Monday,False
2026-06-15 01:00:00,2026-06-15,2026,6,15,1,Monday,False
2026-06-15 02:00:00,2026-06-15,2026,6,15,2,Monday,False
2026-06-15 03:00:00,2026-06-15,2026,6,15,3,Monday,False
2026-06-15 04:00:00,2026-06-15,2026,6,15,4,Monday,False
2026-06-15 05:00:00,2026-06-15,2026,6,15,5,Monday,False
2026-06-15 06:00:00,2026-06-15,2026,6,15,6,Monday,False
2026-06-15 07:00:00,2026-06-15,2026,6,15,7,Monday,False
2026-06-15 08:00:00,2026-06-15,2026,6,15,8,Monday,False
2026-06-15 09:00:00,2026-06-15,2026,6,15,9,Monday,False
2026-06-15 10:00:00,2026-06-15,2026,6,15,10,Monday,False
2026-06-15 11:00:00,2026-06-15,2026,6,15,11,Monday,False
2026-06-15 12:00:00,2026-06-15,2026,6,15,12,Monday,False
2026-06-15 13:00:00,2026-06-15,2026,6,15,13,Monday,False
2026-06-15 14:00:00,2026-06-15,2026,6,15,14,Monday,False
2026-06-15 15:00:00,2026-06-15,2026,6,15,15,Monday,False
2026-06-15 16:00:00,2026-06-15,2026,6,15,16,Monday,False
2026-06-15 17:00:00,2026-06-15,2026,6,15,17,Monday,False
2026-06-15 18:00:00,2026-06-15,2026,6,15,18,Monday,False
2026-06-15 19:00:00,2026-06-15,2026,6,15,19,Monday,False
2026-06-15 20:00:00,2026-06-15,2026,6,15,20,Monday,False
2026-06-15 21:00:00,2026-06-15,2026,6,15,21,Monday,False
2026-06-15 22:00:00,2026-06-15,2026,6,15,22,Monday,False
2026-06-15 23:00:00,2026-06-15,2026,6,15,23,Monday,False
2026-06-16 00:00:00,2026-06-16,2026,6,16,0,Tuesday,False
2026-06-16 01:00:00,2026-06-16,2026,6,16,1,Tuesday,False
2026-06-16 02:00:00,2026-06-16,2026,6,16,2,Tuesday,False
2026-06-16 03:00:00,2026-06-16,2026,6,16,3,Tuesday,False
2026-06-16 04:00:00,2026-06-16,2026,6,16,4,Tuesday,False
2026-06-16 05:00:00,2026-06-16,2026,6,16,5,Tuesday,False
2026-06-16 06:00:00,2026-06-16,2026,6,16,6,Tuesday,False
2026-06-16 07:00:00,2026-06-16,2026,6,16,7,Tuesday,False
2026-06-16 08:00:00,2026-06-16,2026,6,16,8,Tuesday,False
2026-06-16 09:00:00,2026-06-16,2026,6,16,9,Tuesday,False
2026-06-16 10:00:00,2026-06-16,2026,6,16,10,Tuesday,False
2026-06-16 11:00:00,2026-06-16,2026,6,16,11,Tuesday,False
2026-06-16 12:00:00,2026-06-16,2026,6,16,12,Tuesday,False
2026-06-16 13:00:00,2026-06-16,2026,6,16,13,Tuesday,False
2026-06-16 14:00:00,2026-06-16,2026,6,16,14,Tuesday,False
2026-06-16 15:00:00,2026-06-16,2026,6,16,15,Tuesday,False
2026-06-16 16:00:00,2026-06-16,2026,6,16,16,Tuesday,False
2026-06-16 17:00:00,2026-06-16,2026,6,16,17,Tuesday,False
2026-06-16 18:00:00,2026-06-16,2026,6,16,18,Tuesday,False
2026-06-16 19:00:00,2026-06-16,2026,6,16,19,Tuesday,False
2026-06-16 20:00:00,2026-06-16,2026,6,16,20,Tuesday,False
2026-06-16 21:00:00,2026-06-16,2026,6,16,21,Tuesday,False
2026-06-16 22:00:00,2026-06-16,2026,6,16,22,Tuesday,False
2026-06-16 23:00:00,2026-06-16,2026,6,16,23,Tuesday,False
2026-06-17 00:00:00,2026-06-17,2026,6,17,0,Wednesday,False
2026-06-17 01:00:00,2026-06-17,2026,6,17,1,Wednesday,False
2026-06-17 02:00:00,2026-06-17,2026,6,17,2,Wednesday,False
2026-06-17 03:00:00,2026-06-17,2026,6,17,3,Wednesday,False
2026-06-17 04:00:00,2026-06-17,2026,6,17,4,Wednesday,False
2026-06-17 05:00:00,2026-06-17,2026,6,17,5,Wednesday,False
2026-06-17 06:00:00,2026-06-17,2026,6,17,6,Wednesday,False
2026-06-17 07:00:00,2026-06-17,2026,6,17,7,Wednesday,False
2026-06-17 08:00:00,2026-06-17,2026,6,17,8,Wednesday,False
2026-06-17 09:00:00,2026-06-17,2026,6,17,9,Wednesday,False
2026-06-17 10:00:00,2026-06-17,2026,6,17,10,Wednesday,False
2026-06-17 11:00:00,2026-06-17,2026,6,17,11,Wednesday,False
2026-06-17 12:00:00,2026-06-17,2026,6,17,12,Wednesday,False
2026-06-17 13:00:00,2026-06-17,2026,6,17,13,Wednesday,False
2026-06-17 14:00:00,2026-06-17,2026,6,17,14,Wednesday,False
2026-06-17 15:00:00,2026-06-17,2026,6,17,15,Wednesday,False
2026-06-17 16:00:00,2026-06-17,2026,6,17,16,Wednesday,False
2026-06-17 17:00:00,2026-06-17,2026,6,17,17,Wednesday,False
2026-06-17 18:00:00,2026-06-17,2026,6,17,18,Wednesday,False
2026-06-17 19:00:00,2026-06-17,2026,6,17,19,Wednesday,False
2026-06-17 20:00:00,2026-06-17,2026,6,17,20,Wednesday,False
2026-06-17 21:00:00,2026-06-17,2026,6,17,21,Wednesday,False
2026-06-17 22:00:00,2026-06-17,2026,6,17,22,Wednesday,False
2026-06-17 23:00:00,2026-06-17,2026,6,17,23,Wednesday,False
2026-06-18 00:00:00,2026-06-18,2026,6,18,0,Thursday,False
2026-06-18 01:00:00,2026-06-18,2026,6,18,1,Thursday,False
2026-06-18 02:00:00,2026-06-18,2026,6,18,2,Thursday,False
2026-06-18 03:00:00,2026-06-18,2026,6,18,3,Thursday,False
2026-06-18 04:00:00,2026-06-18,2026,6,18,4,Thursday,False
2026-06-18 05:00:00,2026-06-18,2026,6,18,5,Thursday,False
2026-06-18 06:00:00,2026-06-18,2026,6,18,6,Thursday,False
2026-06-18 07:00:00,2026-06-18,2026,6,18,7,Thursday,False
2026-06-18 08:00:00,2026-06-18,2026,6,18,8,Thursday,False
2026-06-18 09:00:00,2026-06-18,2026,6,18,9,Thursday,False
2026-06-18 10:00:00,2026-06-18,2026,6,18,10,Thursday,False
2026-06-18 11:00:00,2026-06-18,2026,6,18,11,Thursday,False
2026-06-18 12:00:00,2026-06-18,2026,6,18,12,Thursday,False
2026-06-18 13:00:00,2026-06-18,2026,6,18,13,Thursday,False
2026-06-18 14:00:00,2026-06-18,2026,6,18,14,Thursday,False
2026-06-18 15:00:00,2026-06-18,2026,6,18,15,Thursday,False
2026-06-18 16:00:00,2026-06-18,2026,6,18,16,Thursday,False
2026-06-18 17:00:00,2026-06-18,2026,6,18,17,Thursday,False
2026-06-18 18:00:00,2026-06-18,2026,6,18,18,Thursday,False
2026-06-18 19:00:00,2026-06-18,2026,6,18,19,Thursday,False
2026-06-18 20:00:00,2026-06-18,2026,6,18,20,Thursday,False
2026-06-18 21:00:00,2026-06-18,2026,6,18,21,Thursday,False
2026-06-18 22:00:00,2026-06-18,2026,6,18,22,Thursday,False
2026-06-18 23:00:00,2026-06-18,2026,6,18,23,Thursday,False
2026-06-19 00:00:00,2026-06-19,2026,6,19,0,Friday,False
2026-06-19 01:00:00,2026-06-19,2026,6,19,1,Friday,False
2026-06-19 02:00:00,2026-06-19,2026,6,19,2,Friday,False
2026-06-19 03:00:00,2026-06-19,2026,6,19,3,Friday,False
2026-06-19 04:00:00,2026-06-19,2026,6,19,4,Friday,False
2026-06-19 05:00:00,2026-06-19,2026,6,19,5,Friday,False
2026-06-19 06:00:00,2026-06-19,2026,6,19,6,Friday,False
2026-06-19 07:00:00,2026-06-19,2026,6,19,7,Friday,False
2026-06-19 08:00:00,2026-06-19,2026,6,19,8,Friday,False
2026-06-19 09:00:00,2026-06-19,2026,6,19,9,Friday,False
2026-06-19 10:00:00,2026-06-19,2026,6,19,10,Friday,False
2026-06-19 11:00:00,2026-06-19,2026,6,19,11,Friday,False
2026-06-19 12:00:00,2026-06-19,2026,6,19,12,Friday,False
2026-06-19 13:00:00,2026-06-19,2026,6,19,13,Friday,False
2026-06-19 14:00:00,2026-06-19,2026,6,19,14,Friday,False
2026-06-19 15:00:00,2026-06-19,2026,6,19,15,Friday,False
2026-06-19 16:00:00,2026-06-19,2026,6,19,16,Friday,False
2026-06-19 17:00:00,2026-06-19,2026,6,19,17,Friday,False
2026-06-19 18:00:00,2026-06-19,2026,6,19,18,Friday,False
2026-06-19 19:00:00,2026-06-19,2026,6,19,19,Friday,False
2026-06-19 20:00:00,2026-06-19,2026,6,19,20,Friday,False
2026-06-19 21:00:00,2026-06-19,2026,6,19,21,Friday,False
2026-06-19 22:00:00,2026-06-19,2026,6,19,22,Friday,False
2026-06-19 23:00:00,2026-06-19,2026,6,19,23,Friday,False
2026-06-20 00:00:00,2026-06-20,2026,6,20,0,Saturday,True
2026-06-20 01:00:00,2026-06-20,2026,6,20,1,Saturday,True
2026-06-20 02:00:00,2026-06-20,2026,6,20,2,Saturday,True
2026-06-20 03:00:00,2026-06-20,2026,6,20,3,Saturday,True
2026-06-20 04:00:00,2026-06-20,2026,6,20,4,Saturday,True
2026-06-20 05:00:00,2026-06-20,2026,6,20,5,Saturday,True
2026-06-20 06:00:00,2026-06-20,2026,6,20,6,Saturday,True
2026-06-20 07:00:00,2026-06-20,2026,6,20,7,Saturday,True
2026-06-20 08:00:00,2026-06-20,2026,6,20,8,Saturday,True
2026-06-20 09:00:00,2026-06-20,2026,6,20,9,Saturday,True
2026-06-20 10:00:00,2026-06-20,2026,6,20,10,Saturday,True
2026-06-20 11:00:00,2026-06-20,2026,6,20,11,Saturday,True
2026-06-20 12:00:00,2026-06-20,2026,6,20,12,Saturday,True
2026-06-20 13:00:00,2026-06-20,2026,6,20,13,Saturday,True
2026-06-20 14:00:00,2026-06-20,2026,6,20,14,Saturday,True
2026-06-20 15:00:00,2026-06-20,2026,6,20,15,Saturday,True
2026-06-20 16:00:00,2026-06-20,2026,6,20,16,Saturday,True
2026-06-20 17:00:00,2026-06-20,2026,6,20,17,Saturday,True
2026-06-20 18:00:00,2026-06-20,2026,6,20,18,Saturday,True
2026-06-20 19:00:00,2026-06-20,2026,6,20,19,Saturday,True
2026-06-20 20:00:00,2026-06-20,2026,6,20,20,Saturday,True
2026-06-20 21:00:00,2026-06-20,2026,6,20,21,Saturday,True
2026-06-20 22:00:00,2026-06-20,2026,6,20,22,Saturday,True
2026-06-20 23:00:00,2026-06-20,2026,6,20,23,Saturday,True
2026-06-21 00:00:00,2026-06-21,2026,6,21,0,Sunday,True
2026-06-21 01:00:00,2026-06-21,2026,6,21,1,Sunday,True
2026-06-21 02:00:00,2026-06-21,2026,6,21,2,Sunday,True
2026-06-21 03:00:00,2026-06-21,2026,6,21,3,Sunday,True
2026-06-21 04:00:00,2026-06-21,2026,6,21,4,Sunday,True
2026-06-21 05:00:00,2026-06-21,2026,6,21,5,Sunday,True
2026-06-21 06:00:00,2026-06-21,2026,6,21,6,Sunday,True
2026-06-21 07:00:00,2026-06-21,2026,6,21,7,Sunday,True
2026-06-21 08:00:00,2026-06-21,2026,6,21,8,Sunday,True
2026-06-21 09:00:00,2026-06-21,2026,6,21,9,Sunday,True
2026-06-21 10:00:00,2026-06-21,2026,6,21,10,Sunday,True
2026-06-21 11:00:00,2026-06-21,2026,6,21,11,Sunday,True
2026-06-21 12:00:00,2026-06-21,2026,6,21,12,Sunday,True
2026-06-21 13:00:00,2026-06-21,2026,6,21,13,Sunday,True
2026-06-21 14:00:00,2026-06-21,2026,6,21,14,Sunday,True
2026-06-21 15:00:00,2026-06-21,2026,6,21,15,Sunday,True
2026-06-21 16:00:00,2026-06-21,2026,6,21,16,Sunday,True
2026-06-21 17:00:00,2026-06-21,2026,6,21,17,Sunday,True
2026-06-21 18:00:00,2026-06-21,2026,6,21,18,Sunday,True
2026-06-21 19:00:00,2026-06-21,2026,6,21,19,Sunday,True
2026-06-21 20:00:00,2026-06-21,2026,6,21,20,Sunday,True
2026-06-21 21:00:00,2026-06-21,2026,6,21,21,Sunday,True
2026-06-21 22:00:00,2026-06-21,2026,6,21,22,Sunday,True
2026-06-21 23:00:00,2026-06-21,2026,6,21,23,Sunday,True
2026-06-22 00:00:00,2026-06-22,2026,6,22,0,Monday,False
2026-06-22 01:00:00,2026-06-22,2026,6,22,1,Monday,False
2026-06-22 02:00:00,2026-06-22,2026,6,22,2,Monday,False
2026-06-22 03:00:00,2026-06-22,2026,6,22,3,Monday,False
2026-06-22 04:00:00,2026-06-22,2026,6,22,4,Monday,False
2026-06-22 05:00:00,2026-06-22,2026,6,22,5,Monday,False
2026-06-22 06:00:00,2026-06-22,2026,6,22,6,Monday,False
2026-06-22 07:00:00,2026-06-22,2026,6,22,7,Monday,False
2026-06-22 08:00:00,2026-06-22,2026,6,22,8,Monday,False
2026-06-22 09:00:00,2026-06-22,2026,6,22,9,Monday,False
2026-06-22 10:00:00,2026-06-22,2026,6,22,10,Monday,False
2026-06-22 11:00:00,2026-06-22,2026,6,22,11,Monday,False
2026-06-22 12:00:00,2026-06-22,2026,6,22,12,Monday,False
2026-06-22 13:00:00,2026-06-22,2026,6,22,13,Monday,False
2026-06-22 14:00:00,2026-06-22,2026,6,22,14,Monday,False
2026-06-22 15:00:00,2026-06-22,2026,6,22,15,Monday,False
2026-06-22 16:00:00,2026-06-22,2026,6,22,16,Monday,False
2026-06-22 17:00:00,2026-06-22,2026,6,22,17,Monday,False
2026-06-22 18:00:00,2026-06-22,2026,6,22,18,Monday,False
2026-06-22 19:00:00,2026-06-22,2026,6,22,19,Monday,False
2026-06-22 20:00:00,2026-06-22,2026,6,22,20,Monday,False
2026-06-22 21:00:00,2026-06-22,2026,6,22,21,Monday,False
2026-06-22 22:00:00,2026-06-22,2026,6,22,22,Monday,False
2026-06-22 23:00:00,2026-06-22,2026,6,22,23,Monday,False
2026-06-23 00:00:00,2026-06-23,2026,6,23,0,Tuesday,False
2026-06-23 01:00:00,2026-06-23,2026,6,23,1,Tuesday,False
2026-06-23 02:00:00,2026-06-23,2026,6,23,2,Tuesday,False
2026-06-23 03:00:00,2026-06-23,2026,6,23,3,Tuesday,False
2026-06-23 04:00:00,2026-06-23,2026,6,23,4,Tuesday,False
2026-06-23 05:00:00,2026-06-23,2026,6,23,5,Tuesday,False
2026-06-23 06:00:00,2026-06-23,2026,6,23,6,Tuesday,False
2026-06-23 07:00:00,2026-06-23,2026,6,23,7,Tuesday,False
2026-06-23 08:00:00,2026-06-23,2026,6,23,8,Tuesday,False
2026-06-23 09:00:00,2026-06-23,2026,6,23,9,Tuesday,False
2026-06-23 10:00:00,2026-06-23,2026,6,23,10,Tuesday,False
2026-06-23 11:00:00,2026-06-23,2026,6,23,11,Tuesday,False
2026-06-23 12:00:00,2026-06-23,2026,6,23,12,Tuesday,False
2026-06-23 13:00:00,2026-06-23,2026,6,23,13,Tuesday,False
2026-06-23 14:00:00,2026-06-23,2026,6,23,14,Tuesday,False
2026-06-23 15:00:00,2026-06-23,2026,6,23,15,Tuesday,False
2026-06-23 16:00:00,2026-06-23,2026,6,23,16,Tuesday,False
2026-06-23 17:00:00,2026-06-23,2026,6,23,17,Tuesday,False
2026-06-23 18:00:00,2026-06-23,2026,6,23,18,Tuesday,False
2026-06-23 19:00:00,2026-06-23,2026,6,23,19,Tuesday,False
2026-06-23 20:00:00,2026-06-23,2026,6,23,20,Tuesday,False
2026-06-23 21:00:00,2026-06-23,2026,6,23,21,Tuesday,False
2026-06-23 22:00:00,2026-06-23,2026,6,23,22,Tuesday,False
2026-06-23 23:00:00,2026-06-23,2026,6,23,23,Tuesday,False
2026-06-24 00:00:00,2026-06-24,2026,6,24,0,Wednesday,False
2026-06-24 01:00:00,2026-06-24,2026,6,24,1,Wednesday,False
2026-06-24 02:00:00,2026-06-24,2026,6,24,2,Wednesday,False
2026-06-24 03:00:00,2026-06-24,2026,6,24,3,Wednesday,False
2026-06-24 04:00:00,2026-06-24,2026,6,24,4,Wednesday,False
2026-06-24 05:00:00,2026-06-24,2026,6,24,5,Wednesday,False
2026-06-24 06:00:00,2026-06-24,2026,6,24,6,Wednesday,False
2026-06-24 07:00:00,2026-06-24,2026,6,24,7,Wednesday,False
2026-06-24 08:00:00,2026-06-24,2026,6,24,8,Wednesday,False
2026-06-24 09:00:00,2026-06-24,2026,6,24,9,Wednesday,False
2026-06-24 10:00:00,2026-06-24,2026,6,24,10,Wednesday,False
2026-06-24 11:00:00,2026-06-24,2026,6,24,11,Wednesday,False
2026-06-24 12:00:00,2026-06-24,2026,6,24,12,Wednesday,False
2026-06-24 13:00:00,2026-06-24,2026,6,24,13,Wednesday,False
2026-06-24 14:00:00,2026-06-24,2026,6,24,14,Wednesday,False
2026-06-24 15:00:00,2026-06-24,2026,6,24,15,Wednesday,False
2026-06-24 16:00:00,2026-06-24,2026,6,24,16,Wednesday,False
2026-06-24 17:00:00,2026-06-24,2026,6,24,17,Wednesday,False
2026-06-24 18:00:00,2026-06-24,2026,6,24,18,Wednesday,False
2026-06-24 19:00:00,2026-06-24,2026,6,24,19,Wednesday,False
2026-06-24 20:00:00,2026-06-24,2026,6,24,20,Wednesday,False
2026-06-24 21:00:00,2026-06-24,2026,6,24,21,Wednesday,False
2026-06-24 22:00:00,2026-06-24,2026,6,24,22,Wednesday,False
2026-06-24 23:00:00,2026-06-24,2026,6,24,23,Wednesday,False
2026-06-25 00:00:00,2026-06-25,2026,6,25,0,Thursday,False
2026-06-25 01:00:00,2026-06-25,2026,6,25,1,Thursday,False
2026-06-25 02:00:00,2026-06-25,2026,6,25,2,Thursday,False
2026-06-25 03:00:00,2026-06-25,2026,6,25,3,Thursday,False
2026-06-25 04:00:00,2026-06-25,2026,6,25,4,Thursday,False
2026-06-25 05:00:00,2026-06-25,2026,6,25,5,Thursday,False
2026-06-25 06:00:00,2026-06-25,2026,6,25,6,Thursday,False
2026-06-25 07:00:00,2026-06-25,2026,6,25,7,Thursday,False
2026-06-25 08:00:00,2026-06-25,2026,6,25,8,Thursday,False
2026-06-25 09:00:00,2026-06-25,2026,6,25,9,Thursday,False
2026-06-25 10:00:00,2026-06-25,2026,6,25,10,Thursday,False
2026-06-25 11:00:00,2026-06-25,2026,6,25,11,Thursday,False
2026-06-25 12:00:00,2026-06-25,2026,6,25,12,Thursday,False
2026-06-25 13:00:00,2026-06-25,2026,6,25,13,Thursday,False
2026-06-25 14:00:00,2026-06-25,2026,6,25,14,Thursday,False
2026-06-25 15:00:00,2026-06-25,2026,6,25,15,Thursday,False
2026-06-25 16:00:00,2026-06-25,2026,6,25,16,Thursday,False
2026-06-25 17:00:00,2026-06-25,2026,6,25,17,Thursday,False
2026-06-25 18:00:00,2026-06-25,2026,6,25,18,Thursday,False
2026-06-25 19:00:00,2026-06-25,2026,6,25,19,Thursday,False
2026-06-25 20:00:00,2026-06-25,2026,6,25,20,Thursday,False
2026-06-25 21:00:00,2026-06-25,2026,6,25,21,Thursday,False
2026-06-25 22:00:00,2026-06-25,2026,6,25,22,Thursday,False
2026-06-25 23:00:00,2026-06-25,2026,6,25,23,Thursday,False
2026-06-26 00:00:00,2026-06-26,2026,6,26,0,Friday,False
2026-06-26 01:00:00,2026-06-26,2026,6,26,1,Friday,False
2026-06-26 02:00:00,2026-06-26,2026,6,26,2,Friday,False
2026-06-26 03:00:00,2026-06-26,2026,6,26,3,Friday,False
2026-06-26 04:00:00,2026-06-26,2026,6,26,4,Friday,False
2026-06-26 05:00:00,2026-06-26,2026,6,26,5,Friday,False
2026-06-26 06:00:00,2026-06-26,2026,6,26,6,Friday,False
2026-06-26 07:00:00,2026-06-26,2026,6,26,7,Friday,False
2026-06-26 08:00:00,2026-06-26,2026,6,26,8,Friday,False
2026-06-26 09:00:00,2026-06-26,2026,6,26,9,Friday,False
2026-06-26 10:00:00,2026-06-26,2026,6,26,10,Friday,False
2026-06-26 11:00:00,2026-06-26,2026,6,26,11,Friday,False
2026-06-26 12:00:00,2026-06-26,2026,6,26,12,Friday,False
2026-06-26 13:00:00,2026-06-26,2026,6,26,13,Friday,False
2026-06-26 14:00:00,2026-06-26,2026,6,26,14,Friday,False
2026-06-26 15:00:00,2026-06-26,2026,6,26,15,Friday,False
2026-06-26 16:00:00,2026-06-26,2026,6,26,16,Friday,False
2026-06-26 17:00:00,2026-06-26,2026,6,26,17,Friday,False
2026-06-26 18:00:00,2026-06-26,2026,6,26,18,Friday,False
2026-06-26 19:00:00,2026-06-26,2026,6,26,19,Friday,False
2026-06-26 20:00:00,2026-06-26,2026,6,26,20,Friday,False
2026-06-26 21:00:00,2026-06-26,2026,6,26,21,Friday,False
2026-06-26 22:00:00,2026-06-26,2026,6,26,22,Friday,False
2026-06-26 23:00:00,2026-06-26,2026,6,26,23,Friday,False
2026-06-27 00:00:00,2026-06-27,2026,6,27,0,Saturday,True
2026-06-27 01:00:00,2026-06-27,2026,6,27,1,Saturday,True
2026-06-27 02:00:00,2026-06-27,2026,6,27,2,Saturday,True
2026-06-27 03:00:00,2026-06-27,2026,6,27,3,Saturday,True
2026-06-27 04:00:00,2026-06-27,2026,6,27,4,Saturday,True
2026-06-27 05:00:00,2026-06-27,2026,6,27,5,Saturday,True
2026-06-27 06:00:00,2026-06-27,2026,6,27,6,Saturday,True
2026-06-27 07:00:00,2026-06-27,2026,6,27,7,Saturday,True
2026-06-27 08:00:00,2026-06-27,2026,6,27,8,Saturday,True
2026-06-27 09:00:00,2026-06-27,2026,6,27,9,Saturday,True
2026-06-27 10:00:00,2026-06-27,2026,6,27,10,Saturday,True
2026-06-27 11:00:00,2026-06-27,2026,6,27,11,Saturday,True
2026-06-27 12:00:00,2026-06-27,2026,6,27,12,Saturday,True
2026-06-27 13:00:00,2026-06-27,2026,6,27,13,Saturday,True
2026-06-27 14:00:00,2026-06-27,2026,6,27,14,Saturday,True
2026-06-27 15:00:00,2026-06-27,2026,6,27,15,Saturday,True
2026-06-27 16:00:00,2026-06-27,2026,6,27,16,Saturday,True
2026-06-27 17:00:00,2026-06-27,2026,6,27,17,Saturday,True
2026-06-27 18:00:00,2026-06-27,2026,6,27,18,Saturday,True
2026-06-27 19:00:00,2026-06-27,2026,6,27,19,Saturday,True
2026-06-27 20:00:00,2026-06-27,2026,6,27,20,Saturday,True
2026-06-27 21:00:00,2026-06-27,2026,6,27,21,Saturday,True
2026-06-27 22:00:00,2026-06-27,2026,6,27,22,Saturday,True
2026-06-27 23:00:00,2026-06-27,2026,6,27,23,Saturday,True
2026-06-28 00:00:00,2026-06-28,2026,6,28,0,Sunday,True
2026-06-28 01:00:00,2026-06-28,2026,6,28,1,Sunday,True
2026-06-28 02:00:00,2026-06-28,2026,6,28,2,Sunday,True
2026-06-28 03:00:00,2026-06-28,2026,6,28,3,Sunday,True
2026-06-28 04:00:00,2026-06-28,2026,6,28,4,Sunday,True
2026-06-28 05:00:00,2026-06-28,2026,6,28,5,Sunday,True
2026-06-28 06:00:00,2026-06-28,2026,6,28,6,Sunday,True
2026-06-28 07:00:00,2026-06-28,2026,6,28,7,Sunday,True
2026-06-28 08:00:00,2026-06-28,2026,6,28,8,Sunday,True
2026-06-28 09:00:00,2026-06-28,2026,6,28,9,Sunday,True
2026-06-28 10:00:00,2026-06-28,2026,6,28,10,Sunday,True
2026-06-28 11:00:00,2026-06-28,2026,6,28,11,Sunday,True
2026-06-28 12:00:00,2026-06-28,2026,6,28,12,Sunday,True
2026-06-28 13:00:00,2026-06-28,2026,6,28,13,Sunday,True
2026-06-28 14:00:00,2026-06-28,2026,6,28,14,Sunday,True
2026-06-28 15:00:00,2026-06-28,2026,6,28,15,Sunday,True
2026-06-28 16:00:00,2026-06-28,2026,6,28,16,Sunday,True
2026-06-28 17:00:00,2026-06-28,2026,6,28,17,Sunday,True
2026-06-28 18:00:00,2026-06-28,2026,6,28,18,Sunday,True
2026-06-28 19:00:00,2026-06-28,2026,6,28,19,Sunday,True
2026-06-28 20:00:00,2026-06-28,2026,6,28,20,Sunday,True
2026-06-28 21:00:00,2026-06-28,2026,6,28,21,Sunday,True
2026-06-28 22:00:00,2026-06-28,2026,6,28,22,Sunday,True
2026-06-28 23:00:00,2026-06-28,2026,6,28,23,Sunday,True
2026-06-29 00:00:00,2026-06-29,2026,6,29,0,Monday,False
2026-06-29 01:00:00,2026-06-29,2026,6,29,1,Monday,False
2026-06-29 02:00:00,2026-06-29,2026,6,29,2,Monday,False
2026-06-29 03:00:00,2026-06-29,2026,6,29,3,Monday,False
2026-06-29 04:00:00,2026-06-29,2026,6,29,4,Monday,False
2026-06-29 05:00:00,2026-06-29,2026,6,29,5,Monday,False
2026-06-29 06:00:00,2026-06-29,2026,6,29,6,Monday,False
2026-06-29 07:00:00,2026-06-29,2026,6,29,7,Monday,False
2026-06-29 08:00:00,2026-06-29,2026,6,29,8,Monday,False
2026-06-29 09:00:00,2026-06-29,2026,6,29,9,Monday,False
2026-06-29 10:00:00,2026-06-29,2026,6,29,10,Monday,False
2026-06-29 11:00:00,2026-06-29,2026,6,29,11,Monday,False
2026-06-29 12:00:00,2026-06-29,2026,6,29,12,Monday,False
2026-06-29 13:00:00,2026-06-29,2026,6,29,13,Monday,False
2026-06-29 14:00:00,2026-06-29,2026,6,29,14,Monday,False
2026-06-29 15:00:00,2026-06-29,2026,6,29,15,Monday,False
2026-06-29 16:00:00,2026-06-29,2026,6,29,16,Monday,False
2026-06-29 17:00:00,2026-06-29,2026,6,29,17,Monday,False
2026-06-29 18:00:00,2026-06-29,2026,6,29,18,Monday,False
2026-06-29 19:00:00,2026-06-29,2026,6,29,19,Monday,False
2026-06-29 20:00:00,2026-06-29,2026,6,29,20,Monday,False
2026-06-29 21:00:00,2026-06-29,2026,6,29,21,Monday,False
2026-06-29 22:00:00,2026-06-29,2026,6,29,22,Monday,False
2026-06-29 23:00:00,2026-06-29,2026,6,29,23,Monday,False
2026-06-30 00:00:00,2026-06-30,2026,6,30,0,Tuesday,False
2026-06-30 01:00:00,2026-06-30,2026,6,30,1,Tuesday,False
2026-06-30 02:00:00,2026-06-30,2026,6,30,2,Tuesday,False
2026-06-30 03:00:00,2026-06-30,2026,6,30,3,Tuesday,False
2026-06-30 04:00:00,2026-06-30,2026,6,30,4,Tuesday,False
2026-06-30 05:00:00,2026-06-30,2026,6,30,5,Tuesday,False
2026-06-30 06:00:00,2026-06-30,2026,6,30,6,Tuesday,False
2026-06-30 07:00:00,2026-06-30,2026,6,30,7,Tuesday,False
2026-06-30 08:00:00,2026-06-30,2026,6,30,8,Tuesday,False
2026-06-30 09:00:00,2026-06-30,2026,6,30,9,Tuesday,False
2026-06-30 10:00:00,2026-06-30,2026,6,30,10,Tuesday,False
2026-06-30 11:00:00,2026-06-30,2026,6,30,11,Tuesday,False
2026-06-30 12:00:00,2026-06-30,2026,6,30,12,Tuesday,False
2026-06-30 13:00:00,2026-06-30,2026,6,30,13,Tuesday,False
2026-06-30 14:00:00,2026-06-30,2026,6,30,14,Tuesday,False
2026-06-30 15:00:00,2026-06-30,2026,6,30,15,Tuesday,False
2026-06-30 16:00:00,2026-06-30,2026,6,30,16,Tuesday,False
2026-06-30 17:00:00,2026-06-30,2026,6,30,17,Tuesday,False
2026-06-30 18:00:00,2026-06-30,2026,6,30,18,Tuesday,False
2026-06-30 19:00:00,2026-06-30,2026,6,30,19,Tuesday,False
2026-06-30 20:00:00,2026-06-30,2026,6,30,20,Tuesday,False
2026-06-30 21:00:00,2026-06-30,2026,6,30,21,Tuesday,False
2026-06-30 22:00:00,2026-06-30,2026,6,30,22,Tuesday,False
2026-06-30 23:00:00,2026-06-30,2026,6,30,23,Tuesday,False
2026-07-01 00:00:00,2026-07-01,2026,7,1,0,Wednesday,False
2026-07-01 01:00:00,2026-07-01,2026,7,1,1,Wednesday,False
2026-07-01 02:00:00,2026-07-01,2026,7,1,2,Wednesday,False
2026-07-01 03:00:00,2026-07-01,2026,7,1,3,Wednesday,False
2026-07-01 04:00:00,2026-07-01,2026,7,1,4,Wednesday,False
2026-07-01 05:00:00,2026-07-01,2026,7,1,5,Wednesday,False
2026-07-01 06:00:00,2026-07-01,2026,7,1,6,Wednesday,False
2026-07-01 07:00:00,2026-07-01,2026,7,1,7,Wednesday,False
2026-07-01 08:00:00,2026-07-01,2026,7,1,8,Wednesday,False
2026-07-01 09:00:00,2026-07-01,2026,7,1,9,Wednesday,False
2026-07-01 10:00:00,2026-07-01,2026,7,1,10,Wednesday,False
2026-07-01 11:00:00,2026-07-01,2026,7,1,11,Wednesday,False
2026-07-01 12:00:00,2026-07-01,2026,7,1,12,Wednesday,False
2026-07-01 13:00:00,2026-07-01,2026,7,1,13,Wednesday,False
2026-07-01 14:00:00,2026-07-01,2026,7,1,14,Wednesday,False
2026-07-01 15:00:00,2026-07-01,2026,7,1,15,Wednesday,False
2026-07-01 16:00:00,2026-07-01,2026,7,1,16,Wednesday,False
2026-07-01 17:00:00,2026-07-01,2026,7,1,17,Wednesday,False
2026-07-01 18:00:00,2026-07-01,2026,7,1,18,Wednesday,False
2026-07-01 19:00:00,2026-07-01,2026,7,1,19,Wednesday,False
2026-07-01 20:00:00,2026-07-01,2026,7,1,20,Wednesday,False
2026-07-01 21:00:00,2026-07-01,2026,7,1,21,Wednesday,False
2026-07-01 22:00:00,2026-07-01,2026,7,1,22,Wednesday,False
2026-07-01 23:00:00,2026-07-01,2026,7,1,23,Wednesday,False
2026-07-02 00:00:00,2026-07-02,2026,7,2,0,Thursday,False
2026-07-02 01:00:00,2026-07-02,2026,7,2,1,Thursday,False
2026-07-02 02:00:00,2026-07-02,2026,7,2,2,Thursday,False
2026-07-02 03:00:00,2026-07-02,2026,7,2,3,Thursday,False
2026-07-02 04:00:00,2026-07-02,2026,7,2,4,Thursday,False
2026-07-02 05:00:00,2026-07-02,2026,7,2,5,Thursday,False
2026-07-02 06:00:00,2026-07-02,2026,7,2,6,Thursday,False
2026-07-02 07:00:00,2026-07-02,2026,7,2,7,Thursday,False
2026-07-02 08:00:00,2026-07-02,2026,7,2,8,Thursday,False
2026-07-02 09:00:00,2026-07-02,2026,7,2,9,Thursday,False
2026-07-02 10:00:00,2026-07-02,2026,7,2,10,Thursday,False
2026-07-02 11:00:00,2026-07-02,2026,7,2,11,Thursday,False
2026-07-02 12:00:00,2026-07-02,2026,7,2,12,Thursday,False
2026-07-02 13:00:00,2026-07-02,2026,7,2,13,Thursday,False
2026-07-02 14:00:00,2026-07-02,2026,7,2,14,Thursday,False
2026-07-02 15:00:00,2026-07-02,2026,7,2,15,Thursday,False
2026-07-02 16:00:00,2026-07-02,2026,7,2,16,Thursday,False
2026-07-02 17:00:00,2026-07-02,2026,7,2,17,Thursday,False
2026-07-02 18:00:00,2026-07-02,2026,7,2,18,Thursday,False
2026-07-02 19:00:00,2026-07-02,2026,7,2,19,Thursday,False
2026-07-02 20:00:00,2026-07-02,2026,7,2,20,Thursday,False
2026-07-02 21:00:00,2026-07-02,2026,7,2,21,Thursday,False
2026-07-02 22:00:00,2026-07-02,2026,7,2,22,Thursday,False
2026-07-02 23:00:00,2026-07-02,2026,7,2,23,Thursday,False
2026-07-03 00:00:00,2026-07-03,2026,7,3,0,Friday,False
2026-07-03 01:00:00,2026-07-03,2026,7,3,1,Friday,False
2026-07-03 02:00:00,2026-07-03,2026,7,3,2,Friday,False
2026-07-03 03:00:00,2026-07-03,2026,7,3,3,Friday,False
2026-07-03 04:00:00,2026-07-03,2026,7,3,4,Friday,False
2026-07-03 05:00:00,2026-07-03,2026,7,3,5,Friday,False
2026-07-03 06:00:00,2026-07-03,2026,7,3,6,Friday,False
2026-07-03 07:00:00,2026-07-03,2026,7,3,7,Friday,False
2026-07-03 08:00:00,2026-07-03,2026,7,3,8,Friday,False
2026-07-03 09:00:00,2026-07-03,2026,7,3,9,Friday,False
2026-07-03 10:00:00,2026-07-03,2026,7,3,10,Friday,False
2026-07-03 11:00:00,2026-07-03,2026,7,3,11,Friday,False
2026-07-03 12:00:00,2026-07-03,2026,7,3,12,Friday,False
2026-07-03 13:00:00,2026-07-03,2026,7,3,13,Friday,False
2026-07-03 14:00:00,2026-07-03,2026,7,3,14,Friday,False
2026-07-03 15:00:00,2026-07-03,2026,7,3,15,Friday,False
2026-07-03 16:00:00,2026-07-03,2026,7,3,16,Friday,False
2026-07-03 17:00:00,2026-07-03,2026,7,3,17,Friday,False
2026-07-03 18:00:00,2026-07-03,2026,7,3,18,Friday,False
2026-07-03 19:00:00,2026-07-03,2026,7,3,19,Friday,False
2026-07-03 20:00:00,2026-07-03,2026,7,3,20,Friday,False
2026-07-03 21:00:00,2026-07-03,2026,7,3,21,Friday,False
2026-07-03 22:00:00,2026-07-03,2026,7,3,22,Friday,False
2026-07-03 23:00:00,2026-07-03,2026,7,3,23,Friday,False
2026-07-04 00:00:00,2026-07-04,2026,7,4,0,Saturday,True
2026-07-04 01:00:00,2026-07-04,2026,7,4,1,Saturday,True
2026-07-04 02:00:00,2026-07-04,2026,7,4,2,Saturday,True
2026-07-04 03:00:00,2026-07-04,2026,7,4,3,Saturday,True
2026-07-04 04:00:00,2026-07-04,2026,7,4,4,Saturday,True
2026-07-04 05:00:00,2026-07-04,2026,7,4,5,Saturday,True
2026-07-04 06:00:00,2026-07-04,2026,7,4,6,Saturday,True
2026-07-04 07:00:00,2026-07-04,2026,7,4,7,Saturday,True
2026-07-04 08:00:00,2026-07-04,2026,7,4,8,Saturday,True
2026-07-04 09:00:00,2026-07-04,2026,7,4,9,Saturday,True
2026-07-04 10:00:00,2026-07-04,2026,7,4,10,Saturday,True
2026-07-04 11:00:00,2026-07-04,2026,7,4,11,Saturday,True
2026-07-04 12:00:00,2026-07-04,2026,7,4,12,Saturday,True
2026-07-04 13:00:00,2026-07-04,2026,7,4,13,Saturday,True
2026-07-04 14:00:00,2026-07-04,2026,7,4,14,Saturday,True
2026-07-04 15:00:00,2026-07-04,2026,7,4,15,Saturday,True
2026-07-04 16:00:00,2026-07-04,2026,7,4,16,Saturday,True
2026-07-04 17:00:00,2026-07-04,2026,7,4,17,Saturday,True
2026-07-04 18:00:00,2026-07-04,2026,7,4,18,Saturday,True
2026-07-04 19:00:00,2026-07-04,2026,7,4,19,Saturday,True
2026-07-04 20:00:00,2026-07-04,2026,7,4,20,Saturday,True
2026-07-04 21:00:00,2026-07-04,2026,7,4,21,Saturday,True
2026-07-04 22:00:00,2026-07-04,2026,7,4,22,Saturday,True
2026-07-04 23:00:00,2026-07-04,2026,7,4,23,Saturday,True
2026-07-05 00:00:00,2026-07-05,2026,7,5,0,Sunday,True
2026-07-05 01:00:00,2026-07-05,2026,7,5,1,Sunday,True
2026-07-05 02:00:00,2026-07-05,2026,7,5,2,Sunday,True
2026-07-05 03:00:00,2026-07-05,2026,7,5,3,Sunday,True
2026-07-05 04:00:00,2026-07-05,2026,7,5,4,Sunday,True
2026-07-05 05:00:00,2026-07-05,2026,7,5,5,Sunday,True
2026-07-05 06:00:00,2026-07-05,2026,7,5,6,Sunday,True
2026-07-05 07:00:00,2026-07-05,2026,7,5,7,Sunday,True
2026-07-05 08:00:00,2026-07-05,2026,7,5,8,Sunday,True
2026-07-05 09:00:00,2026-07-05,2026,7,5,9,Sunday,True
2026-07-05 10:00:00,2026-07-05,2026,7,5,10,Sunday,True
2026-07-05 11:00:00,2026-07-05,2026,7,5,11,Sunday,True
2026-07-05 12:00:00,2026-07-05,2026,7,5,12,Sunday,True
2026-07-05 13:00:00,2026-07-05,2026,7,5,13,Sunday,True
2026-07-05 14:00:00,2026-07-05,2026,7,5,14,Sunday,True
2026-07-05 15:00:00,2026-07-05,2026,7,5,15,Sunday,True
2026-07-05 16:00:00,2026-07-05,2026,7,5,16,Sunday,True
2026-07-05 17:00:00,2026-07-05,2026,7,5,17,Sunday,True
2026-07-05 18:00:00,2026-07-05,2026,7,5,18,Sunday,True
2026-07-05 19:00:00,2026-07-05,2026,7,5,19,Sunday,True
2026-07-05 20:00:00,2026-07-05,2026,7,5,20,Sunday,True
2026-07-05 21:00:00,2026-07-05,2026,7,5,21,Sunday,True
2026-07-05 22:00:00,2026-07-05,2026,7,5,22,Sunday,True
2026-07-05 23:00:00,2026-07-05,2026,7,5,23,Sunday,True
2026-07-06 00:00:00,2026-07-06,2026,7,6,0,Monday,False
2026-07-06 01:00:00,2026-07-06,2026,7,6,1,Monday,False
2026-07-06 02:00:00,2026-07-06,2026,7,6,2,Monday,False
2026-07-06 03:00:00,2026-07-06,2026,7,6,3,Monday,False
2026-07-06 04:00:00,2026-07-06,2026,7,6,4,Monday,False
2026-07-06 05:00:00,2026-07-06,2026,7,6,5,Monday,False
2026-07-06 06:00:00,2026-07-06,2026,7,6,6,Monday,False
2026-07-06 07:00:00,2026-07-06,2026,7,6,7,Monday,False
2026-07-06 08:00:00,2026-07-06,2026,7,6,8,Monday,False
2026-07-06 09:00:00,2026-07-06,2026,7,6,9,Monday,False
2026-07-06 10:00:00,2026-07-06,2026,7,6,10,Monday,False
2026-07-06 11:00:00,2026-07-06,2026,7,6,11,Monday,False
2026-07-06 12:00:00,2026-07-06,2026,7,6,12,Monday,False
2026-07-06 13:00:00,2026-07-06,2026,7,6,13,Monday,False
2026-07-06 14:00:00,2026-07-06,2026,7,6,14,Monday,False
2026-07-06 15:00:00,2026-07-06,2026,7,6,15,Monday,False
2026-07-06 16:00:00,2026-07-06,2026,7,6,16,Monday,False
2026-07-06 17:00:00,2026-07-06,2026,7,6,17,Monday,False
2026-07-06 18:00:00,2026-07-06,2026,7,6,18,Monday,False
2026-07-06 19:00:00,2026-07-06,2026,7,6,19,Monday,False
2026-07-06 20:00:00,2026-07-06,2026,7,6,20,Monday,False
2026-07-06 21:00:00,2026-07-06,2026,7,6,21,Monday,False
2026-07-06 22:00:00,2026-07-06,2026,7,6,22,Monday,False
2026-07-06 23:00:00,2026-07-06,2026,7,6,23,Monday,False
2026-07-07 00:00:00,2026-07-07,2026,7,7,0,Tuesday,False
2026-07-07 01:00:00,2026-07-07,2026,7,7,1,Tuesday,False
2026-07-07 02:00:00,2026-07-07,2026,7,7,2,Tuesday,False
2026-07-07 03:00:00,2026-07-07,2026,7,7,3,Tuesday,False
2026-07-07 04:00:00,2026-07-07,2026,7,7,4,Tuesday,False
2026-07-07 05:00:00,2026-07-07,2026,7,7,5,Tuesday,False
2026-07-07 06:00:00,2026-07-07,2026,7,7,6,Tuesday,False
2026-07-07 07:00:00,2026-07-07,2026,7,7,7,Tuesday,False
2026-07-07 08:00:00,2026-07-07,2026,7,7,8,Tuesday,False
2026-07-07 09:00:00,2026-07-07,2026,7,7,9,Tuesday,False
2026-07-07 10:00:00,2026-07-07,2026,7,7,10,Tuesday,False
2026-07-07 11:00:00,2026-07-07,2026,7,7,11,Tuesday,False
2026-07-07 12:00:00,2026-07-07,2026,7,7,12,Tuesday,False
2026-07-07 13:00:00,2026-07-07,2026,7,7,13,Tuesday,False
2026-07-07 14:00:00,2026-07-07,2026,7,7,14,Tuesday,False
2026-07-07 15:00:00,2026-07-07,2026,7,7,15,Tuesday,False
2026-07-07 16:00:00,2026-07-07,2026,7,7,16,Tuesday,False
2026-07-07 17:00:00,2026-07-07,2026,7,7,17,Tuesday,False
2026-07-07 18:00:00,2026-07-07,2026,7,7,18,Tuesday,False
2026-07-07 19:00:00,2026-07-07,2026,7,7,19,Tuesday,False
2026-07-07 20:00:00,2026-07-07,2026,7,7,20,Tuesday,False
2026-07-07 21:00:00,2026-07-07,2026,7,7,21,Tuesday,False
2026-07-07 22:00:00,2026-07-07,2026,7,7,22,Tuesday,False
2026-07-07 23:00:00,2026-07-07,2026,7,7,23,Tuesday,False
2026-07-08 00:00:00,2026-07-08,2026,7,8,0,Wednesday,False
2026-07-08 01:00:00,2026-07-08,2026,7,8,1,Wednesday,False
2026-07-08 02:00:00,2026-07-08,2026,7,8,2,Wednesday,False
2026-07-08 03:00:00,2026-07-08,2026,7,8,3,Wednesday,False
2026-07-08 04:00:00,2026-07-08,2026,7,8,4,Wednesday,False
2026-07-08 05:00:00,2026-07-08,2026,7,8,5,Wednesday,False
2026-07-08 06:00:00,2026-07-08,2026,7,8,6,Wednesday,False
2026-07-08 07:00:00,2026-07-08,2026,7,8,7,Wednesday,False
2026-07-08 08:00:00,2026-07-08,2026,7,8,8,Wednesday,False
2026-07-08 09:00:00,2026-07-08,2026,7,8,9,Wednesday,False
2026-07-08 10:00:00,2026-07-08,2026,7,8,10,Wednesday,False
2026-07-08 11:00:00,2026-07-08,2026,7,8,11,Wednesday,False
2026-07-08 12:00:00,2026-07-08,2026,7,8,12,Wednesday,False
2026-07-08 13:00:00,2026-07-08,2026,7,8,13,Wednesday,False
2026-07-08 14:00:00,2026-07-08,2026,7,8,14,Wednesday,False
2026-07-08 15:00:00,2026-07-08,2026,7,8,15,Wednesday,False
2026-07-08 16:00:00,2026-07-08,2026,7,8,16,Wednesday,False
2026-07-08 17:00:00,2026-07-08,2026,7,8,17,Wednesday,False
2026-07-08 18:00:00,2026-07-08,2026,7,8,18,Wednesday,False
2026-07-08 19:00:00,2026-07-08,2026,7,8,19,Wednesday,False
2026-07-08 20:00:00,2026-07-08,2026,7,8,20,Wednesday,False
2026-07-08 21:00:00,2026-07-08,2026,7,8,21,Wednesday,False
2026-07-08 22:00:00,2026-07-08,2026,7,8,22,Wednesday,False
2026-07-08 23:00:00,2026-07-08,2026,7,8,23,Wednesday,False
2026-07-09 00:00:00,2026-07-09,2026,7,9,0,Thursday,False
2026-07-09 01:00:00,2026-07-09,2026,7,9,1,Thursday,False
2026-07-09 02:00:00,2026-07-09,2026,7,9,2,Thursday,False
2026-07-09 03:00:00,2026-07-09,2026,7,9,3,Thursday,False
2026-07-09 04:00:00,2026-07-09,2026,7,9,4,Thursday,False
2026-07-09 05:00:00,2026-07-09,2026,7,9,5,Thursday,False
2026-07-09 06:00:00,2026-07-09,2026,7,9,6,Thursday,False
2026-07-09 07:00:00,2026-07-09,2026,7,9,7,Thursday,False
2026-07-09 08:00:00,2026-07-09,2026,7,9,8,Thursday,False
2026-07-09 09:00:00,2026-07-09,2026,7,9,9,Thursday,False
2026-07-09 10:00:00,2026-07-09,2026,7,9,10,Thursday,False
2026-07-09 11:00:00,2026-07-09,2026,7,9,11,Thursday,False
2026-07-09 12:00:00,2026-07-09,2026,7,9,12,Thursday,False
2026-07-09 13:00:00,2026-07-09,2026,7,9,13,Thursday,False
2026-07-09 14:00:00,2026-07-09,2026,7,9,14,Thursday,False
2026-07-09 15:00:00,2026-07-09,2026,7,9,15,Thursday,False
2026-07-09 16:00:00,2026-07-09,2026,7,9,16,Thursday,False
2026-07-09 17:00:00,2026-07-09,2026,7,9,17,Thursday,False
2026-07-09 18:00:00,2026-07-09,2026,7,9,18,Thursday,False
2026-07-09 19:00:00,2026-07-09,2026,7,9,19,Thursday,False
2026-07-09 20:00:00,2026-07-09,2026,7,9,20,Thursday,False
2026-07-09 21:00:00,2026-07-09,2026,7,9,21,Thursday,False
2026-07-09 22:00:00,2026-07-09,2026,7,9,22,Thursday,False
2026-07-09 23:00:00,2026-07-09,2026,7,9,23,Thursday,False
2026-07-10 00:00:00,2026-07-10,2026,7,10,0,Friday,False
2026-07-10 01:00:00,2026-07-10,2026,7,10,1,Friday,False
2026-07-10 02:00:00,2026-07-10,2026,7,10,2,Friday,False
2026-07-10 03:00:00,2026-07-10,2026,7,10,3,Friday,False
2026-07-10 04:00:00,2026-07-10,2026,7,10,4,Friday,False
2026-07-10 05:00:00,2026-07-10,2026,7,10,5,Friday,False
2026-07-10 06:00:00,2026-07-10,2026,7,10,6,Friday,False
2026-07-10 07:00:00,2026-07-10,2026,7,10,7,Friday,False
2026-07-10 08:00:00,2026-07-10,2026,7,10,8,Friday,False
2026-07-10 09:00:00,2026-07-10,2026,7,10,9,Friday,False
2026-07-10 10:00:00,2026-07-10,2026,7,10,10,Friday,False
2026-07-10 11:00:00,2026-07-10,2026,7,10,11,Friday,False
2026-07-10 12:00:00,2026-07-10,2026,7,10,12,Friday,False
2026-07-10 13:00:00,2026-07-10,2026,7,10,13,Friday,False
2026-07-10 14:00:00,2026-07-10,2026,7,10,14,Friday,False
2026-07-10 15:00:00,2026-07-10,2026,7,10,15,Friday,False
2026-07-10 16:00:00,2026-07-10,2026,7,10,16,Friday,False
2026-07-10 17:00:00,2026-07-10,2026,7,10,17,Friday,False
2026-07-10 18:00:00,2026-07-10,2026,7,10,18,Friday,False
2026-07-10 19:00:00,2026-07-10,2026,7,10,19,Friday,False
2026-07-10 20:00:00,2026-07-10,2026,7,10,20,Friday,False
2026-07-10 21:00:00,2026-07-10,2026,7,10,21,Friday,False
2026-07-10 22:00:00,2026-07-10,2026,7,10,22,Friday,False
2026-07-10 23:00:00,2026-07-10,2026,7,10,23,Friday,False
2026-07-11 00:00:00,2026-07-11,2026,7,11,0,Saturday,True
2026-07-11 01:00:00,2026-07-11,2026,7,11,1,Saturday,True
2026-07-11 02:00:00,2026-07-11,2026,7,11,2,Saturday,True
2026-07-11 03:00:00,2026-07-11,2026,7,11,3,Saturday,True
2026-07-11 04:00:00,2026-07-11,2026,7,11,4,Saturday,True
2026-07-11 05:00:00,2026-07-11,2026,7,11,5,Saturday,True
2026-07-11 06:00:00,2026-07-11,2026,7,11,6,Saturday,True
2026-07-11 07:00:00,2026-07-11,2026,7,11,7,Saturday,True
2026-07-11 08:00:00,2026-07-11,2026,7,11,8,Saturday,True
2026-07-11 09:00:00,2026-07-11,2026,7,11,9,Saturday,True
2026-07-11 10:00:00,2026-07-11,2026,7,11,10,Saturday,True
2026-07-11 11:00:00,2026-07-11,2026,7,11,11,Saturday,True
2026-07-11 12:00:00,2026-07-11,2026,7,11,12,Saturday,True
2026-07-11 13:00:00,2026-07-11,2026,7,11,13,Saturday,True
2026-07-11 14:00:00,2026-07-11,2026,7,11,14,Saturday,True
2026-07-11 15:00:00,2026-07-11,2026,7,11,15,Saturday,True
2026-07-11 16:00:00,2026-07-11,2026,7,11,16,Saturday,True
2026-07-11 17:00:00,2026-07-11,2026,7,11,17,Saturday,True
2026-07-11 18:00:00,2026-07-11,2026,7,11,18,Saturday,True
2026-07-11 19:00:00,2026-07-11,2026,7,11,19,Saturday,True
2026-07-11 20:00:00,2026-07-11,2026,7,11,20,Saturday,True
2026-07-11 21:00:00,2026-07-11,2026,7,11,21,Saturday,True
2026-07-11 22:00:00,2026-07-11,2026,7,11,22,Saturday,True
2026-07-11 23:00:00,2026-07-11,2026,7,11,23,Saturday,True
2026-07-12 00:00:00,2026-07-12,2026,7,12,0,Sunday,True
2026-07-12 01:00:00,2026-07-12,2026,7,12,1,Sunday,True
2026-07-12 02:00:00,2026-07-12,2026,7,12,2,Sunday,True
2026-07-12 03:00:00,2026-07-12,2026,7,12,3,Sunday,True
2026-07-12 04:00:00,2026-07-12,2026,7,12,4,Sunday,True
2026-07-12 05:00:00,2026-07-12,2026,7,12,5,Sunday,True
2026-07-12 06:00:00,2026-07-12,2026,7,12,6,Sunday,True
2026-07-12 07:00:00,2026-07-12,2026,7,12,7,Sunday,True
2026-07-12 08:00:00,2026-07-12,2026,7,12,8,Sunday,True
2026-07-12 09:00:00,2026-07-12,2026,7,12,9,Sunday,True
2026-07-12 10:00:00,2026-07-12,2026,7,12,10,Sunday,True
2026-07-12 11:00:00,2026-07-12,2026,7,12,11,Sunday,True
2026-07-12 12:00:00,2026-07-12,2026,7,12,12,Sunday,True
2026-07-12 13:00:00,2026-07-12,2026,7,12,13,Sunday,True
2026-07-12 14:00:00,2026-07-12,2026,7,12,14,Sunday,True
2026-07-12 15:00:00,2026-07-12,2026,7,12,15,Sunday,True
2026-07-12 16:00:00,2026-07-12,2026,7,12,16,Sunday,True
2026-07-12 17:00:00,2026-07-12,2026,7,12,17,Sunday,True
2026-07-12 18:00:00,2026-07-12,2026,7,12,18,Sunday,True
2026-07-12 19:00:00,2026-07-12,2026,7,12,19,Sunday,True
2026-07-12 20:00:00,2026-07-12,2026,7,12,20,Sunday,True
2026-07-12 21:00:00,2026-07-12,2026,7,12,21,Sunday,True
2026-07-12 22:00:00,2026-07-12,2026,7,12,22,Sunday,True
2026-07-12 23:00:00,2026-07-12,2026,7,12,23,Sunday,True
2026-07-13 00:00:00,2026-07-13,2026,7,13,0,Monday,False
2026-07-13 01:00:00,2026-07-13,2026,7,13,1,Monday,False
2026-07-13 02:00:00,2026-07-13,2026,7,13,2,Monday,False
2026-07-13 03:00:00,2026-07-13,2026,7,13,3,Monday,False
2026-07-13 04:00:00,2026-07-13,2026,7,13,4,Monday,False
2026-07-13 05:00:00,2026-07-13,2026,7,13,5,Monday,False
2026-07-13 06:00:00,2026-07-13,2026,7,13,6,Monday,False
2026-07-13 07:00:00,2026-07-13,2026,7,13,7,Monday,False
2026-07-13 08:00:00,2026-07-13,2026,7,13,8,Monday,False
2026-07-13 09:00:00,2026-07-13,2026,7,13,9,Monday,False
2026-07-13 10:00:00,2026-07-13,2026,7,13,10,Monday,False
2026-07-13 11:00:00,2026-07-13,2026,7,13,11,Monday,False
2026-07-13 12:00:00,2026-07-13,2026,7,13,12,Monday,False
2026-07-13 13:00:00,2026-07-13,2026,7,13,13,Monday,False
2026-07-13 14:00:00,2026-07-13,2026,7,13,14,Monday,False
2026-07-13 15:00:00,2026-07-13,2026,7,13,15,Monday,False
2026-07-13 16:00:00,2026-07-13,2026,7,13,16,Monday,False
2026-07-13 17:00:00,2026-07-13,2026,7,13,17,Monday,False
2026-07-13 18:00:00,2026-07-13,2026,7,13,18,Monday,False
2026-07-13 19:00:00,2026-07-13,2026,7,13,19,Monday,False
2026-07-13 20:00:00,2026-07-13,2026,7,13,20,Monday,False
2026-07-13 21:00:00,2026-07-13,2026,7,13,21,Monday,False
2026-07-13 22:00:00,2026-07-13,2026,7,13,22,Monday,False
2026-07-13 23:00:00,2026-07-13,2026,7,13,23,Monday,False
2026-07-14 00:00:00,2026-07-14,2026,7,14,0,Tuesday,False
2026-07-14 01:00:00,2026-07-14,2026,7,14,1,Tuesday,False
2026-07-14 02:00:00,2026-07-14,2026,7,14,2,Tuesday,False
2026-07-14 03:00:00,2026-07-14,2026,7,14,3,Tuesday,False
2026-07-14 04:00:00,2026-07-14,2026,7,14,4,Tuesday,False
2026-07-14 05:00:00,2026-07-14,2026,7,14,5,Tuesday,False
2026-07-14 06:00:00,2026-07-14,2026,7,14,6,Tuesday,False
2026-07-14 07:00:00,2026-07-14,2026,7,14,7,Tuesday,False
2026-07-14 08:00:00,2026-07-14,2026,7,14,8,Tuesday,False
2026-07-14 09:00:00,2026-07-14,2026,7,14,9,Tuesday,False
2026-07-14 10:00:00,2026-07-14,2026,7,14,10,Tuesday,False
2026-07-14 11:00:00,2026-07-14,2026,7,14,11,Tuesday,False
2026-07-14 12:00:00,2026-07-14,2026,7,14,12,Tuesday,False
2026-07-14 13:00:00,2026-07-14,2026,7,14,13,Tuesday,False
2026-07-14 14:00:00,2026-07-14,2026,7,14,14,Tuesday,False
2026-07-14 15:00:00,2026-07-14,2026,7,14,15,Tuesday,False
2026-07-14 16:00:00,2026-07-14,2026,7,14,16,Tuesday,False
2026-07-14 17:00:00,2026-07-14,2026,7,14,17,Tuesday,False
2026-07-14 18:00:00,2026-07-14,2026,7,14,18,Tuesday,False
2026-07-14 19:00:00,2026-07-14,2026,7,14,19,Tuesday,False
2026-07-14 20:00:00,2026-07-14,2026,7,14,20,Tuesday,False
2026-07-14 21:00:00,2026-07-14,2026,7,14,21,Tuesday,False
2026-07-14 22:00:00,2026-07-14,2026,7,14,22,Tuesday,False
2026-07-14 23:00:00,2026-07-14,2026,7,14,23,Tuesday,False
2026-07-15 00:00:00,2026-07-15,2026,7,15,0,Wednesday,False
2026-07-15 01:00:00,2026-07-15,2026,7,15,1,Wednesday,False
2026-07-15 02:00:00,2026-07-15,2026,7,15,2,Wednesday,False
2026-07-15 03:00:00,2026-07-15,2026,7,15,3,Wednesday,False
2026-07-15 04:00:00,2026-07-15,2026,7,15,4,Wednesday,False
2026-07-15 05:00:00,2026-07-15,2026,7,15,5,Wednesday,False
2026-07-15 06:00:00,2026-07-15,2026,7,15,6,Wednesday,False
2026-07-15 07:00:00,2026-07-15,2026,7,15,7,Wednesday,False
2026-07-15 08:00:00,2026-07-15,2026,7,15,8,Wednesday,False
2026-07-15 09:00:00,2026-07-15,2026,7,15,9,Wednesday,False
2026-07-15 10:00:00,2026-07-15,2026,7,15,10,Wednesday,False
2026-07-15 11:00:00,2026-07-15,2026,7,15,11,Wednesday,False
2026-07-15 12:00:00,2026-07-15,2026,7,15,12,Wednesday,False
2026-07-15 13:00:00,2026-07-15,2026,7,15,13,Wednesday,False
2026-07-15 14:00:00,2026-07-15,2026,7,15,14,Wednesday,False
2026-07-15 15:00:00,2026-07-15,2026,7,15,15,Wednesday,False
2026-07-15 16:00:00,2026-07-15,2026,7,15,16,Wednesday,False
2026-07-15 17:00:00,2026-07-15,2026,7,15,17,Wednesday,False
2026-07-15 18:00:00,2026-07-15,2026,7,15,18,Wednesday,False
2026-07-15 19:00:00,2026-07-15,2026,7,15,19,Wednesday,False
2026-07-15 20:00:00,2026-07-15,2026,7,15,20,Wednesday,False
2026-07-15 21:00:00,2026-07-15,2026,7,15,21,Wednesday,False
2026-07-15 22:00:00,2026-07-15,2026,7,15,22,Wednesday,False
2026-07-15 23:00:00,2026-07-15,2026,7,15,23,Wednesday,False
2026-07-16 00:00:00,2026-07-16,2026,7,16,0,Thursday,False
2026-07-16 01:00:00,2026-07-16,2026,7,16,1,Thursday,False
2026-07-16 02:00:00,2026-07-16,2026,7,16,2,Thursday,False
2026-07-16 03:00:00,2026-07-16,2026,7,16,3,Thursday,False
2026-07-16 04:00:00,2026-07-16,2026,7,16,4,Thursday,False
2026-07-16 05:00:00,2026-07-16,2026,7,16,5,Thursday,False
2026-07-16 06:00:00,2026-07-16,2026,7,16,6,Thursday,False
2026-07-16 07:00:00,2026-07-16,2026,7,16,7,Thursday,False
2026-07-16 08:00:00,2026-07-16,2026,7,16,8,Thursday,False
2026-07-16 09:00:00,2026-07-16,2026,7,16,9,Thursday,False
2026-07-16 10:00:00,2026-07-16,2026,7,16,10,Thursday,False
2026-07-16 11:00:00,2026-07-16,2026,7,16,11,Thursday,False
2026-07-16 12:00:00,2026-07-16,2026,7,16,12,Thursday,False
2026-07-16 13:00:00,2026-07-16,2026,7,16,13,Thursday,False
2026-07-16 14:00:00,2026-07-16,2026,7,16,14,Thursday,False
2026-07-16 15:00:00,2026-07-16,2026,7,16,15,Thursday,False
2026-07-16 16:00:00,2026-07-16,2026,7,16,16,Thursday,False
2026-07-16 17:00:00,2026-07-16,2026,7,16,17,Thursday,False
2026-07-16 18:00:00,2026-07-16,2026,7,16,18,Thursday,False
2026-07-16 19:00:00,2026-07-16,2026,7,16,19,Thursday,False
2026-07-16 20:00:00,2026-07-16,2026,7,16,20,Thursday,False
2026-07-16 21:00:00,2026-07-16,2026,7,16,21,Thursday,False
2026-07-16 22:00:00,2026-07-16,2026,7,16,22,Thursday,False
2026-07-16 23:00:00,2026-07-16,2026,7,16,23,Thursday,False
2026-07-17 00:00:00,2026-07-17,2026,7,17,0,Friday,False
2026-07-17 01:00:00,2026-07-17,2026,7,17,1,Friday,False
2026-07-17 02:00:00,2026-07-17,2026,7,17,2,Friday,False
2026-07-17 03:00:00,2026-07-17,2026,7,17,3,Friday,False
2026-07-17 04:00:00,2026-07-17,2026,7,17,4,Friday,False
2026-07-17 05:00:00,2026-07-17,2026,7,17,5,Friday,False
2026-07-17 06:00:00,2026-07-17,2026,7,17,6,Friday,False
2026-07-17 07:00:00,2026-07-17,2026,7,17,7,Friday,False
2026-07-17 08:00:00,2026-07-17,2026,7,17,8,Friday,False
2026-07-17 09:00:00,2026-07-17,2026,7,17,9,Friday,False
2026-07-17 10:00:00,2026-07-17,2026,7,17,10,Friday,False
2026-07-17 11:00:00,2026-07-17,2026,7,17,11,Friday,False
2026-07-17 12:00:00,2026-07-17,2026,7,17,12,Friday,False
2026-07-17 13:00:00,2026-07-17,2026,7,17,13,Friday,False
2026-07-17 14:00:00,2026-07-17,2026,7,17,14,Friday,False
2026-07-17 15:00:00,2026-07-17,2026,7,17,15,Friday,False
2026-07-17 16:00:00,2026-07-17,2026,7,17,16,Friday,False
2026-07-17 17:00:00,2026-07-17,2026,7,17,17,Friday,False
2026-07-17 18:00:00,2026-07-17,2026,7,17,18,Friday,False
2026-07-17 19:00:00,2026-07-17,2026,7,17,19,Friday,False
2026-07-17 20:00:00,2026-07-17,2026,7,17,20,Friday,False
2026-07-17 21:00:00,2026-07-17,2026,7,17,21,Friday,False
2026-07-17 22:00:00,2026-07-17,2026,7,17,22,Friday,False
2026-07-17 23:00:00,2026-07-17,2026,7,17,23,Friday,False
2026-07-18 00:00:00,2026-07-18,2026,7,18,0,Saturday,True
2026-07-18 01:00:00,2026-07-18,2026,7,18,1,Saturday,True
2026-07-18 02:00:00,2026-07-18,2026,7,18,2,Saturday,True
2026-07-18 03:00:00,2026-07-18,2026,7,18,3,Saturday,True
2026-07-18 04:00:00,2026-07-18,2026,7,18,4,Saturday,True
2026-07-18 05:00:00,2026-07-18,2026,7,18,5,Saturday,True
2026-07-18 06:00:00,2026-07-18,2026,7,18,6,Saturday,True
2026-07-18 07:00:00,2026-07-18,2026,7,18,7,Saturday,True
2026-07-18 08:00:00,2026-07-18,2026,7,18,8,Saturday,True
2026-07-18 09:00:00,2026-07-18,2026,7,18,9,Saturday,True
2026-07-18 10:00:00,2026-07-18,2026,7,18,10,Saturday,True
2026-07-18 11:00:00,2026-07-18,2026,7,18,11,Saturday,True
2026-07-18 12:00:00,2026-07-18,2026,7,18,12,Saturday,True
2026-07-18 13:00:00,2026-07-18,2026,7,18,13,Saturday,True
2026-07-18 14:00:00,2026-07-18,2026,7,18,14,Saturday,True
2026-07-18 15:00:00,2026-07-18,2026,7,18,15,Saturday,True
2026-07-18 16:00:00,2026-07-18,2026,7,18,16,Saturday,True
2026-07-18 17:00:00,2026-07-18,2026,7,18,17,Saturday,True
2026-07-18 18:00:00,2026-07-18,2026,7,18,18,Saturday,True
2026-07-18 19:00:00,2026-07-18,2026,7,18,19,Saturday,True
2026-07-18 20:00:00,2026-07-18,2026,7,18,20,Saturday,True
2026-07-18 21:00:00,2026-07-18,2026,7,18,21,Saturday,True
2026-07-18 22:00:00,2026-07-18,2026,7,18,22,Saturday,True
2026-07-18 23:00:00,2026-07-18,2026,7,18,23,Saturday,True
2026-07-19 00:00:00,2026-07-19,2026,7,19,0,Sunday,True
2026-07-19 01:00:00,2026-07-19,2026,7,19,1,Sunday,True
2026-07-19 02:00:00,2026-07-19,2026,7,19,2,Sunday,True
2026-07-19 03:00:00,2026-07-19,2026,7,19,3,Sunday,True
2026-07-19 04:00:00,2026-07-19,2026,7,19,4,Sunday,True
2026-07-19 05:00:00,2026-07-19,2026,7,19,5,Sunday,True
2026-07-19 06:00:00,2026-07-19,2026,7,19,6,Sunday,True
2026-07-19 07:00:00,2026-07-19,2026,7,19,7,Sunday,True
2026-07-19 08:00:00,2026-07-19,2026,7,19,8,Sunday,True
2026-07-19 09:00:00,2026-07-19,2026,7,19,9,Sunday,True
2026-07-19 10:00:00,2026-07-19,2026,7,19,10,Sunday,True
2026-07-19 11:00:00,2026-07-19,2026,7,19,11,Sunday,True
2026-07-19 12:00:00,2026-07-19,2026,7,19,12,Sunday,True
2026-07-19 13:00:00,2026-07-19,2026,7,19,13,Sunday,True
2026-07-19 14:00:00,2026-07-19,2026,7,19,14,Sunday,True
2026-07-19 15:00:00,2026-07-19,2026,7,19,15,Sunday,True
2026-07-19 16:00:00,2026-07-19,2026,7,19,16,Sunday,True
2026-07-19 17:00:00,2026-07-19,2026,7,19,17,Sunday,True
2026-07-19 18:00:00,2026-07-19,2026,7,19,18,Sunday,True
2026-07-19 19:00:00,2026-07-19,2026,7,19,19,Sunday,True
2026-07-19 20:00:00,2026-07-19,2026,7,19,20,Sunday,True
2026-07-19 21:00:00,2026-07-19,2026,7,19,21,Sunday,True
2026-07-19 22:00:00,2026-07-19,2026,7,19,22,Sunday,True
2026-07-19 23:00:00,2026-07-19,2026,7,19,23,Sunday,True
2026-07-20 00:00:00,2026-07-20,2026,7,20,0,Monday,False
2026-07-20 01:00:00,2026-07-20,2026,7,20,1,Monday,False
2026-07-20 02:00:00,2026-07-20,2026,7,20,2,Monday,False
2026-07-20 03:00:00,2026-07-20,2026,7,20,3,Monday,False
2026-07-20 04:00:00,2026-07-20,2026,7,20,4,Monday,False
2026-07-20 05:00:00,2026-07-20,2026,7,20,5,Monday,False
2026-07-20 06:00:00,2026-07-20,2026,7,20,6,Monday,False
2026-07-20 07:00:00,2026-07-20,2026,7,20,7,Monday,False
2026-07-20 08:00:00,2026-07-20,2026,7,20,8,Monday,False
2026-07-20 09:00:00,2026-07-20,2026,7,20,9,Monday,False
2026-07-20 10:00:00,2026-07-20,2026,7,20,10,Monday,False
2026-07-20 11:00:00,2026-07-20,2026,7,20,11,Monday,False
2026-07-20 12:00:00,2026-07-20,2026,7,20,12,Monday,False
2026-07-20 13:00:00,2026-07-20,2026,7,20,13,Monday,False
2026-07-20 14:00:00,2026-07-20,2026,7,20,14,Monday,False
2026-07-20 15:00:00,2026-07-20,2026,7,20,15,Monday,False
2026-07-20 16:00:00,2026-07-20,2026,7,20,16,Monday,False
2026-07-20 17:00:00,2026-07-20,2026,7,20,17,Monday,False
2026-07-20 18:00:00,2026-07-20,2026,7,20,18,Monday,False
2026-07-20 19:00:00,2026-07-20,2026,7,20,19,Monday,False
2026-07-20 20:00:00,2026-07-20,2026,7,20,20,Monday,False
2026-07-20 21:00:00,2026-07-20,2026,7,20,21,Monday,False
2026-07-20 22:00:00,2026-07-20,2026,7,20,22,Monday,False
2026-07-20 23:00:00,2026-07-20,2026,7,20,23,Monday,False
2026-07-21 00:00:00,2026-07-21,2026,7,21,0,Tuesday,False
2026-07-21 01:00:00,2026-07-21,2026,7,21,1,Tuesday,False
2026-07-21 02:00:00,2026-07-21,2026,7,21,2,Tuesday,False
2026-07-21 03:00:00,2026-07-21,2026,7,21,3,Tuesday,False
2026-07-21 04:00:00,2026-07-21,2026,7,21,4,Tuesday,False
2026-07-21 05:00:00,2026-07-21,2026,7,21,5,Tuesday,False
2026-07-21 06:00:00,2026-07-21,2026,7,21,6,Tuesday,False
2026-07-21 07:00:00,2026-07-21,2026,7,21,7,Tuesday,False
2026-07-21 08:00:00,2026-07-21,2026,7,21,8,Tuesday,False
2026-07-21 09:00:00,2026-07-21,2026,7,21,9,Tuesday,False
2026-07-21 10:00:00,2026-07-21,2026,7,21,10,Tuesday,False
2026-07-21 11:00:00,2026-07-21,2026,7,21,11,Tuesday,False
2026-07-21 12:00:00,2026-07-21,2026,7,21,12,Tuesday,False
2026-07-21 13:00:00,2026-07-21,2026,7,21,13,Tuesday,False
2026-07-21 14:00:00,2026-07-21,2026,7,21,14,Tuesday,False
2026-07-21 15:00:00,2026-07-21,2026,7,21,15,Tuesday,False
2026-07-21 16:00:00,2026-07-21,2026,7,21,16,Tuesday,False
2026-07-21 17:00:00,2026-07-21,2026,7,21,17,Tuesday,False
2026-07-21 18:00:00,2026-07-21,2026,7,21,18,Tuesday,False
2026-07-21 19:00:00,2026-07-21,2026,7,21,19,Tuesday,False
2026-07-21 20:00:00,2026-07-21,2026,7,21,20,Tuesday,False
2026-07-21 21:00:00,2026-07-21,2026,7,21,21,Tuesday,False
2026-07-21 22:00:00,2026-07-21,2026,7,21,22,Tuesday,False
2026-07-21 23:00:00,2026-07-21,2026,7,21,23,Tuesday,False
2026-07-22 00:00:00,2026-07-22,2026,7,22,0,Wednesday,False
2026-07-22 01:00:00,2026-07-22,2026,7,22,1,Wednesday,False
2026-07-22 02:00:00,2026-07-22,2026,7,22,2,Wednesday,False
2026-07-22 03:00:00,2026-07-22,2026,7,22,3,Wednesday,False
2026-07-22 04:00:00,2026-07-22,2026,7,22,4,Wednesday,False
2026-07-22 05:00:00,2026-07-22,2026,7,22,5,Wednesday,False
2026-07-22 06:00:00,2026-07-22,2026,7,22,6,Wednesday,False
2026-07-22 07:00:00,2026-07-22,2026,7,22,7,Wednesday,False
2026-07-22 08:00:00,2026-07-22,2026,7,22,8,Wednesday,False
2026-07-22 09:00:00,2026-07-22,2026,7,22,9,Wednesday,False
2026-07-22 10:00:00,2026-07-22,2026,7,22,10,Wednesday,False
2026-07-22 11:00:00,2026-07-22,2026,7,22,11,Wednesday,False
2026-07-22 12:00:00,2026-07-22,2026,7,22,12,Wednesday,False
2026-07-22 13:00:00,2026-07-22,2026,7,22,13,Wednesday,False
2026-07-22 14:00:00,2026-07-22,2026,7,22,14,Wednesday,False
2026-07-22 15:00:00,2026-07-22,2026,7,22,15,Wednesday,False
2026-07-22 16:00:00,2026-07-22,2026,7,22,16,Wednesday,False
2026-07-22 17:00:00,2026-07-22,2026,7,22,17,Wednesday,False
2026-07-22 18:00:00,2026-07-22,2026,7,22,18,Wednesday,False
2026-07-22 19:00:00,2026-07-22,2026,7,22,19,Wednesday,False
2026-07-22 20:00:00,2026-07-22,2026,7,22,20,Wednesday,False
2026-07-22 21:00:00,2026-07-22,2026,7,22,21,Wednesday,False
2026-07-22 22:00:00,2026-07-22,2026,7,22,22,Wednesday,False
2026-07-22 23:00:00,2026-07-22,2026,7,22,23,Wednesday,False
2026-07-23 00:00:00,2026-07-23,2026,7,23,0,Thursday,False
2026-07-23 01:00:00,2026-07-23,2026,7,23,1,Thursday,False
2026-07-23 02:00:00,2026-07-23,2026,7,23,2,Thursday,False
2026-07-23 03:00:00,2026-07-23,2026,7,23,3,Thursday,False
2026-07-23 04:00:00,2026-07-23,2026,7,23,4,Thursday,False
2026-07-23 05:00:00,2026-07-23,2026,7,23,5,Thursday,False
2026-07-23 06:00:00,2026-07-23,2026,7,23,6,Thursday,False
2026-07-23 07:00:00,2026-07-23,2026,7,23,7,Thursday,False
2026-07-23 08:00:00,2026-07-23,2026,7,23,8,Thursday,False
2026-07-23 09:00:00,2026-07-23,2026,7,23,9,Thursday,False
2026-07-23 10:00:00,2026-07-23,2026,7,23,10,Thursday,False
2026-07-23 11:00:00,2026-07-23,2026,7,23,11,Thursday,False
2026-07-23 12:00:00,2026-07-23,2026,7,23,12,Thursday,False
2026-07-23 13:00:00,2026-07-23,2026,7,23,13,Thursday,False
2026-07-23 14:00:00,2026-07-23,2026,7,23,14,Thursday,False
2026-07-23 15:00:00,2026-07-23,2026,7,23,15,Thursday,False
2026-07-23 16:00:00,2026-07-23,2026,7,23,16,Thursday,False
2026-07-23 17:00:00,2026-07-23,2026,7,23,17,Thursday,False
2026-07-23 18:00:00,2026-07-23,2026,7,23,18,Thursday,False
2026-07-23 19:00:00,2026-07-23,2026,7,23,19,Thursday,False
2026-07-23 20:00:00,2026-07-23,2026,7,23,20,Thursday,False
2026-07-23 21:00:00,2026-07-23,2026,7,23,21,Thursday,False
2026-07-23 22:00:00,2026-07-23,2026,7,23,22,Thursday,False
2026-07-23 23:00:00,2026-07-23,2026,7,23,23,Thursday,False
2026-07-24 00:00:00,2026-07-24,2026,7,24,0,Friday,False
2026-07-24 01:00:00,2026-07-24,2026,7,24,1,Friday,False
2026-07-24 02:00:00,2026-07-24,2026,7,24,2,Friday,False
2026-07-24 03:00:00,2026-07-24,2026,7,24,3,Friday,False
2026-07-24 04:00:00,2026-07-24,2026,7,24,4,Friday,False
2026-07-24 05:00:00,2026-07-24,2026,7,24,5,Friday,False
2026-07-24 06:00:00,2026-07-24,2026,7,24,6,Friday,False
2026-07-24 07:00:00,2026-07-24,2026,7,24,7,Friday,False
2026-07-24 08:00:00,2026-07-24,2026,7,24,8,Friday,False
2026-07-24 09:00:00,2026-07-24,2026,7,24,9,Friday,False
2026-07-24 10:00:00,2026-07-24,2026,7,24,10,Friday,False
2026-07-24 11:00:00,2026-07-24,2026,7,24,11,Friday,False
2026-07-24 12:00:00,2026-07-24,2026,7,24,12,Friday,False
2026-07-24 13:00:00,2026-07-24,2026,7,24,13,Friday,False
2026-07-24 14:00:00,2026-07-24,2026,7,24,14,Friday,False
2026-07-24 15:00:00,2026-07-24,2026,7,24,15,Friday,False
2026-07-24 16:00:00,2026-07-24,2026,7,24,16,Friday,False
2026-07-24 17:00:00,2026-07-24,2026,7,24,17,Friday,False
2026-07-24 18:00:00,2026-07-24,2026,7,24,18,Friday,False
2026-07-24 19:00:00,2026-07-24,2026,7,24,19,Friday,False
2026-07-24 20:00:00,2026-07-24,2026,7,24,20,Friday,False
2026-07-24 21:00:00,2026-07-24,2026,7,24,21,Friday,False
2026-07-24 22:00:00,2026-07-24,2026,7,24,22,Friday,False
2026-07-24 23:00:00,2026-07-24,2026,7,24,23,Friday,False
2026-07-25 00:00:00,2026-07-25,2026,7,25,0,Saturday,True
2026-07-25 01:00:00,2026-07-25,2026,7,25,1,Saturday,True
2026-07-25 02:00:00,2026-07-25,2026,7,25,2,Saturday,True
2026-07-25 03:00:00,2026-07-25,2026,7,25,3,Saturday,True
2026-07-25 04:00:00,2026-07-25,2026,7,25,4,Saturday,True
2026-07-25 05:00:00,2026-07-25,2026,7,25,5,Saturday,True
2026-07-25 06:00:00,2026-07-25,2026,7,25,6,Saturday,True
2026-07-25 07:00:00,2026-07-25,2026,7,25,7,Saturday,True
2026-07-25 08:00:00,2026-07-25,2026,7,25,8,Saturday,True
2026-07-25 09:00:00,2026-07-25,2026,7,25,9,Saturday,True
2026-07-25 10:00:00,2026-07-25,2026,7,25,10,Saturday,True
2026-07-25 11:00:00,2026-07-25,2026,7,25,11,Saturday,True
2026-07-25 12:00:00,2026-07-25,2026,7,25,12,Saturday,True
2026-07-25 13:00:00,2026-07-25,2026,7,25,13,Saturday,True
2026-07-25 14:00:00,2026-07-25,2026,7,25,14,Saturday,True
2026-07-25 15:00:00,2026-07-25,2026,7,25,15,Saturday,True
2026-07-25 16:00:00,2026-07-25,2026,7,25,16,Saturday,True
2026-07-25 17:00:00,2026-07-25,2026,7,25,17,Saturday,True
2026-07-25 18:00:00,2026-07-25,2026,7,25,18,Saturday,True
2026-07-25 19:00:00,2026-07-25,2026,7,25,19,Saturday,True
2026-07-25 20:00:00,2026-07-25,2026,7,25,20,Saturday,True
2026-07-25 21:00:00,2026-07-25,2026,7,25,21,Saturday,True
2026-07-25 22:00:00,2026-07-25,2026,7,25,22,Saturday,True
2026-07-25 23:00:00,2026-07-25,2026,7,25,23,Saturday,True
2026-07-26 00:00:00,2026-07-26,2026,7,26,0,Sunday,True
2026-07-26 01:00:00,2026-07-26,2026,7,26,1,Sunday,True
2026-07-26 02:00:00,2026-07-26,2026,7,26,2,Sunday,True
2026-07-26 03:00:00,2026-07-26,2026,7,26,3,Sunday,True
2026-07-26 04:00:00,2026-07-26,2026,7,26,4,Sunday,True
2026-07-26 05:00:00,2026-07-26,2026,7,26,5,Sunday,True
2026-07-26 06:00:00,2026-07-26,2026,7,26,6,Sunday,True
2026-07-26 07:00:00,2026-07-26,2026,7,26,7,Sunday,True
2026-07-26 08:00:00,2026-07-26,2026,7,26,8,Sunday,True
2026-07-26 09:00:00,2026-07-26,2026,7,26,9,Sunday,True
2026-07-26 10:00:00,2026-07-26,2026,7,26,10,Sunday,True
2026-07-26 11:00:00,2026-07-26,2026,7,26,11,Sunday,True
2026-07-26 12:00:00,2026-07-26,2026,7,26,12,Sunday,True
2026-07-26 13:00:00,2026-07-26,2026,7,26,13,Sunday,True
2026-07-26 14:00:00,2026-07-26,2026,7,26,14,Sunday,True
2026-07-26 15:00:00,2026-07-26,2026,7,26,15,Sunday,True
2026-07-26 16:00:00,2026-07-26,2026,7,26,16,Sunday,True
2026-07-26 17:00:00,2026-07-26,2026,7,26,17,Sunday,True
2026-07-26 18:00:00,2026-07-26,2026,7,26,18,Sunday,True
2026-07-26 19:00:00,2026-07-26,2026,7,26,19,Sunday,True
2026-07-26 20:00:00,2026-07-26,2026,7,26,20,Sunday,True
2026-07-26 21:00:00,2026-07-26,2026,7,26,21,Sunday,True
2026-07-26 22:00:00,2026-07-26,2026,7,26,22,Sunday,True
2026-07-26 23:00:00,2026-07-26,2026,7,26,23,Sunday,True
2026-07-27 00:00:00,2026-07-27,2026,7,27,0,Monday,False
2026-07-27 01:00:00,2026-07-27,2026,7,27,1,Monday,False
2026-07-27 02:00:00,2026-07-27,2026,7,27,2,Monday,False
2026-07-27 03:00:00,2026-07-27,2026,7,27,3,Monday,False
2026-07-27 04:00:00,2026-07-27,2026,7,27,4,Monday,False
2026-07-27 05:00:00,2026-07-27,2026,7,27,5,Monday,False
2026-07-27 06:00:00,2026-07-27,2026,7,27,6,Monday,False
2026-07-27 07:00:00,2026-07-27,2026,7,27,7,Monday,False
2026-07-27 08:00:00,2026-07-27,2026,7,27,8,Monday,False
2026-07-27 09:00:00,2026-07-27,2026,7,27,9,Monday,False
2026-07-27 10:00:00,2026-07-27,2026,7,27,10,Monday,False
2026-07-27 11:00:00,2026-07-27,2026,7,27,11,Monday,False
2026-07-27 12:00:00,2026-07-27,2026,7,27,12,Monday,False
2026-07-27 13:00:00,2026-07-27,2026,7,27,13,Monday,False
2026-07-27 14:00:00,2026-07-27,2026,7,27,14,Monday,False
2026-07-27 15:00:00,2026-07-27,2026,7,27,15,Monday,False
2026-07-27 16:00:00,2026-07-27,2026,7,27,16,Monday,False
2026-07-27 17:00:00,2026-07-27,2026,7,27,17,Monday,False
2026-07-27 18:00:00,2026-07-27,2026,7,27,18,Monday,False
2026-07-27 19:00:00,2026-07-27,2026,7,27,19,Monday,False
2026-07-27 20:00:00,2026-07-27,2026,7,27,20,Monday,False
2026-07-27 21:00:00,2026-07-27,2026,7,27,21,Monday,False
2026-07-27 22:00:00,2026-07-27,2026,7,27,22,Monday,False
2026-07-27 23:00:00,2026-07-27,2026,7,27,23,Monday,False
2026-07-28 00:00:00,2026-07-28,2026,7,28,0,Tuesday,False
2026-07-28 01:00:00,2026-07-28,2026,7,28,1,Tuesday,False
2026-07-28 02:00:00,2026-07-28,2026,7,28,2,Tuesday,False
2026-07-28 03:00:00,2026-07-28,2026,7,28,3,Tuesday,False
2026-07-28 04:00:00,2026-07-28,2026,7,28,4,Tuesday,False
2026-07-28 05:00:00,2026-07-28,2026,7,28,5,Tuesday,False
2026-07-28 06:00:00,2026-07-28,2026,7,28,6,Tuesday,False
2026-07-28 07:00:00,2026-07-28,2026,7,28,7,Tuesday,False
2026-07-28 08:00:00,2026-07-28,2026,7,28,8,Tuesday,False
2026-07-28 09:00:00,2026-07-28,2026,7,28,9,Tuesday,False
2026-07-28 10:00:00,2026-07-28,2026,7,28,10,Tuesday,False
2026-07-28 11:00:00,2026-07-28,2026,7,28,11,Tuesday,False
2026-07-28 12:00:00,2026-07-28,2026,7,28,12,Tuesday,False
2026-07-28 13:00:00,2026-07-28,2026,7,28,13,Tuesday,False
2026-07-28 14:00:00,2026-07-28,2026,7,28,14,Tuesday,False
2026-07-28 15:00:00,2026-07-28,2026,7,28,15,Tuesday,False
2026-07-28 16:00:00,2026-07-28,2026,7,28,16,Tuesday,False
2026-07-28 17:00:00,2026-07-28,2026,7,28,17,Tuesday,False
2026-07-28 18:00:00,2026-07-28,2026,7,28,18,Tuesday,False
2026-07-28 19:00:00,2026-07-28,2026,7,28,19,Tuesday,False
2026-07-28 20:00:00,2026-07-28,2026,7,28,20,Tuesday,False
2026-07-28 21:00:00,2026-07-28,2026,7,28,21,Tuesday,False
2026-07-28 22:00:00,2026-07-28,2026,7,28,22,Tuesday,False
2026-07-28 23:00:00,2026-07-28,2026,7,28,23,Tuesday,False
2026-07-29 00:00:00,2026-07-29,2026,7,29,0,Wednesday,False
2026-07-29 01:00:00,2026-07-29,2026,7,29,1,Wednesday,False
2026-07-29 02:00:00,2026-07-29,2026,7,29,2,Wednesday,False
2026-07-29 03:00:00,2026-07-29,2026,7,29,3,Wednesday,False
2026-07-29 04:00:00,2026-07-29,2026,7,29,4,Wednesday,False
2026-07-29 05:00:00,2026-07-29,2026,7,29,5,Wednesday,False
2026-07-29 06:00:00,2026-07-29,2026,7,29,6,Wednesday,False
2026-07-29 07:00:00,2026-07-29,2026,7,29,7,Wednesday,False
2026-07-29 08:00:00,2026-07-29,2026,7,29,8,Wednesday,False
2026-07-29 09:00:00,2026-07-29,2026,7,29,9,Wednesday,False
2026-07-29 10:00:00,2026-07-29,2026,7,29,10,Wednesday,False
2026-07-29 11:00:00,2026-07-29,2026,7,29,11,Wednesday,False
2026-07-29 12:00:00,2026-07-29,2026,7,29,12,Wednesday,False
2026-07-29 13:00:00,2026-07-29,2026,7,29,13,Wednesday,False
2026-07-29 14:00:00,2026-07-29,2026,7,29,14,Wednesday,False
2026-07-29 15:00:00,2026-07-29,2026,7,29,15,Wednesday,False
2026-07-29 16:00:00,2026-07-29,2026,7,29,16,Wednesday,False
2026-07-29 17:00:00,2026-07-29,2026,7,29,17,Wednesday,False
2026-07-29 18:00:00,2026-07-29,2026,7,29,18,Wednesday,False
2026-07-29 19:00:00,2026-07-29,2026,7,29,19,Wednesday,False
2026-07-29 20:00:00,2026-07-29,2026,7,29,20,Wednesday,False
2026-07-29 21:00:00,2026-07-29,2026,7,29,21,Wednesday,False
2026-07-29 22:00:00,2026-07-29,2026,7,29,22,Wednesday,False
2026-07-29 23:00:00,2026-07-29,2026,7,29,23,Wednesday,False
