timestamp,date,year,month,day,hour,weekday,is_weekend,consumption_mwh,generation_mwh,market_price_try_mwh,net_balance_mwh,renewable_generation_mwh,renewable_share_pct,source,is_synthetic
2026-04-01 00:00:00,2026-04-01,2026,4,1,0,Wednesday,False,29050.16,32072.06,2471.04,3021.9000000000015,15579.78,48.57742221734431,demo,True
2026-04-01 01:00:00,2026-04-01,2026,4,1,1,Wednesday,False,26900.99,31449.9,2439.36,4548.91,15108.310000000001,48.03929424258901,demo,True
2026-04-01 02:00:00,2026-04-01,2026,4,1,2,Wednesday,False,27726.15,33059.23,2339.42,5333.080000000002,16803.46,50.82834657673514,demo,True
2026-04-01 03:00:00,2026-04-01,2026,4,1,3,Wednesday,False,28288.21,32744.71,2636.37,4456.5,15758.630000000001,48.125727789313146,demo,True
2026-04-01 04:00:00,2026-04-01,2026,4,1,4,Wednesday,False,27472.8,32031.34,2477.13,4558.540000000001,15327.060000000001,47.85019921114759,demo,True
2026-04-01 05:00:00,2026-04-01,2026,4,1,5,Wednesday,False,29701.47,32445.66,2455.72,2744.1899999999987,16482.21,50.79942895290156,demo,True
2026-04-01 06:00:00,2026-04-01,2026,4,1,6,Wednesday,False,32741.99,32716.12,2763.24,-25.87000000000262,16162.710000000001,49.40289374167842,demo,True
2026-04-01 07:00:00,2026-04-01,2026,4,1,7,Wednesday,False,34416.89,34438.36,2859.97,21.470000000001164,18325.81,53.21336439946618,demo,True
2026-04-01 08:00:00,2026-04-01,2026,4,1,8,Wednesday,False,36291.57,36382.0,2931.03,90.43000000000029,18099.059999999998,49.7472926172283,demo,True
2026-04-01 09:00:00,2026-04-01,2026,4,1,9,Wednesday,False,36888.97,37133.73,2825.53,244.76000000000204,19247.79,51.833710214406146,demo,True
2026-04-01 10:00:00,2026-04-01,2026,4,1,10,Wednesday,False,38769.75,38799.24,3223.27,29.489999999997963,19977.510000000002,51.4894363910221,demo,True
2026-04-01 11:00:00,2026-04-01,2026,4,1,11,Wednesday,False,38938.12,39181.07,3100.16,242.9499999999971,19534.050000000003,49.85583599426969,demo,True
2026-04-01 12:00:00,2026-04-01,2026,4,1,12,Wednesday,False,38414.36,38636.64,2895.95,222.27999999999884,19570.13,50.65173886756198,demo,True
2026-04-01 13:00:00,2026-04-01,2026,4,1,13,Wednesday,False,39048.23,39094.07,3037.35,45.83999999999651,21173.269999999997,54.15979968317444,demo,True
2026-04-01 14:00:00,2026-04-01,2026,4,1,14,Wednesday,False,38533.09,39057.7,2980.7,524.6100000000006,20577.14,52.68395220404684,demo,True
2026-04-01 15:00:00,2026-04-01,2026,4,1,15,Wednesday,False,37658.49,37670.08,2963.3,11.590000000003783,19291.97,51.21297857610071,demo,True
2026-04-01 16:00:00,2026-04-01,2026,4,1,16,Wednesday,False,38627.93,39079.05,2939.05,451.1200000000026,18314.19,46.864470860985605,demo,True
2026-04-01 17:00:00,2026-04-01,2026,4,1,17,Wednesday,False,37724.95,37569.18,2991.69,-155.7699999999968,18144.579999999998,48.29644937685624,demo,True
2026-04-01 18:00:00,2026-04-01,2026,4,1,18,Wednesday,False,38772.42,38996.81,2995.04,224.38999999999942,17416.54,44.66144794920405,demo,True
2026-04-01 19:00:00,2026-04-01,2026,4,1,19,Wednesday,False,37455.32,37489.75,2963.74,34.43000000000029,16861.82,44.97714708687041,demo,True
2026-04-01 20:00:00,2026-04-01,2026,4,1,20,Wednesday,False,36178.93,36311.13,2942.39,132.1999999999971,17238.350000000002,47.474011411927975,demo,True
2026-04-01 21:00:00,2026-04-01,2026,4,1,21,Wednesday,False,34167.44,34743.27,2761.16,575.8299999999945,16138.5,46.45072268672465,demo,True
2026-04-01 22:00:00,2026-04-01,2026,4,1,22,Wednesday,False,33514.95,33702.49,2706.25,187.54000000000087,17377.739999999998,51.562184277778876,demo,True
2026-04-01 23:00:00,2026-04-01,2026,4,1,23,Wednesday,False,30512.33,31527.01,2654.84,1014.6799999999967,15635.320000000002,49.59341212503185,demo,True
2026-04-02 00:00:00,2026-04-02,2026,4,2,0,Thursday,False,28547.03,33570.04,2377.13,5023.010000000002,17407.7,51.85486820986808,demo,True
2026-04-02 01:00:00,2026-04-02,2026,4,2,1,Thursday,False,27392.49,34396.91,2320.67,7004.420000000002,18552.78,53.937344953369355,demo,True
2026-04-02 02:00:00,2026-04-02,2026,4,2,2,Thursday,False,27583.45,33016.66,2301.12,5433.210000000003,16652.7,50.43726409636831,demo,True
2026-04-02 03:00:00,2026-04-02,2026,4,2,3,Thursday,False,27895.62,33003.35,2344.91,5107.73,17222.78,52.18494486165798,demo,True
2026-04-02 04:00:00,2026-04-02,2026,4,2,4,Thursday,False,29137.44,33300.13,2496.37,4162.689999999999,17497.43,52.544629705649804,demo,True
2026-04-02 05:00:00,2026-04-02,2026,4,2,5,Thursday,False,30924.57,34845.91,2658.57,3921.340000000004,17414.469999999998,49.975649939978595,demo,True
2026-04-02 06:00:00,2026-04-02,2026,4,2,6,Thursday,False,34161.65,34555.37,2689.92,393.72000000000116,18087.93,52.34477304106424,demo,True
2026-04-02 07:00:00,2026-04-02,2026,4,2,7,Thursday,False,34363.77,34606.26,2806.04,242.49000000000524,19223.63,55.54957397881192,demo,True
2026-04-02 08:00:00,2026-04-02,2026,4,2,8,Thursday,False,35954.76,36107.56,2849.36,152.79999999999563,19994.46,55.37471931085901,demo,True
2026-04-02 09:00:00,2026-04-02,2026,4,2,9,Thursday,False,36926.46,37278.67,2761.93,352.2099999999991,21013.84,56.369607606709145,demo,True
2026-04-02 10:00:00,2026-04-02,2026,4,2,10,Thursday,False,38595.35,38859.66,3002.89,264.31000000000495,21404.1,55.08051279913411,demo,True
2026-04-02 11:00:00,2026-04-02,2026,4,2,11,Thursday,False,39193.95,39547.2,3104.62,353.25,23080.710000000003,58.362437795849026,demo,True
2026-04-02 12:00:00,2026-04-02,2026,4,2,12,Thursday,False,38298.38,38898.93,2790.82,600.5500000000029,21966.57,56.47088493179633,demo,True
2026-04-02 13:00:00,2026-04-02,2026,4,2,13,Thursday,False,37681.05,37917.09,3115.94,236.0399999999936,20962.03,55.28385749011858,demo,True
2026-04-02 14:00:00,2026-04-02,2026,4,2,14,Thursday,False,37638.7,37964.6,2883.65,325.90000000000146,20692.51,54.504749161060566,demo,True
2026-04-02 15:00:00,2026-04-02,2026,4,2,15,Thursday,False,38725.41,38793.73,2872.91,68.31999999999971,19871.91,51.22454066675207,demo,True
2026-04-02 16:00:00,2026-04-02,2026,4,2,16,Thursday,False,38900.08,39309.6,3040.11,409.5199999999968,20320.379999999997,51.693174186458265,demo,True
2026-04-02 17:00:00,2026-04-02,2026,4,2,17,Thursday,False,38786.38,39039.34,3137.61,252.95999999999913,17870.99,45.776875326273455,demo,True
2026-04-02 18:00:00,2026-04-02,2026,4,2,18,Thursday,False,37701.64,37753.46,2979.09,51.81999999999971,17218.87,45.60872036629225,demo,True
2026-04-02 19:00:00,2026-04-02,2026,4,2,19,Thursday,False,37662.78,37713.26,3019.82,50.4800000000032,17761.63,47.09651194301421,demo,True
2026-04-02 20:00:00,2026-04-02,2026,4,2,20,Thursday,False,36400.01,36632.12,3092.32,232.11000000000058,18340.07,50.06554357214379,demo,True
2026-04-02 21:00:00,2026-04-02,2026,4,2,21,Thursday,False,34807.17,34958.13,2829.58,150.95999999999913,17645.070000000003,50.47486807789777,demo,True
2026-04-02 22:00:00,2026-04-02,2026,4,2,22,Thursday,False,33279.17,33868.83,2982.24,589.6600000000035,17734.64,52.36271816888862,demo,True
2026-04-02 23:00:00,2026-04-02,2026,4,2,23,Thursday,False,30787.01,32026.23,2686.68,1239.2200000000012,16947.61,52.917905104659525,demo,True
2026-04-03 00:00:00,2026-04-03,2026,4,3,0,Friday,False,29332.1,34239.53,2500.87,4907.43,17952.87,52.433167160881005,demo,True
2026-04-03 01:00:00,2026-04-03,2026,4,3,1,Friday,False,27696.28,34472.34,2450.18,6776.059999999998,17204.28,49.90749104934565,demo,True
2026-04-03 02:00:00,2026-04-03,2026,4,3,2,Friday,False,27423.22,34171.14,2378.39,6747.919999999998,17140.94,50.162037321552624,demo,True
2026-04-03 03:00:00,2026-04-03,2026,4,3,3,Friday,False,28091.71,34023.69,2441.73,5931.980000000003,18264.660000000003,53.682184383880774,demo,True
2026-04-03 04:00:00,2026-04-03,2026,4,3,4,Friday,False,27838.52,34490.46,2459.2,6651.939999999999,18351.789999999997,53.20830745661264,demo,True
2026-04-03 05:00:00,2026-04-03,2026,4,3,5,Friday,False,30409.23,34483.57,2509.18,4074.34,18569.55,53.85042789943153,demo,True
2026-04-03 06:00:00,2026-04-03,2026,4,3,6,Friday,False,32343.24,33141.16,2526.32,797.9200000000019,17913.480000000003,54.05206094174133,demo,True
2026-04-03 07:00:00,2026-04-03,2026,4,3,7,Friday,False,34211.04,34457.66,2861.68,246.62000000000262,19140.960000000003,55.5492160523959,demo,True
2026-04-03 08:00:00,2026-04-03,2026,4,3,8,Friday,False,36130.73,36634.41,2949.01,503.6800000000003,19667.29,53.68529205192604,demo,True
2026-04-03 09:00:00,2026-04-03,2026,4,3,9,Friday,False,38552.56,38557.11,2862.67,4.55000000000291,20940.81,54.31115039482991,demo,True
2026-04-03 10:00:00,2026-04-03,2026,4,3,10,Friday,False,37568.08,37809.1,2953.11,241.0199999999968,20445.420000000002,54.0753945478734,demo,True
2026-04-03 11:00:00,2026-04-03,2026,4,3,11,Friday,False,39091.47,39032.97,3130.39,-58.5,20190.1,51.72575901859376,demo,True
2026-04-03 12:00:00,2026-04-03,2026,4,3,12,Friday,False,37210.13,37386.25,2983.11,176.12000000000262,21181.070000000003,56.65470594135546,demo,True
2026-04-03 13:00:00,2026-04-03,2026,4,3,13,Friday,False,38044.74,38342.04,2883.1,297.3000000000029,21740.39,56.70118230537551,demo,True
2026-04-03 14:00:00,2026-04-03,2026,4,3,14,Friday,False,38339.76,38305.29,3064.88,-34.470000000001164,20914.39,54.599221151961,demo,True
2026-04-03 15:00:00,2026-04-03,2026,4,3,15,Friday,False,38690.35,38860.29,3006.37,169.94000000000233,20704.71,53.27986486976808,demo,True
2026-04-03 16:00:00,2026-04-03,2026,4,3,16,Friday,False,38887.66,39189.96,3070.7,302.29999999999563,19768.82,50.44358299931921,demo,True
2026-04-03 17:00:00,2026-04-03,2026,4,3,17,Friday,False,38971.51,39245.12,2969.73,273.6100000000006,19115.26,48.707355207475466,demo,True
2026-04-03 18:00:00,2026-04-03,2026,4,3,18,Friday,False,37933.39,38244.4,2648.68,311.01000000000204,16637.52,43.50315340285113,demo,True
2026-04-03 19:00:00,2026-04-03,2026,4,3,19,Friday,False,37186.62,37261.19,2899.78,74.56999999999971,17327.54,46.50291630514216,demo,True
2026-04-03 20:00:00,2026-04-03,2026,4,3,20,Friday,False,36928.92,37231.14,3016.64,302.22000000000116,16634.170000000002,44.6781108502184,demo,True
2026-04-03 21:00:00,2026-04-03,2026,4,3,21,Friday,False,34530.18,34672.18,2782.83,142.0,17229.37,49.692202797747356,demo,True
2026-04-03 22:00:00,2026-04-03,2026,4,3,22,Friday,False,31786.19,32650.25,2685.02,864.0600000000013,17338.87,53.104861371658714,demo,True
2026-04-03 23:00:00,2026-04-03,2026,4,3,23,Friday,False,29847.19,30356.98,2638.85,509.7900000000009,15278.05,50.32796411237218,demo,True
2026-04-04 00:00:00,2026-04-04,2026,4,4,0,Saturday,True,25723.24,34086.84,2255.74,8363.599999999995,18470.01,54.18516354112027,demo,True
2026-04-04 01:00:00,2026-04-04,2026,4,4,1,Saturday,True,25506.99,33335.99,2246.77,7828.999999999996,17501.960000000003,52.50169561485951,demo,True
2026-04-04 02:00:00,2026-04-04,2026,4,4,2,Saturday,True,24830.53,32459.75,2063.84,7629.220000000001,16462.72,50.71733454509046,demo,True
2026-04-04 03:00:00,2026-04-04,2026,4,4,3,Saturday,True,25643.15,32747.93,2150.4,7104.779999999999,17341.34,52.95400350495436,demo,True
2026-04-04 04:00:00,2026-04-04,2026,4,4,4,Saturday,True,26069.45,32959.89,2205.01,6890.439999999999,16866.739999999998,51.173532435939556,demo,True
2026-04-04 05:00:00,2026-04-04,2026,4,4,5,Saturday,True,28253.97,33069.1,2497.86,4815.129999999997,16827.96,50.88726333646819,demo,True
2026-04-04 06:00:00,2026-04-04,2026,4,4,6,Saturday,True,30620.41,32366.45,2547.04,1746.0400000000009,16564.03,51.17654237644227,demo,True
2026-04-04 07:00:00,2026-04-04,2026,4,4,7,Saturday,True,31951.72,33805.58,2573.14,1853.8600000000006,18647.12,55.1598878055043,demo,True
2026-04-04 08:00:00,2026-04-04,2026,4,4,8,Saturday,True,34153.08,34253.11,2697.11,100.02999999999884,18248.32,53.27492890426592,demo,True
2026-04-04 09:00:00,2026-04-04,2026,4,4,9,Saturday,True,34552.75,34998.55,2695.47,445.8000000000029,19240.45,54.97499182108972,demo,True
2026-04-04 10:00:00,2026-04-04,2026,4,4,10,Saturday,True,35430.03,37071.07,2889.2,1641.0400000000009,20789.79,56.08090082104455,demo,True
2026-04-04 11:00:00,2026-04-04,2026,4,4,11,Saturday,True,35656.45,36550.92,2818.46,894.4700000000012,20940.82,57.29218306953697,demo,True
2026-04-04 12:00:00,2026-04-04,2026,4,4,12,Saturday,True,35061.05,37275.63,2882.04,2214.5799999999945,20530.18,55.07668146722135,demo,True
2026-04-04 13:00:00,2026-04-04,2026,4,4,13,Saturday,True,36130.04,37829.57,2654.34,1699.5299999999988,20828.339999999997,55.05835778730764,demo,True
2026-04-04 14:00:00,2026-04-04,2026,4,4,14,Saturday,True,35407.25,36261.4,2852.41,854.1500000000015,20354.79,56.13349181223008,demo,True
2026-04-04 15:00:00,2026-04-04,2026,4,4,15,Saturday,True,35798.74,36086.49,2799.91,287.75,19356.769999999997,53.639935610251925,demo,True
2026-04-04 16:00:00,2026-04-04,2026,4,4,16,Saturday,True,36236.33,36572.7,2874.75,336.36999999999534,17916.370000000003,48.98837110741073,demo,True
2026-04-04 17:00:00,2026-04-04,2026,4,4,17,Saturday,True,36238.74,36289.18,3039.76,50.44000000000233,16854.93,46.446158331491645,demo,True
2026-04-04 18:00:00,2026-04-04,2026,4,4,18,Saturday,True,36153.27,36085.69,2878.08,-67.57999999999447,16767.71,46.46636935583052,demo,True
2026-04-04 19:00:00,2026-04-04,2026,4,4,19,Saturday,True,34951.33,35036.89,2898.05,85.55999999999767,15944.06,45.506493298920084,demo,True
2026-04-04 20:00:00,2026-04-04,2026,4,4,20,Saturday,True,33542.02,33548.82,2667.48,6.80000000000291,16089.699999999999,47.95906383592627,demo,True
2026-04-04 21:00:00,2026-04-04,2026,4,4,21,Saturday,True,32118.29,32115.76,2684.22,-2.530000000002474,15394.13,47.933257690305325,demo,True
2026-04-04 22:00:00,2026-04-04,2026,4,4,22,Saturday,True,29008.03,30890.6,2351.22,1882.5699999999997,15490.020000000002,50.14476895884186,demo,True
2026-04-04 23:00:00,2026-04-04,2026,4,4,23,Saturday,True,27137.52,31207.18,2382.11,4069.66,15839.580000000002,50.75620418121728,demo,True
2026-04-05 00:00:00,2026-04-05,2026,4,5,0,Sunday,True,25450.97,31948.34,2334.2,6497.369999999999,15987.39,50.0413793017102,demo,True
2026-04-05 01:00:00,2026-04-05,2026,4,5,1,Sunday,True,24470.91,31384.39,2336.89,6913.48,16077.04,51.2262306197444,demo,True
2026-04-05 02:00:00,2026-04-05,2026,4,5,2,Sunday,True,25020.68,32139.11,2204.58,7118.43,15975.300000000001,49.70672803322805,demo,True
2026-04-05 03:00:00,2026-04-05,2026,4,5,3,Sunday,True,24535.98,30854.24,2201.71,6318.260000000002,15434.320000000002,50.023335528601585,demo,True
2026-04-05 04:00:00,2026-04-05,2026,4,5,4,Sunday,True,26113.81,30809.07,2285.42,4695.259999999998,15090.54,48.98083583827749,demo,True
2026-04-05 05:00:00,2026-04-05,2026,4,5,5,Sunday,True,29062.46,31667.43,2462.39,2604.970000000001,16430.33,51.884001954058164,demo,True
2026-04-05 06:00:00,2026-04-05,2026,4,5,6,Sunday,True,29943.12,33169.23,2460.99,3226.110000000004,16543.58,49.876285943327595,demo,True
2026-04-05 07:00:00,2026-04-05,2026,4,5,7,Sunday,True,32694.52,33025.06,2499.85,330.53999999999724,16710.449999999997,50.59930246909468,demo,True
2026-04-05 08:00:00,2026-04-05,2026,4,5,8,Sunday,True,33189.8,34504.33,2624.63,1314.5299999999988,17595.260000000002,50.99435346230459,demo,True
2026-04-05 09:00:00,2026-04-05,2026,4,5,9,Sunday,True,34882.29,35187.69,2776.79,305.40000000000146,19470.15,55.33227671381668,demo,True
2026-04-05 10:00:00,2026-04-05,2026,4,5,10,Sunday,True,35029.15,35235.07,2803.65,205.91999999999825,18102.07,51.375149815226706,demo,True
2026-04-05 11:00:00,2026-04-05,2026,4,5,11,Sunday,True,35696.35,35833.7,2882.81,137.34999999999854,19461.989999999998,54.31197448212158,demo,True
2026-04-05 12:00:00,2026-04-05,2026,4,5,12,Sunday,True,36496.36,36829.33,2945.59,332.97000000000116,20388.26,55.358758902211896,demo,True
2026-04-05 13:00:00,2026-04-05,2026,4,5,13,Sunday,True,34590.04,35964.81,2734.54,1374.7699999999968,19392.82,53.92165286011521,demo,True
2026-04-05 14:00:00,2026-04-05,2026,4,5,14,Sunday,True,36049.93,36558.52,2740.73,508.5899999999965,18242.69,49.899968598291174,demo,True
2026-04-05 15:00:00,2026-04-05,2026,4,5,15,Sunday,True,35966.41,36312.49,2907.43,346.07999999999447,18519.81,51.00121197967973,demo,True
2026-04-05 16:00:00,2026-04-05,2026,4,5,16,Sunday,True,35493.9,35850.09,2864.78,356.18999999999505,17233.52,48.07106481462111,demo,True
2026-04-05 17:00:00,2026-04-05,2026,4,5,17,Sunday,True,34923.93,34748.53,2826.69,-175.40000000000146,15928.099999999999,45.838198047514524,demo,True
2026-04-05 18:00:00,2026-04-05,2026,4,5,18,Sunday,True,35747.99,35810.77,3013.98,62.779999999998836,15961.429999999997,44.57159117215296,demo,True
2026-04-05 19:00:00,2026-04-05,2026,4,5,19,Sunday,True,34659.62,35177.91,2881.6,518.2900000000009,15841.39,45.032209133515885,demo,True
2026-04-05 20:00:00,2026-04-05,2026,4,5,20,Sunday,True,34011.21,34229.27,2810.35,218.05999999999767,15712.5,45.90369587198325,demo,True
2026-04-05 21:00:00,2026-04-05,2026,4,5,21,Sunday,True,32199.39,32139.06,2701.93,-60.32999999999811,15325.109999999999,47.68375304069253,demo,True
2026-04-05 22:00:00,2026-04-05,2026,4,5,22,Sunday,True,31320.41,31610.3,2724.73,289.8899999999994,14647.45,46.33758616653433,demo,True
2026-04-05 23:00:00,2026-04-05,2026,4,5,23,Sunday,True,27992.95,30814.44,2380.79,2821.489999999998,15264.65,49.53732730499078,demo,True
2026-04-06 00:00:00,2026-04-06,2026,4,6,0,Monday,False,28170.41,31135.0,2381.17,2964.59,15077.45,48.426047856110486,demo,True
2026-04-06 01:00:00,2026-04-06,2026,4,6,1,Monday,False,27804.47,31907.03,2426.32,4102.559999999998,15126.380000000001,47.407671600897984,demo,True
2026-04-06 02:00:00,2026-04-06,2026,4,6,2,Monday,False,27404.83,31100.0,2287.58,3695.1699999999983,16157.43,51.95315112540193,demo,True
2026-04-06 03:00:00,2026-04-06,2026,4,6,3,Monday,False,28631.24,31818.01,2476.27,3186.769999999997,15652.6,49.194151362703074,demo,True
2026-04-06 04:00:00,2026-04-06,2026,4,6,4,Monday,False,29473.1,31156.81,2528.59,1683.7100000000028,15629.800000000001,50.16495591172524,demo,True
2026-04-06 05:00:00,2026-04-06,2026,4,6,5,Monday,False,30912.81,31598.38,2586.5,685.5699999999997,16138.12,51.07261827979789,demo,True
2026-04-06 06:00:00,2026-04-06,2026,4,6,6,Monday,False,33726.81,33952.86,2741.17,226.0500000000029,16068.06,47.32461418566801,demo,True
2026-04-06 07:00:00,2026-04-06,2026,4,6,7,Monday,False,33856.12,34037.9,2918.67,181.77999999999884,16639.3,48.884625667270896,demo,True
2026-04-06 08:00:00,2026-04-06,2026,4,6,8,Monday,False,35905.51,36093.66,2956.98,188.15000000000146,18175.04,50.355214738544106,demo,True
2026-04-06 09:00:00,2026-04-06,2026,4,6,9,Monday,False,36887.5,37143.3,2923.62,255.8000000000029,18383.170000000002,49.49255989640124,demo,True
2026-04-06 10:00:00,2026-04-06,2026,4,6,10,Monday,False,37931.3,38128.61,2980.36,197.30999999999767,19839.44,52.03294848671378,demo,True
2026-04-06 11:00:00,2026-04-06,2026,4,6,11,Monday,False,37479.99,37861.94,3077.57,381.95000000000437,19347.23,51.09941540238033,demo,True
2026-04-06 12:00:00,2026-04-06,2026,4,6,12,Monday,False,38862.75,39016.27,2990.82,153.5199999999968,19175.03,49.1462407862156,demo,True
2026-04-06 13:00:00,2026-04-06,2026,4,6,13,Monday,False,38153.61,38685.9,2921.76,532.2900000000009,18778.45,48.54081202712099,demo,True
2026-04-06 14:00:00,2026-04-06,2026,4,6,14,Monday,False,37226.27,37371.75,2963.0,145.4800000000032,18945.59,50.69495006254724,demo,True
2026-04-06 15:00:00,2026-04-06,2026,4,6,15,Monday,False,37599.09,38014.71,3006.46,415.6200000000026,18938.899999999998,49.81992497114932,demo,True
2026-04-06 16:00:00,2026-04-06,2026,4,6,16,Monday,False,38639.27,39062.65,3119.42,423.38000000000466,16724.91,42.81560518807608,demo,True
2026-04-06 17:00:00,2026-04-06,2026,4,6,17,Monday,False,39032.86,39312.71,3165.24,279.84999999999854,17188.93,43.723594735646564,demo,True
2026-04-06 18:00:00,2026-04-06,2026,4,6,18,Monday,False,39605.21,39869.03,3079.23,263.8199999999997,16125.519999999999,40.44623107208778,demo,True
2026-04-06 19:00:00,2026-04-06,2026,4,6,19,Monday,False,39579.97,39698.76,2995.83,118.79000000000087,17257.86,43.472037917557124,demo,True
2026-04-06 20:00:00,2026-04-06,2026,4,6,20,Monday,False,36648.42,36805.35,2909.91,156.9300000000003,15938.760000000002,43.305552046102,demo,True
2026-04-06 21:00:00,2026-04-06,2026,4,6,21,Monday,False,34001.41,34290.98,2841.17,289.5699999999997,16228.019999999999,47.3244567521838,demo,True
2026-04-06 22:00:00,2026-04-06,2026,4,6,22,Monday,False,31216.73,31467.23,2540.98,250.5,15417.710000000001,48.996082591318014,demo,True
2026-04-06 23:00:00,2026-04-06,2026,4,6,23,Monday,False,30857.89,32447.43,2421.64,1589.5400000000009,16293.279999999999,50.21439294267682,demo,True
2026-04-07 00:00:00,2026-04-07,2026,4,7,0,Tuesday,False,28327.8,32734.13,2464.27,4406.330000000002,16682.38,50.963260670132364,demo,True
2026-04-07 01:00:00,2026-04-07,2026,4,7,1,Tuesday,False,27398.23,32682.24,2366.87,5284.010000000002,15827.43,48.428228909646336,demo,True
2026-04-07 02:00:00,2026-04-07,2026,4,7,2,Tuesday,False,26832.37,31989.32,2215.76,5156.950000000001,16204.17,50.65493733533567,demo,True
2026-04-07 03:00:00,2026-04-07,2026,4,7,3,Tuesday,False,27591.26,31282.41,2425.23,3691.1500000000015,15596.19,49.85610124028168,demo,True
2026-04-07 04:00:00,2026-04-07,2026,4,7,4,Tuesday,False,29644.71,32812.34,2490.67,3167.6299999999974,16641.59,50.71747397473025,demo,True
2026-04-07 05:00:00,2026-04-07,2026,4,7,5,Tuesday,False,30782.93,33028.93,2749.56,2246.0,16247.179999999998,49.19075489275613,demo,True
2026-04-07 06:00:00,2026-04-07,2026,4,7,6,Tuesday,False,32601.46,33037.47,2691.9,436.01000000000204,16951.75,51.31067845086201,demo,True
2026-04-07 07:00:00,2026-04-07,2026,4,7,7,Tuesday,False,33973.3,34365.31,2827.43,392.00999999999476,16880.54,49.12087218186014,demo,True
2026-04-07 08:00:00,2026-04-07,2026,4,7,8,Tuesday,False,35191.06,35590.66,2829.13,399.6000000000058,18040.95,50.69012488107835,demo,True
2026-04-07 09:00:00,2026-04-07,2026,4,7,9,Tuesday,False,37205.68,37565.5,2872.86,359.8199999999997,19838.62,52.81074390065353,demo,True
2026-04-07 10:00:00,2026-04-07,2026,4,7,10,Tuesday,False,38176.52,38564.06,2942.68,387.5400000000009,20006.22,51.87788837586084,demo,True
2026-04-07 11:00:00,2026-04-07,2026,4,7,11,Tuesday,False,39691.22,39609.67,3156.45,-81.55000000000291,21154.32,53.406958452317326,demo,True
2026-04-07 12:00:00,2026-04-07,2026,4,7,12,Tuesday,False,38519.33,38571.37,3043.57,52.04000000000087,21616.260000000002,56.04224065673581,demo,True
2026-04-07 13:00:00,2026-04-07,2026,4,7,13,Tuesday,False,39007.08,39029.71,2875.18,22.62999999999738,21535.209999999995,55.17645403975586,demo,True
2026-04-07 14:00:00,2026-04-07,2026,4,7,14,Tuesday,False,37916.33,38394.96,2833.71,478.6299999999974,21353.669999999995,55.61581520074509,demo,True
2026-04-07 15:00:00,2026-04-07,2026,4,7,15,Tuesday,False,37490.54,37599.6,2824.01,109.05999999999767,20443.29,54.37103054287812,demo,True
2026-04-07 16:00:00,2026-04-07,2026,4,7,16,Tuesday,False,37754.22,37892.11,3058.98,137.88999999999942,19645.11,51.844856356639944,demo,True
2026-04-07 17:00:00,2026-04-07,2026,4,7,17,Tuesday,False,37948.51,38199.71,2851.45,251.1999999999971,18002.769999999997,47.1280279352906,demo,True
2026-04-07 18:00:00,2026-04-07,2026,4,7,18,Tuesday,False,39707.43,39733.57,3192.67,26.139999999999418,17710.949999999997,44.574273089480755,demo,True
2026-04-07 19:00:00,2026-04-07,2026,4,7,19,Tuesday,False,36975.3,37293.79,2985.56,318.48999999999796,17790.67,47.7041083783654,demo,True
2026-04-07 20:00:00,2026-04-07,2026,4,7,20,Tuesday,False,36955.28,36821.81,2954.21,-133.47000000000116,17966.15,48.792142482946936,demo,True
2026-04-07 21:00:00,2026-04-07,2026,4,7,21,Tuesday,False,34072.04,34110.09,2742.35,38.049999999995634,16521.04,48.4344661652901,demo,True
2026-04-07 22:00:00,2026-04-07,2026,4,7,22,Tuesday,False,33371.27,33657.05,2836.92,285.7800000000061,17092.0,50.78282261814389,demo,True
2026-04-07 23:00:00,2026-04-07,2026,4,7,23,Tuesday,False,30949.96,32061.9,2587.86,1111.9400000000023,17157.56,53.51385912874783,demo,True
2026-04-08 00:00:00,2026-04-08,2026,4,8,0,Wednesday,False,28797.21,33944.64,2327.24,5147.43,18263.79,53.80463601911819,demo,True
2026-04-08 01:00:00,2026-04-08,2026,4,8,1,Wednesday,False,27670.45,34477.85,2297.69,6807.399999999998,17985.67,52.165868811425305,demo,True
2026-04-08 02:00:00,2026-04-08,2026,4,8,2,Wednesday,False,26812.48,34905.36,2213.91,8092.880000000001,18088.530000000002,51.82164000027503,demo,True
2026-04-08 03:00:00,2026-04-08,2026,4,8,3,Wednesday,False,28012.06,34399.24,2521.07,6387.179999999997,18557.3,53.94683138348406,demo,True
2026-04-08 04:00:00,2026-04-08,2026,4,8,4,Wednesday,False,28590.04,34416.0,2576.8,5825.959999999999,18379.770000000004,53.40472454672247,demo,True
2026-04-08 05:00:00,2026-04-08,2026,4,8,5,Wednesday,False,29825.07,34400.82,2614.61,4575.75,18356.86,53.36169312243138,demo,True
2026-04-08 06:00:00,2026-04-08,2026,4,8,6,Wednesday,False,31827.94,32665.01,2626.25,837.0699999999997,16864.64,51.6290673108626,demo,True
2026-04-08 07:00:00,2026-04-08,2026,4,8,7,Wednesday,False,34829.07,35158.5,2660.84,329.4300000000003,18904.629999999997,53.7697285151528,demo,True
2026-04-08 08:00:00,2026-04-08,2026,4,8,8,Wednesday,False,37478.7,38103.93,2857.82,625.2300000000032,19522.9,51.2359223838591,demo,True
2026-04-08 09:00:00,2026-04-08,2026,4,8,9,Wednesday,False,37668.09,38067.21,2878.0,399.1200000000026,19291.629999999997,50.67781431841209,demo,True
2026-04-08 10:00:00,2026-04-08,2026,4,8,10,Wednesday,False,38141.12,38319.59,2949.08,178.4699999999939,21599.519999999997,56.36678262998116,demo,True
2026-04-08 11:00:00,2026-04-08,2026,4,8,11,Wednesday,False,38663.75,38965.84,3100.27,302.0899999999965,22328.030000000002,57.30154925442389,demo,True
2026-04-08 12:00:00,2026-04-08,2026,4,8,12,Wednesday,False,39352.34,39678.33,3152.28,325.99000000000524,21914.74,55.23100392582047,demo,True
2026-04-08 13:00:00,2026-04-08,2026,4,8,13,Wednesday,False,38482.73,38942.06,2921.95,459.32999999999447,22288.92,57.23610923510467,demo,True
2026-04-08 14:00:00,2026-04-08,2026,4,8,14,Wednesday,False,37988.18,38476.12,2756.89,487.9400000000023,20951.609999999997,54.45354157331872,demo,True
2026-04-08 15:00:00,2026-04-08,2026,4,8,15,Wednesday,False,39104.4,39325.24,2900.79,220.8399999999965,22186.55,56.41809179041247,demo,True
2026-04-08 16:00:00,2026-04-08,2026,4,8,16,Wednesday,False,38739.94,38771.14,3115.22,31.19999999999709,20629.289999999997,53.20784996262684,demo,True
2026-04-08 17:00:00,2026-04-08,2026,4,8,17,Wednesday,False,39541.2,39457.51,3107.64,-83.68999999999505,19050.899999999998,48.28206341454389,demo,True
2026-04-08 18:00:00,2026-04-08,2026,4,8,18,Wednesday,False,38355.76,38400.65,3002.57,44.88999999999942,17828.0,46.42629747152717,demo,True
2026-04-08 19:00:00,2026-04-08,2026,4,8,19,Wednesday,False,36703.14,36846.62,2874.16,143.4800000000032,18751.09,50.88957955980765,demo,True
2026-04-08 20:00:00,2026-04-08,2026,4,8,20,Wednesday,False,35420.62,35941.4,2780.56,520.7799999999988,17970.61,49.99974959239206,demo,True
2026-04-08 21:00:00,2026-04-08,2026,4,8,21,Wednesday,False,35869.74,36393.25,2770.56,523.510000000002,17881.449999999997,49.133974019907534,demo,True
2026-04-08 22:00:00,2026-04-08,2026,4,8,22,Wednesday,False,33935.73,35082.95,2926.65,1147.219999999994,18859.71,53.757480485535,demo,True
2026-04-08 23:00:00,2026-04-08,2026,4,8,23,Wednesday,False,30564.83,34816.7,2711.5,4251.869999999995,18613.359999999997,53.461011526078,demo,True
2026-04-09 00:00:00,2026-04-09,2026,4,9,0,Thursday,False,28648.63,34536.6,2361.66,5887.9699999999975,19243.95,55.72045308455378,demo,True
2026-04-09 01:00:00,2026-04-09,2026,4,9,1,Thursday,False,28731.99,34196.02,2298.4,5464.029999999995,18270.95,53.43004829216968,demo,True
2026-04-09 02:00:00,2026-04-09,2026,4,9,2,Thursday,False,26505.9,33739.15,2343.38,7233.25,18299.030000000002,54.23678426990603,demo,True
2026-04-09 03:00:00,2026-04-09,2026,4,9,3,Thursday,False,27083.5,34460.38,2367.6,7376.879999999997,17659.63,51.24618474897839,demo,True
2026-04-09 04:00:00,2026-04-09,2026,4,9,4,Thursday,False,29368.86,34529.64,2541.5,5160.779999999999,18760.629999999997,54.33195944122209,demo,True
2026-04-09 05:00:00,2026-04-09,2026,4,9,5,Thursday,False,30416.77,35011.17,2618.49,4594.399999999998,19073.199999999997,54.477471047097254,demo,True
2026-04-09 06:00:00,2026-04-09,2026,4,9,6,Thursday,False,32728.91,33633.03,2559.71,904.119999999999,18502.100000000002,55.01169534829304,demo,True
2026-04-09 07:00:00,2026-04-09,2026,4,9,7,Thursday,False,34603.85,36015.59,2877.93,1411.739999999998,20091.75,55.78625811766516,demo,True
2026-04-09 08:00:00,2026-04-09,2026,4,9,8,Thursday,False,36619.64,36745.5,2843.71,125.86000000000058,20398.460000000003,55.51281109251474,demo,True
2026-04-09 09:00:00,2026-04-09,2026,4,9,9,Thursday,False,38551.34,38903.75,3049.43,352.4100000000035,20874.86,53.657706519294415,demo,True
2026-04-09 10:00:00,2026-04-09,2026,4,9,10,Thursday,False,38297.58,38426.9,2933.89,129.3199999999997,21900.47,56.99254949007076,demo,True
2026-04-09 11:00:00,2026-04-09,2026,4,9,11,Thursday,False,38924.43,39227.43,3055.92,303.0,23421.28,59.706384027707145,demo,True
2026-04-09 12:00:00,2026-04-09,2026,4,9,12,Thursday,False,37013.02,38706.8,2661.87,1693.780000000006,22739.660000000003,58.748488637655406,demo,True
2026-04-09 13:00:00,2026-04-09,2026,4,9,13,Thursday,False,38305.06,38751.02,3030.26,445.9599999999991,21754.309999999998,56.138677123853775,demo,True
2026-04-09 14:00:00,2026-04-09,2026,4,9,14,Thursday,False,37695.57,37949.32,2858.9,253.75,21115.19,55.640496325098844,demo,True
2026-04-09 15:00:00,2026-04-09,2026,4,9,15,Thursday,False,37486.83,37859.02,2943.44,372.18999999999505,20278.839999999997,53.564091199402405,demo,True
2026-04-09 16:00:00,2026-04-09,2026,4,9,16,Thursday,False,37835.1,37866.18,3068.93,31.080000000001746,20232.86,53.4325353125137,demo,True
2026-04-09 17:00:00,2026-04-09,2026,4,9,17,Thursday,False,38242.28,38523.68,2928.51,281.40000000000146,19401.35,50.36214089619683,demo,True
2026-04-09 18:00:00,2026-04-09,2026,4,9,18,Thursday,False,38878.63,39231.65,2978.92,353.0200000000041,18102.869999999995,46.14353462064429,demo,True
2026-04-09 19:00:00,2026-04-09,2026,4,9,19,Thursday,False,36641.79,36523.9,2887.15,-117.88999999999942,17983.86,49.238608144256226,demo,True
2026-04-09 20:00:00,2026-04-09,2026,4,9,20,Thursday,False,36409.78,36870.03,2879.69,460.25,17576.13,47.67050637062135,demo,True
2026-04-09 21:00:00,2026-04-09,2026,4,9,21,Thursday,False,34385.17,34410.28,2690.8,25.110000000000582,17493.64,50.83841224192305,demo,True
2026-04-09 22:00:00,2026-04-09,2026,4,9,22,Thursday,False,32509.8,32987.22,2675.47,477.4200000000019,17536.56,53.16167897749492,demo,True
2026-04-09 23:00:00,2026-04-09,2026,4,9,23,Thursday,False,31402.43,33671.4,2632.57,2268.970000000001,17258.730000000003,51.2563481173934,demo,True
2026-04-10 00:00:00,2026-04-10,2026,4,10,0,Friday,False,29303.54,34205.27,2530.95,4901.729999999996,18197.969999999998,53.2022404734709,demo,True
2026-04-10 01:00:00,2026-04-10,2026,4,10,1,Friday,False,28655.16,32554.46,2379.08,3899.2999999999993,17355.88,53.31337088681551,demo,True
2026-04-10 02:00:00,2026-04-10,2026,4,10,2,Friday,False,27182.68,34254.12,2295.35,7071.440000000002,17848.05,52.10482709817096,demo,True
2026-04-10 03:00:00,2026-04-10,2026,4,10,3,Friday,False,27232.65,32832.68,2368.94,5600.029999999999,17268.95,52.59683339891839,demo,True
2026-04-10 04:00:00,2026-04-10,2026,4,10,4,Friday,False,28771.83,34259.22,2453.63,5487.389999999999,17460.74,50.96654272922735,demo,True
2026-04-10 05:00:00,2026-04-10,2026,4,10,5,Friday,False,30872.74,34467.1,2565.66,3594.359999999997,17824.989999999998,51.71595521526325,demo,True
2026-04-10 06:00:00,2026-04-10,2026,4,10,6,Friday,False,32866.1,33673.93,2628.73,807.8300000000017,17570.989999999998,52.17980200113262,demo,True
2026-04-10 07:00:00,2026-04-10,2026,4,10,7,Friday,False,33969.19,34455.35,2769.76,486.1599999999962,18618.100000000002,54.035440069539284,demo,True
2026-04-10 08:00:00,2026-04-10,2026,4,10,8,Friday,False,36456.68,36430.02,2789.96,-26.660000000003492,19793.72,54.33354140349086,demo,True
2026-04-10 09:00:00,2026-04-10,2026,4,10,9,Friday,False,37735.86,38098.56,2941.64,362.6999999999971,20292.34,53.262747988375416,demo,True
2026-04-10 10:00:00,2026-04-10,2026,4,10,10,Friday,False,40006.4,40144.29,3059.74,137.88999999999942,20819.86,51.8625687488806,demo,True
2026-04-10 11:00:00,2026-04-10,2026,4,10,11,Friday,False,39797.46,40045.42,3062.8,247.95999999999913,21341.489999999998,53.29321055940979,demo,True
2026-04-10 12:00:00,2026-04-10,2026,4,10,12,Friday,False,37860.87,38070.39,3044.98,209.5199999999968,21430.649999999998,56.29217352383309,demo,True
2026-04-10 13:00:00,2026-04-10,2026,4,10,13,Friday,False,38147.99,38505.95,2846.39,357.9599999999991,21092.74,54.777871991211754,demo,True
2026-04-10 14:00:00,2026-04-10,2026,4,10,14,Friday,False,37271.42,37517.64,2709.39,246.22000000000116,20115.61,53.61640550951499,demo,True
2026-04-10 15:00:00,2026-04-10,2026,4,10,15,Friday,False,37936.5,38445.78,2929.29,509.27999999999884,19428.37,50.53446698181179,demo,True
2026-04-10 16:00:00,2026-04-10,2026,4,10,16,Friday,False,38680.73,39108.83,2942.82,428.09999999999854,18493.000000000004,47.28599653837766,demo,True
2026-04-10 17:00:00,2026-04-10,2026,4,10,17,Friday,False,39330.27,39437.11,2816.62,106.84000000000378,18333.95,46.48908096967551,demo,True
2026-04-10 18:00:00,2026-04-10,2026,4,10,18,Friday,False,37737.14,38232.89,3163.27,495.75,17447.49,45.634766296767005,demo,True
2026-04-10 19:00:00,2026-04-10,2026,4,10,19,Friday,False,37122.36,37429.86,3050.82,307.5,15575.470000000001,41.612418534293205,demo,True
2026-04-10 20:00:00,2026-04-10,2026,4,10,20,Friday,False,34895.23,35175.81,2919.92,280.57999999999447,15545.78,44.19451890375801,demo,True
2026-04-10 21:00:00,2026-04-10,2026,4,10,21,Friday,False,34620.22,35022.9,2809.58,402.6800000000003,15952.53,45.54885517761236,demo,True
2026-04-10 22:00:00,2026-04-10,2026,4,10,22,Friday,False,32005.48,32258.04,2705.37,252.5600000000013,15797.529999999999,48.97238021900897,demo,True
2026-04-10 23:00:00,2026-04-10,2026,4,10,23,Friday,False,30339.89,32949.17,2531.24,2609.279999999999,16447.29,49.91716028051693,demo,True
2026-04-11 00:00:00,2026-04-11,2026,4,11,0,Saturday,True,25823.06,32278.58,2386.07,6455.52,16484.66,51.0699665226909,demo,True
2026-04-11 01:00:00,2026-04-11,2026,4,11,1,Saturday,True,25163.0,32246.11,2300.95,7083.110000000001,16124.370000000003,50.0040780112702,demo,True
2026-04-11 02:00:00,2026-04-11,2026,4,11,2,Saturday,True,23570.42,32623.89,2197.25,9053.470000000001,16117.66,49.40447015975103,demo,True
2026-04-11 03:00:00,2026-04-11,2026,4,11,3,Saturday,True,24202.88,32059.9,2238.74,7857.02,15843.2,49.417496623507866,demo,True
2026-04-11 04:00:00,2026-04-11,2026,4,11,4,Saturday,True,27929.0,31782.68,2571.66,3853.6800000000003,15724.57,49.475280246977285,demo,True
2026-04-11 05:00:00,2026-04-11,2026,4,11,5,Saturday,True,27311.8,32506.48,2426.51,5194.68,15821.25,48.67106496919999,demo,True
2026-04-11 06:00:00,2026-04-11,2026,4,11,6,Saturday,True,29484.75,31133.55,2441.35,1648.7999999999993,15017.26,48.23497481013248,demo,True
2026-04-11 07:00:00,2026-04-11,2026,4,11,7,Saturday,True,33524.1,33595.08,2794.95,70.9800000000032,15795.850000000002,47.01834316215351,demo,True
2026-04-11 08:00:00,2026-04-11,2026,4,11,8,Saturday,True,35936.88,35896.71,2939.6,-40.169999999998254,16970.859999999997,47.27692314978169,demo,True
2026-04-11 09:00:00,2026-04-11,2026,4,11,9,Saturday,True,34266.0,35103.25,2755.95,837.25,18336.91,52.2370720659768,demo,True
2026-04-11 10:00:00,2026-04-11,2026,4,11,10,Saturday,True,35496.39,35760.89,2829.79,264.5,18791.02,52.54628729877808,demo,True
2026-04-11 11:00:00,2026-04-11,2026,4,11,11,Saturday,True,36232.76,36628.51,2781.37,395.75,19123.920000000002,52.21047757607394,demo,True
2026-04-11 12:00:00,2026-04-11,2026,4,11,12,Saturday,True,37178.23,37582.43,2967.61,404.1999999999971,18035.75,47.98984525481721,demo,True
2026-04-11 13:00:00,2026-04-11,2026,4,11,13,Saturday,True,35168.36,35603.76,2714.62,435.40000000000146,18327.51,51.476332836756555,demo,True
2026-04-11 14:00:00,2026-04-11,2026,4,11,14,Saturday,True,35634.14,35816.12,2816.89,181.9800000000032,18952.840000000004,52.91706639356804,demo,True
2026-04-11 15:00:00,2026-04-11,2026,4,11,15,Saturday,True,36404.13,36537.32,2872.51,133.19000000000233,16675.61,45.63993746667791,demo,True
2026-04-11 16:00:00,2026-04-11,2026,4,11,16,Saturday,True,36274.14,36164.82,2985.77,-109.31999999999971,17966.980000000003,49.680822412499225,demo,True
2026-04-11 17:00:00,2026-04-11,2026,4,11,17,Saturday,True,35732.86,35803.78,3068.63,70.91999999999825,14637.130000000001,40.88152144829401,demo,True
2026-04-11 18:00:00,2026-04-11,2026,4,11,18,Saturday,True,35663.82,35925.01,2812.08,261.1900000000023,15213.98,42.349271440703845,demo,True
2026-04-11 19:00:00,2026-04-11,2026,4,11,19,Saturday,True,34127.84,34251.59,2832.19,123.75,14406.580000000002,42.06105468388476,demo,True
2026-04-11 20:00:00,2026-04-11,2026,4,11,20,Saturday,True,33741.61,33786.25,2767.14,44.63999999999942,14996.93,44.38767249990751,demo,True
2026-04-11 21:00:00,2026-04-11,2026,4,11,21,Saturday,True,32057.62,32316.7,2698.31,259.08000000000175,16465.890000000003,50.95164419634431,demo,True
2026-04-11 22:00:00,2026-04-11,2026,4,11,22,Saturday,True,30421.69,30913.42,2634.01,491.72999999999956,13153.56,42.54967583657842,demo,True
2026-04-11 23:00:00,2026-04-11,2026,4,11,23,Saturday,True,27831.77,30801.26,2409.03,2969.489999999998,14822.06,48.12160281754708,demo,True
2026-04-12 00:00:00,2026-04-12,2026,4,12,0,Sunday,True,26776.94,30196.62,2412.77,3419.6800000000003,13735.3,45.486216669282854,demo,True
2026-04-12 01:00:00,2026-04-12,2026,4,12,1,Sunday,True,25947.88,31078.24,2318.29,5130.360000000001,15073.93,48.50316491538774,demo,True
2026-04-12 02:00:00,2026-04-12,2026,4,12,2,Sunday,True,24919.63,30917.9,2441.18,5998.27,14240.829999999998,46.06014638769126,demo,True
2026-04-12 03:00:00,2026-04-12,2026,4,12,3,Sunday,True,25486.04,30333.85,2255.66,4847.809999999998,14068.32,46.37828696324404,demo,True
2026-04-12 04:00:00,2026-04-12,2026,4,12,4,Sunday,True,26485.74,29735.77,2401.08,3250.029999999999,13967.789999999999,46.97302272650077,demo,True
2026-04-12 05:00:00,2026-04-12,2026,4,12,5,Sunday,True,28223.06,31214.61,2511.61,2991.5499999999993,15006.430000000002,48.075019998648074,demo,True
2026-04-12 06:00:00,2026-04-12,2026,4,12,6,Sunday,True,29757.41,30288.37,2622.08,530.9599999999991,13155.740000000002,43.43495539707156,demo,True
2026-04-12 07:00:00,2026-04-12,2026,4,12,7,Sunday,True,32469.8,32476.53,2659.21,6.729999999999563,16230.06,49.97473560137121,demo,True
2026-04-12 08:00:00,2026-04-12,2026,4,12,8,Sunday,True,33845.23,33906.21,2916.07,60.979999999995925,15430.47,45.50927396485777,demo,True
2026-04-12 09:00:00,2026-04-12,2026,4,12,9,Sunday,True,36561.32,36752.54,2765.0,191.22000000000116,16164.499999999998,43.98199416965466,demo,True
2026-04-12 10:00:00,2026-04-12,2026,4,12,10,Sunday,True,36865.52,37090.32,2831.18,224.8000000000029,18437.440000000002,49.70957381872144,demo,True
2026-04-12 11:00:00,2026-04-12,2026,4,12,11,Sunday,True,36273.76,36999.34,2961.15,725.5799999999945,18163.039999999997,49.090172959841986,demo,True
2026-04-12 12:00:00,2026-04-12,2026,4,12,12,Sunday,True,35444.0,36858.44,2741.59,1414.4400000000023,19936.13,54.08837161854923,demo,True
2026-04-12 13:00:00,2026-04-12,2026,4,12,13,Sunday,True,35090.47,35138.46,2716.97,47.98999999999796,19001.899999999998,54.07721340092878,demo,True
2026-04-12 14:00:00,2026-04-12,2026,4,12,14,Sunday,True,36649.63,36731.18,2889.42,81.55000000000291,17539.65,47.75139268599594,demo,True
2026-04-12 15:00:00,2026-04-12,2026,4,12,15,Sunday,True,36053.92,36345.7,2844.85,291.77999999999884,16480.82,45.34462123442388,demo,True
2026-04-12 16:00:00,2026-04-12,2026,4,12,16,Sunday,True,36315.91,36654.47,2989.99,338.5599999999977,16480.069999999996,44.96060098536412,demo,True
2026-04-12 17:00:00,2026-04-12,2026,4,12,17,Sunday,True,34784.96,34907.68,2908.2,122.72000000000116,16773.95,48.0523197187553,demo,True
2026-04-12 18:00:00,2026-04-12,2026,4,12,18,Sunday,True,36416.71,36670.49,2977.13,253.77999999999884,14864.05,40.53409158154145,demo,True
2026-04-12 19:00:00,2026-04-12,2026,4,12,19,Sunday,True,35418.36,36018.5,3009.71,600.1399999999994,14572.76,40.4590974082763,demo,True
2026-04-12 20:00:00,2026-04-12,2026,4,12,20,Sunday,True,33141.03,33397.36,2655.84,256.33000000000175,13938.050000000001,41.73398735708451,demo,True
2026-04-12 21:00:00,2026-04-12,2026,4,12,21,Sunday,True,31924.02,32231.8,2702.89,307.77999999999884,14262.880000000001,44.250957129294676,demo,True
2026-04-12 22:00:00,2026-04-12,2026,4,12,22,Sunday,True,30453.77,32372.51,2706.22,1918.739999999998,15726.07,48.578469818991486,demo,True
2026-04-12 23:00:00,2026-04-12,2026,4,12,23,Sunday,True,28267.22,30412.72,2559.85,2145.5,14457.32,47.53708316783241,demo,True
2026-04-13 00:00:00,2026-04-13,2026,4,13,0,Monday,False,28752.34,30737.63,2638.91,1985.2900000000009,14127.730000000001,45.96232695884491,demo,True
2026-04-13 01:00:00,2026-04-13,2026,4,13,1,Monday,False,27676.54,30893.72,2387.79,3217.1800000000003,14622.410000000002,47.331334653126916,demo,True
2026-04-13 02:00:00,2026-04-13,2026,4,13,2,Monday,False,27144.45,30645.4,2497.38,3500.9500000000007,14364.579999999998,46.8735275114699,demo,True
2026-04-13 03:00:00,2026-04-13,2026,4,13,3,Monday,False,27856.61,29892.64,2422.27,2036.0299999999988,13726.26,45.918527102323516,demo,True
2026-04-13 04:00:00,2026-04-13,2026,4,13,4,Monday,False,29988.57,30963.61,2619.73,975.0400000000009,14738.800000000001,47.60039284824993,demo,True
2026-04-13 05:00:00,2026-04-13,2026,4,13,5,Monday,False,28936.34,30876.03,2604.89,1939.6899999999987,15640.550000000001,50.65596192256582,demo,True
2026-04-13 06:00:00,2026-04-13,2026,4,13,6,Monday,False,32606.7,32823.25,2661.85,216.54999999999927,14538.490000000002,44.2932677294296,demo,True
2026-04-13 07:00:00,2026-04-13,2026,4,13,7,Monday,False,34881.82,35176.36,2682.68,294.5400000000009,16020.610000000002,45.54368331458969,demo,True
2026-04-13 08:00:00,2026-04-13,2026,4,13,8,Monday,False,36630.53,36926.99,3132.48,296.4599999999991,15745.55,42.63967899901942,demo,True
2026-04-13 09:00:00,2026-04-13,2026,4,13,9,Monday,False,37345.76,37358.85,3006.63,13.089999999996508,18215.84,48.75910259550281,demo,True
2026-04-13 10:00:00,2026-04-13,2026,4,13,10,Monday,False,37044.46,37346.42,2936.06,301.9599999999991,18233.11,48.821573794757306,demo,True
2026-04-13 11:00:00,2026-04-13,2026,4,13,11,Monday,False,38743.27,39093.8,3037.91,350.5300000000061,18340.239999999998,46.91342361192822,demo,True
2026-04-13 12:00:00,2026-04-13,2026,4,13,12,Monday,False,39697.28,39659.81,2910.5,-37.470000000001164,18934.29,47.74175670533974,demo,True
2026-04-13 13:00:00,2026-04-13,2026,4,13,13,Monday,False,37305.46,37818.82,2982.58,513.3600000000006,18261.62,48.2871226548052,demo,True
2026-04-13 14:00:00,2026-04-13,2026,4,13,14,Monday,False,38930.51,38958.07,3019.32,27.55999999999767,18038.09,46.301292646170616,demo,True
2026-04-13 15:00:00,2026-04-13,2026,4,13,15,Monday,False,38150.03,38195.15,3005.43,45.12000000000262,18963.309999999998,49.648476311783035,demo,True
2026-04-13 16:00:00,2026-04-13,2026,4,13,16,Monday,False,38446.88,38733.23,3062.79,286.3500000000058,16849.83,43.50225891308316,demo,True
2026-04-13 17:00:00,2026-04-13,2026,4,13,17,Monday,False,37779.14,38125.39,2727.78,346.25,16125.61,42.296249297384236,demo,True
2026-04-13 18:00:00,2026-04-13,2026,4,13,18,Monday,False,38043.38,38433.36,3116.44,389.9800000000032,14826.71,38.57770957314167,demo,True
2026-04-13 19:00:00,2026-04-13,2026,4,13,19,Monday,False,38520.3,38871.28,3127.38,350.9799999999959,14340.380000000001,36.89196754004499,demo,True
2026-04-13 20:00:00,2026-04-13,2026,4,13,20,Monday,False,36836.19,36992.65,3011.72,156.45999999999913,15503.49,41.909649619586595,demo,True
2026-04-13 21:00:00,2026-04-13,2026,4,13,21,Monday,False,35976.71,36246.25,2907.97,269.5400000000009,15753.740000000002,43.46308928509846,demo,True
2026-04-13 22:00:00,2026-04-13,2026,4,13,22,Monday,False,33603.35,33796.35,2783.8,193.0,15391.230000000003,45.541101331948575,demo,True
2026-04-13 23:00:00,2026-04-13,2026,4,13,23,Monday,False,31047.86,31329.22,2643.83,281.3600000000006,14740.429999999998,47.050102109149215,demo,True
2026-04-14 00:00:00,2026-04-14,2026,4,14,0,Tuesday,False,30187.61,31765.21,2589.26,1577.5999999999985,15689.230000000001,49.39123651315386,demo,True
2026-04-14 01:00:00,2026-04-14,2026,4,14,1,Tuesday,False,28066.27,31543.43,2494.15,3477.16,15424.57,48.89946971524657,demo,True
2026-04-14 02:00:00,2026-04-14,2026,4,14,2,Tuesday,False,27910.43,31788.04,2464.06,3877.6100000000006,15733.300000000001,49.494401038881286,demo,True
2026-04-14 03:00:00,2026-04-14,2026,4,14,3,Tuesday,False,27552.21,32697.67,2583.96,5145.459999999999,16250.17,49.69825067046062,demo,True
2026-04-14 04:00:00,2026-04-14,2026,4,14,4,Tuesday,False,29015.11,30622.98,2455.15,1607.869999999999,14232.470000000001,46.47643697641445,demo,True
2026-04-14 05:00:00,2026-04-14,2026,4,14,5,Tuesday,False,30254.8,32345.39,2527.82,2090.59,16285.880000000001,50.34992621823388,demo,True
2026-04-14 06:00:00,2026-04-14,2026,4,14,6,Tuesday,False,33475.21,33310.01,2923.54,-165.1999999999971,15225.699999999999,45.70908264512679,demo,True
2026-04-14 07:00:00,2026-04-14,2026,4,14,7,Tuesday,False,33943.45,34336.21,2775.05,392.76000000000204,16085.179999999998,46.84611376736104,demo,True
2026-04-14 08:00:00,2026-04-14,2026,4,14,8,Tuesday,False,36980.98,37221.43,3028.29,240.4499999999971,18053.170000000002,48.502086029472814,demo,True
2026-04-14 09:00:00,2026-04-14,2026,4,14,9,Tuesday,False,37482.64,37564.02,2974.59,81.37999999999738,18736.420000000002,49.87863386293587,demo,True
2026-04-14 10:00:00,2026-04-14,2026,4,14,10,Tuesday,False,39104.04,39169.46,3044.45,65.41999999999825,18788.35,47.96683436534483,demo,True
2026-04-14 11:00:00,2026-04-14,2026,4,14,11,Tuesday,False,39049.28,39175.4,3112.98,126.12000000000262,20902.4,53.35593254950811,demo,True
2026-04-14 12:00:00,2026-04-14,2026,4,14,12,Tuesday,False,39772.59,39854.92,3133.8,82.33000000000175,19947.66,50.050683830252325,demo,True
2026-04-14 13:00:00,2026-04-14,2026,4,14,13,Tuesday,False,38900.71,39007.21,2883.57,106.5,20501.48,52.558180910657285,demo,True
2026-04-14 14:00:00,2026-04-14,2026,4,14,14,Tuesday,False,37235.41,37791.52,2954.54,556.1099999999933,19382.78,51.28870180400259,demo,True
2026-04-14 15:00:00,2026-04-14,2026,4,14,15,Tuesday,False,38343.13,38659.93,2929.37,316.8000000000029,18774.68,48.56366785971935,demo,True
2026-04-14 16:00:00,2026-04-14,2026,4,14,16,Tuesday,False,37679.4,38295.88,3086.68,616.4799999999959,19153.120000000003,50.01352625922163,demo,True
2026-04-14 17:00:00,2026-04-14,2026,4,14,17,Tuesday,False,38163.37,38454.01,3199.28,290.6399999999994,16893.84,43.93258336386764,demo,True
2026-04-14 18:00:00,2026-04-14,2026,4,14,18,Tuesday,False,39345.36,39699.63,3286.24,354.2699999999968,16810.460000000003,42.34412260265399,demo,True
2026-04-14 19:00:00,2026-04-14,2026,4,14,19,Tuesday,False,38066.54,38158.01,3076.97,91.47000000000116,16291.520000000002,42.694888963025065,demo,True
2026-04-14 20:00:00,2026-04-14,2026,4,14,20,Tuesday,False,35949.08,36168.84,2856.86,219.75999999999476,16988.94,46.97120504832336,demo,True
2026-04-14 21:00:00,2026-04-14,2026,4,14,21,Tuesday,False,34064.49,34299.79,2845.33,235.3000000000029,15051.55,43.882338638224894,demo,True
2026-04-14 22:00:00,2026-04-14,2026,4,14,22,Tuesday,False,32812.11,33173.73,2628.74,361.6200000000026,16177.079999999998,48.76473040565531,demo,True
2026-04-14 23:00:00,2026-04-14,2026,4,14,23,Tuesday,False,29898.9,33525.41,2752.52,3626.510000000002,16907.329999999998,50.43138920597838,demo,True
2026-04-15 00:00:00,2026-04-15,2026,4,15,0,Wednesday,False,28507.06,32145.69,2570.58,3638.6299999999974,16293.210000000001,50.6855195828741,demo,True
2026-04-15 01:00:00,2026-04-15,2026,4,15,1,Wednesday,False,27987.39,32955.15,2457.77,4967.760000000002,16898.77,51.278085519258745,demo,True
2026-04-15 02:00:00,2026-04-15,2026,4,15,2,Wednesday,False,28149.55,32643.02,2531.22,4493.470000000001,16635.75,50.96265602876204,demo,True
2026-04-15 03:00:00,2026-04-15,2026,4,15,3,Wednesday,False,28195.95,31705.79,2402.88,3509.84,16017.780000000002,50.52004696933904,demo,True
2026-04-15 04:00:00,2026-04-15,2026,4,15,4,Wednesday,False,27374.62,32873.43,2292.64,5498.810000000001,17058.92,51.892729173682206,demo,True
2026-04-15 05:00:00,2026-04-15,2026,4,15,5,Wednesday,False,30966.05,31410.87,2418.77,444.8199999999997,15039.76,47.88074956217386,demo,True
2026-04-15 06:00:00,2026-04-15,2026,4,15,6,Wednesday,False,32842.92,33103.8,2705.55,260.88000000000466,16943.63,51.18333846869543,demo,True
2026-04-15 07:00:00,2026-04-15,2026,4,15,7,Wednesday,False,35067.98,35377.18,2806.12,309.1999999999971,17885.18,50.555697203677624,demo,True
2026-04-15 08:00:00,2026-04-15,2026,4,15,8,Wednesday,False,37574.68,37796.5,3009.31,221.8199999999997,19116.129999999997,50.57645549191062,demo,True
2026-04-15 09:00:00,2026-04-15,2026,4,15,9,Wednesday,False,36181.83,36623.1,2864.04,441.2699999999968,19731.440000000002,53.8770338939085,demo,True
2026-04-15 10:00:00,2026-04-15,2026,4,15,10,Wednesday,False,37880.39,37772.54,2999.85,-107.84999999999854,20301.27,53.74610762209796,demo,True
2026-04-15 11:00:00,2026-04-15,2026,4,15,11,Wednesday,False,38947.31,39251.84,3101.67,304.52999999999884,20379.23,51.91917117770785,demo,True
2026-04-15 12:00:00,2026-04-15,2026,4,15,12,Wednesday,False,37401.02,37425.14,2785.43,24.12000000000262,20862.59,55.7448549290664,demo,True
2026-04-15 13:00:00,2026-04-15,2026,4,15,13,Wednesday,False,39432.33,39752.65,3126.06,320.3199999999997,21064.14,52.98801463550229,demo,True
2026-04-15 14:00:00,2026-04-15,2026,4,15,14,Wednesday,False,38603.68,38827.3,2974.88,223.62000000000262,20064.269999999997,51.675676650191996,demo,True
2026-04-15 15:00:00,2026-04-15,2026,4,15,15,Wednesday,False,38992.61,38976.5,3085.55,-16.110000000000582,19801.25,50.80304799045579,demo,True
2026-04-15 16:00:00,2026-04-15,2026,4,15,16,Wednesday,False,38110.15,38420.92,3075.71,310.7699999999968,19888.47,51.76468965344922,demo,True
2026-04-15 17:00:00,2026-04-15,2026,4,15,17,Wednesday,False,39105.81,39396.16,3177.97,290.3500000000058,17754.51,45.06660039963285,demo,True
2026-04-15 18:00:00,2026-04-15,2026,4,15,18,Wednesday,False,39045.43,39253.81,3121.28,208.37999999999738,16141.4,41.120594408542765,demo,True
2026-04-15 19:00:00,2026-04-15,2026,4,15,19,Wednesday,False,37793.28,38024.46,3048.68,231.1800000000003,16079.649999999998,42.28764852939397,demo,True
2026-04-15 20:00:00,2026-04-15,2026,4,15,20,Wednesday,False,36612.41,36891.49,3024.21,279.07999999999447,16851.26,45.67790566333861,demo,True
2026-04-15 21:00:00,2026-04-15,2026,4,15,21,Wednesday,False,34973.33,35435.41,2707.24,462.08000000000175,16765.300000000003,47.31227887584764,demo,True
2026-04-15 22:00:00,2026-04-15,2026,4,15,22,Wednesday,False,32194.82,33268.32,2574.75,1073.5,17124.82,51.47485656023508,demo,True
2026-04-15 23:00:00,2026-04-15,2026,4,15,23,Wednesday,False,30657.23,31089.57,2549.67,432.34000000000015,16048.43,51.619980591561735,demo,True
2026-04-16 00:00:00,2026-04-16,2026,4,16,0,Thursday,False,28880.09,33348.75,2361.52,4468.66,17004.75,50.990666816597326,demo,True
2026-04-16 01:00:00,2026-04-16,2026,4,16,1,Thursday,False,28047.35,32261.86,2414.13,4214.510000000002,16316.240000000002,50.57439341687058,demo,True
2026-04-16 02:00:00,2026-04-16,2026,4,16,2,Thursday,False,28050.71,32460.94,2404.58,4410.23,16640.45,51.26299484857802,demo,True
2026-04-16 03:00:00,2026-04-16,2026,4,16,3,Thursday,False,27038.84,31451.74,2391.59,4412.9000000000015,15878.029999999999,50.483788814227765,demo,True
2026-04-16 04:00:00,2026-04-16,2026,4,16,4,Thursday,False,28901.02,31885.11,2490.59,2984.09,15662.32,49.1211101357342,demo,True
2026-04-16 05:00:00,2026-04-16,2026,4,16,5,Thursday,False,31800.01,33479.24,2725.21,1679.2299999999996,17697.47,52.86102671386806,demo,True
2026-04-16 06:00:00,2026-04-16,2026,4,16,6,Thursday,False,32281.99,33137.96,2723.4,855.9699999999975,16742.999999999996,50.52513793848504,demo,True
2026-04-16 07:00:00,2026-04-16,2026,4,16,7,Thursday,False,34212.68,34715.49,2764.47,502.8099999999977,17894.829999999998,51.54710476504868,demo,True
2026-04-16 08:00:00,2026-04-16,2026,4,16,8,Thursday,False,36594.95,36688.13,2897.17,93.18000000000029,17587.29,47.93727562565876,demo,True
2026-04-16 09:00:00,2026-04-16,2026,4,16,9,Thursday,False,38227.17,38352.97,3001.78,125.80000000000291,18981.0,49.49030022968234,demo,True
2026-04-16 10:00:00,2026-04-16,2026,4,16,10,Thursday,False,38312.16,38666.76,3001.88,354.59999999999854,19477.06,50.3715853099665,demo,True
2026-04-16 11:00:00,2026-04-16,2026,4,16,11,Thursday,False,39473.94,39937.39,3285.98,463.4499999999971,20640.69,51.68262122286909,demo,True
2026-04-16 12:00:00,2026-04-16,2026,4,16,12,Thursday,False,39117.9,39499.48,2934.3,381.58000000000175,18959.920000000002,48.00042937274111,demo,True
2026-04-16 13:00:00,2026-04-16,2026,4,16,13,Thursday,False,38998.44,39439.0,2970.02,440.5599999999977,19242.5,48.79053728542813,demo,True
2026-04-16 14:00:00,2026-04-16,2026,4,16,14,Thursday,False,38743.71,38979.28,2932.78,235.5699999999997,19576.78,50.2235546680185,demo,True
2026-04-16 15:00:00,2026-04-16,2026,4,16,15,Thursday,False,40039.35,40277.45,3140.08,238.09999999999854,19351.510000000002,48.045519266984385,demo,True
2026-04-16 16:00:00,2026-04-16,2026,4,16,16,Thursday,False,38376.19,38988.31,3049.38,612.1199999999953,18490.64,47.4261131092884,demo,True
2026-04-16 17:00:00,2026-04-16,2026,4,16,17,Thursday,False,37143.71,37697.95,2920.13,554.239999999998,17297.640000000003,45.88482928116782,demo,True
2026-04-16 18:00:00,2026-04-16,2026,4,16,18,Thursday,False,39430.48,39809.03,3221.47,378.54999999999563,15801.89,39.69423520241513,demo,True
2026-04-16 19:00:00,2026-04-16,2026,4,16,19,Thursday,False,37319.88,37769.07,3039.14,449.1900000000023,16010.130000000001,42.38952666824997,demo,True
2026-04-16 20:00:00,2026-04-16,2026,4,16,20,Thursday,False,36533.85,36938.39,3059.64,404.5400000000009,14994.270000000002,40.592646295629024,demo,True
2026-04-16 21:00:00,2026-04-16,2026,4,16,21,Thursday,False,35710.78,35743.7,3019.19,32.919999999998254,15482.58,43.315549313585336,demo,True
2026-04-16 22:00:00,2026-04-16,2026,4,16,22,Thursday,False,31687.58,31930.45,2464.77,242.86999999999898,15338.080000000002,48.03590303299829,demo,True
2026-04-16 23:00:00,2026-04-16,2026,4,16,23,Thursday,False,29894.34,31344.72,2626.4,1450.380000000001,14754.35,47.07124517303073,demo,True
2026-04-17 00:00:00,2026-04-17,2026,4,17,0,Friday,False,27875.97,32128.98,2327.26,4253.009999999998,15596.74,48.54414923847567,demo,True
2026-04-17 01:00:00,2026-04-17,2026,4,17,1,Friday,False,27233.08,32602.69,2436.11,5369.609999999997,15563.600000000002,47.737165246180616,demo,True
2026-04-17 02:00:00,2026-04-17,2026,4,17,2,Friday,False,27668.58,32183.72,2429.67,4515.139999999999,15426.91,47.93389328517648,demo,True
2026-04-17 03:00:00,2026-04-17,2026,4,17,3,Friday,False,28156.74,28897.38,2467.01,740.6399999999994,13577.489999999998,46.98519381341837,demo,True
2026-04-17 04:00:00,2026-04-17,2026,4,17,4,Friday,False,29191.92,31470.14,2402.58,2278.220000000001,15490.650000000001,49.22332725561438,demo,True
2026-04-17 05:00:00,2026-04-17,2026,4,17,5,Friday,False,29784.06,31419.86,2649.61,1635.7999999999993,14868.68,47.32255331500522,demo,True
2026-04-17 06:00:00,2026-04-17,2026,4,17,6,Friday,False,31195.43,31791.2,2499.75,595.7700000000004,15889.019999999999,49.9793024484763,demo,True
2026-04-17 07:00:00,2026-04-17,2026,4,17,7,Friday,False,34836.31,35196.59,2935.39,360.27999999999884,14991.63,42.59398424676937,demo,True
2026-04-17 08:00:00,2026-04-17,2026,4,17,8,Friday,False,36133.09,36617.03,2789.74,483.9400000000023,16671.62,45.52968932761614,demo,True
2026-04-17 09:00:00,2026-04-17,2026,4,17,9,Friday,False,37967.67,38475.06,3031.79,507.3899999999994,16754.629999999997,43.546728712053984,demo,True
2026-04-17 10:00:00,2026-04-17,2026,4,17,10,Friday,False,38805.53,38974.34,3216.16,168.80999999999767,18403.879999999997,47.22050456787722,demo,True
2026-04-17 11:00:00,2026-04-17,2026,4,17,11,Friday,False,38650.44,38964.43,3267.8,313.98999999999796,17841.539999999997,45.78930065190225,demo,True
2026-04-17 12:00:00,2026-04-17,2026,4,17,12,Friday,False,39060.23,39539.01,2917.39,478.77999999999884,18935.55,47.890804549734554,demo,True
2026-04-17 13:00:00,2026-04-17,2026,4,17,13,Friday,False,38579.61,38805.93,2989.21,226.3199999999997,17699.04,45.609111803273365,demo,True
2026-04-17 14:00:00,2026-04-17,2026,4,17,14,Friday,False,38736.88,38751.28,3008.64,14.400000000001455,17983.37,46.40716384078152,demo,True
2026-04-17 15:00:00,2026-04-17,2026,4,17,15,Friday,False,37926.73,38013.17,3217.64,86.43999999999505,17447.039999999997,45.897356100530416,demo,True
2026-04-17 16:00:00,2026-04-17,2026,4,17,16,Friday,False,38404.08,38502.95,3037.06,98.86999999999534,17547.29,45.57388459845285,demo,True
2026-04-17 17:00:00,2026-04-17,2026,4,17,17,Friday,False,38693.91,38861.44,3207.29,167.52999999999884,14855.98,38.228073895357454,demo,True
2026-04-17 18:00:00,2026-04-17,2026,4,17,18,Friday,False,38891.87,39007.55,3152.68,115.68000000000029,14674.960000000001,37.62081955929044,demo,True
2026-04-17 19:00:00,2026-04-17,2026,4,17,19,Friday,False,37374.65,37809.89,2952.11,435.23999999999796,13263.810000000001,35.08026603621434,demo,True
2026-04-17 20:00:00,2026-04-17,2026,4,17,20,Friday,False,36833.15,37033.32,2843.75,200.16999999999825,14003.48,37.81319093184192,demo,True
2026-04-17 21:00:00,2026-04-17,2026,4,17,21,Friday,False,34618.0,35095.0,2826.37,477.0,13659.189999999999,38.92061547228949,demo,True
2026-04-17 22:00:00,2026-04-17,2026,4,17,22,Friday,False,32736.89,32783.43,2959.13,46.54000000000087,14045.980000000001,42.84475419442079,demo,True
2026-04-17 23:00:00,2026-04-17,2026,4,17,23,Friday,False,31361.16,31609.69,2668.89,248.52999999999884,14863.74,47.02273258611521,demo,True
2026-04-18 00:00:00,2026-04-18,2026,4,18,0,Saturday,True,25111.72,30302.66,2386.97,5190.939999999999,14678.300000000001,48.43898192435912,demo,True
2026-04-18 01:00:00,2026-04-18,2026,4,18,1,Saturday,True,24391.45,29954.1,2144.98,5562.649999999998,13646.61,45.55840435866877,demo,True
2026-04-18 02:00:00,2026-04-18,2026,4,18,2,Saturday,True,23833.3,29687.64,2201.07,5854.34,14016.539999999999,47.21338577266499,demo,True
2026-04-18 03:00:00,2026-04-18,2026,4,18,3,Saturday,True,23666.28,28774.4,2288.13,5108.120000000003,13713.420000000002,47.658404693060504,demo,True
2026-04-18 04:00:00,2026-04-18,2026,4,18,4,Saturday,True,26033.74,30736.16,2274.49,4702.419999999998,13575.02,44.16628492303528,demo,True
2026-04-18 05:00:00,2026-04-18,2026,4,18,5,Saturday,True,28807.6,29276.34,2506.43,468.7400000000016,13476.87,46.03331563986482,demo,True
2026-04-18 06:00:00,2026-04-18,2026,4,18,6,Saturday,True,30123.08,30529.92,2528.53,406.8399999999965,13043.439999999999,42.72346602939018,demo,True
2026-04-18 07:00:00,2026-04-18,2026,4,18,7,Saturday,True,32446.71,32455.32,2768.8,8.610000000000582,15770.82,48.592403340962285,demo,True
2026-04-18 08:00:00,2026-04-18,2026,4,18,8,Saturday,True,34735.79,35066.18,2876.33,330.3899999999994,16030.489999999998,45.714959542214174,demo,True
2026-04-18 09:00:00,2026-04-18,2026,4,18,9,Saturday,True,36085.48,36538.73,2972.71,453.25,16885.79,46.21340150574472,demo,True
2026-04-18 10:00:00,2026-04-18,2026,4,18,10,Saturday,True,35775.77,36185.47,2964.96,409.70000000000437,17115.83,47.3002837879403,demo,True
2026-04-18 11:00:00,2026-04-18,2026,4,18,11,Saturday,True,37011.18,36966.13,2924.1,-45.05000000000291,18009.199999999997,48.71811033505536,demo,True
2026-04-18 12:00:00,2026-04-18,2026,4,18,12,Saturday,True,42240.08,36272.13,3930.55,-5967.950000000004,18045.18,49.749435723791244,demo,True
2026-04-18 13:00:00,2026-04-18,2026,4,18,13,Saturday,True,35342.98,35722.03,2809.35,379.04999999999563,16913.02,47.34618945227917,demo,True
2026-04-18 14:00:00,2026-04-18,2026,4,18,14,Saturday,True,35459.75,35833.65,2920.57,373.90000000000146,17201.58,48.003985081062076,demo,True
2026-04-18 15:00:00,2026-04-18,2026,4,18,15,Saturday,True,34893.62,35193.29,2683.98,299.66999999999825,15474.130000000001,43.968978177374154,demo,True
2026-04-18 16:00:00,2026-04-18,2026,4,18,16,Saturday,True,35418.11,35271.82,2819.14,-146.29000000000087,15705.49,44.52701901971602,demo,True
2026-04-18 17:00:00,2026-04-18,2026,4,18,17,Saturday,True,35815.56,36281.21,3142.08,465.65000000000146,14833.929999999998,40.885984783859186,demo,True
2026-04-18 18:00:00,2026-04-18,2026,4,18,18,Saturday,True,36390.01,36887.74,3043.16,497.7299999999959,13873.740000000002,37.610707514203916,demo,True
2026-04-18 19:00:00,2026-04-18,2026,4,18,19,Saturday,True,36364.81,36644.28,3026.29,279.47000000000116,14594.89,39.82856260240343,demo,True
2026-04-18 20:00:00,2026-04-18,2026,4,18,20,Saturday,True,33010.81,33301.95,2733.69,291.1399999999994,12262.66,36.82264852358496,demo,True
2026-04-18 21:00:00,2026-04-18,2026,4,18,21,Saturday,True,32589.07,32929.62,2679.77,340.5500000000029,12426.33,37.73602610658732,demo,True
2026-04-18 22:00:00,2026-04-18,2026,4,18,22,Saturday,True,29600.79,30113.67,2539.21,512.8799999999974,13553.09,45.00643727582855,demo,True
2026-04-18 23:00:00,2026-04-18,2026,4,18,23,Saturday,True,28622.78,29133.05,2497.32,510.27000000000044,13354.879999999997,45.84099502111862,demo,True
2026-04-19 00:00:00,2026-04-19,2026,4,19,0,Sunday,True,26425.1,29981.24,2536.13,3556.140000000003,14543.05,48.507166481439725,demo,True
2026-04-19 01:00:00,2026-04-19,2026,4,19,1,Sunday,True,24027.34,30014.15,2347.22,5986.810000000001,13548.630000000001,45.14080858528394,demo,True
2026-04-19 02:00:00,2026-04-19,2026,4,19,2,Sunday,True,25530.64,29905.38,2333.8,4374.740000000002,14106.359999999999,47.16997409830605,demo,True
2026-04-19 03:00:00,2026-04-19,2026,4,19,3,Sunday,True,24886.31,29811.56,2309.18,4925.25,13435.75,45.06892628228781,demo,True
2026-04-19 04:00:00,2026-04-19,2026,4,19,4,Sunday,True,26144.8,29811.88,2431.3,3667.0800000000017,13836.91,46.414080561172256,demo,True
2026-04-19 05:00:00,2026-04-19,2026,4,19,5,Sunday,True,27544.17,28720.05,2316.48,1175.880000000001,13529.43,47.10796116302026,demo,True
2026-04-19 06:00:00,2026-04-19,2026,4,19,6,Sunday,True,29874.5,30335.36,2393.9,460.8600000000006,14139.51,46.6106550243676,demo,True
2026-04-19 07:00:00,2026-04-19,2026,4,19,7,Sunday,True,32617.78,33051.45,2801.26,433.66999999999825,14619.119999999997,44.23140285827097,demo,True
2026-04-19 08:00:00,2026-04-19,2026,4,19,8,Sunday,True,33850.86,34272.04,2795.28,421.1800000000003,15814.07,46.14277410974077,demo,True
2026-04-19 09:00:00,2026-04-19,2026,4,19,9,Sunday,True,35396.16,35636.62,2758.31,240.45999999999913,16310.909999999998,45.770081449924255,demo,True
2026-04-19 10:00:00,2026-04-19,2026,4,19,10,Sunday,True,36087.51,36363.73,2705.33,276.22000000000116,17711.43,48.70630708125926,demo,True
2026-04-19 11:00:00,2026-04-19,2026,4,19,11,Sunday,True,36998.13,37462.59,3040.5,464.4599999999991,17385.07,46.406481772883296,demo,True
2026-04-19 12:00:00,2026-04-19,2026,4,19,12,Sunday,True,35808.19,36214.31,2821.77,406.11999999999534,18145.390000000003,50.10557981085378,demo,True
2026-04-19 13:00:00,2026-04-19,2026,4,19,13,Sunday,True,34905.36,35422.91,2869.96,517.5500000000029,16995.7,47.97940090184572,demo,True
2026-04-19 14:00:00,2026-04-19,2026,4,19,14,Sunday,True,36632.89,36761.8,2897.38,128.9100000000035,18049.51,49.098547949229896,demo,True
2026-04-19 15:00:00,2026-04-19,2026,4,19,15,Sunday,True,35707.95,35835.74,2880.3,127.79000000000087,16922.24,47.22168427385622,demo,True
2026-04-19 16:00:00,2026-04-19,2026,4,19,16,Sunday,True,36830.02,37020.16,2936.53,190.1400000000067,15115.780000000002,40.831211966668974,demo,True
2026-04-19 17:00:00,2026-04-19,2026,4,19,17,Sunday,True,36344.53,36424.79,2971.04,80.26000000000204,14102.900000000001,38.71786220318635,demo,True
2026-04-19 18:00:00,2026-04-19,2026,4,19,18,Sunday,True,35745.7,35757.84,2994.5,12.139999999999418,13968.53,39.0642443727026,demo,True
2026-04-19 19:00:00,2026-04-19,2026,4,19,19,Sunday,True,35414.41,35748.76,2887.15,334.34999999999854,14597.240000000002,40.83285685993025,demo,True
2026-04-19 20:00:00,2026-04-19,2026,4,19,20,Sunday,True,35354.04,35676.14,2866.88,322.09999999999854,15169.39,42.51970644806305,demo,True
2026-04-19 21:00:00,2026-04-19,2026,4,19,21,Sunday,True,33777.98,34072.3,2866.19,294.3199999999997,14420.96,42.32458624747962,demo,True
2026-04-19 22:00:00,2026-04-19,2026,4,19,22,Sunday,True,30387.73,31418.34,2626.1,1030.6100000000006,15974.059999999998,50.84310628760144,demo,True
2026-04-19 23:00:00,2026-04-19,2026,4,19,23,Sunday,True,28412.63,30270.93,2376.97,1858.2999999999993,14415.66,47.6221245928024,demo,True
2026-04-20 00:00:00,2026-04-20,2026,4,20,0,Monday,False,29780.23,30939.77,2545.1,1159.5400000000009,15037.07,48.60110466238113,demo,True
2026-04-20 01:00:00,2026-04-20,2026,4,20,1,Monday,False,27227.02,29239.76,2364.32,2012.739999999998,14036.09,48.00343778471506,demo,True
2026-04-20 02:00:00,2026-04-20,2026,4,20,2,Monday,False,27623.98,30081.22,2436.59,2457.2400000000016,14351.319999999998,47.708570330591634,demo,True
2026-04-20 03:00:00,2026-04-20,2026,4,20,3,Monday,False,27801.71,30214.2,2588.22,2412.4900000000016,13809.3,45.70466866572671,demo,True
2026-04-20 04:00:00,2026-04-20,2026,4,20,4,Monday,False,29248.26,29780.69,2571.22,532.4300000000003,13603.21,45.67795440602619,demo,True
2026-04-20 05:00:00,2026-04-20,2026,4,20,5,Monday,False,30219.64,32611.72,2775.41,2392.0800000000017,15441.96,47.3509523570054,demo,True
2026-04-20 06:00:00,2026-04-20,2026,4,20,6,Monday,False,31729.8,32170.29,2706.49,440.4900000000016,14174.11,44.059627687534054,demo,True
2026-04-20 07:00:00,2026-04-20,2026,4,20,7,Monday,False,33377.17,33674.31,2738.66,297.1399999999994,15976.3,47.443585332557674,demo,True
2026-04-20 08:00:00,2026-04-20,2026,4,20,8,Monday,False,35711.16,36145.05,2899.62,433.8899999999994,16147.929999999998,44.675356653262334,demo,True
2026-04-20 09:00:00,2026-04-20,2026,4,20,9,Monday,False,37355.03,37582.99,2984.0,227.95999999999913,17898.269999999997,47.623326403780005,demo,True
2026-04-20 10:00:00,2026-04-20,2026,4,20,10,Monday,False,38138.93,38389.11,3026.13,250.1800000000003,19225.91,50.08167680886584,demo,True
2026-04-20 11:00:00,2026-04-20,2026,4,20,11,Monday,False,39939.73,40279.57,3003.88,339.8399999999965,20342.76,50.50391550853199,demo,True
2026-04-20 12:00:00,2026-04-20,2026,4,20,12,Monday,False,39332.34,39550.44,3080.92,218.10000000000582,17592.69,44.481654312821796,demo,True
2026-04-20 13:00:00,2026-04-20,2026,4,20,13,Monday,False,37775.7,37913.25,2911.66,137.5500000000029,19000.149999999998,50.11480155354658,demo,True
2026-04-20 14:00:00,2026-04-20,2026,4,20,14,Monday,False,38639.23,38621.07,3147.52,-18.160000000003492,17672.059999999998,45.75756186972551,demo,True
2026-04-20 15:00:00,2026-04-20,2026,4,20,15,Monday,False,38165.04,38307.42,2837.27,142.37999999999738,18524.059999999998,48.35632365740109,demo,True
2026-04-20 16:00:00,2026-04-20,2026,4,20,16,Monday,False,38360.75,38761.27,3054.14,400.5199999999968,17709.469999999998,45.68857005975294,demo,True
2026-04-20 17:00:00,2026-04-20,2026,4,20,17,Monday,False,38715.9,39192.82,2954.34,476.91999999999825,16147.63,41.20048008793447,demo,True
2026-04-20 18:00:00,2026-04-20,2026,4,20,18,Monday,False,38780.92,38891.75,3147.01,110.83000000000175,15270.12,39.26313421226867,demo,True
2026-04-20 19:00:00,2026-04-20,2026,4,20,19,Monday,False,37442.79,37380.71,2989.73,-62.080000000001746,15151.01,40.531627141378536,demo,True
2026-04-20 20:00:00,2026-04-20,2026,4,20,20,Monday,False,37243.03,37659.82,2831.13,416.7900000000009,16340.350000000002,43.38934705476554,demo,True
2026-04-20 21:00:00,2026-04-20,2026,4,20,21,Monday,False,34034.73,34297.21,2877.14,262.4799999999959,16147.630000000001,47.08146814274397,demo,True
2026-04-20 22:00:00,2026-04-20,2026,4,20,22,Monday,False,32853.6,32861.14,2486.1,7.540000000000873,16166.520000000002,49.19646731671513,demo,True
2026-04-20 23:00:00,2026-04-20,2026,4,20,23,Monday,False,32628.87,32318.93,2713.26,-309.9399999999987,15166.8,46.92853383450504,demo,True
2026-04-21 00:00:00,2026-04-21,2026,4,21,0,Tuesday,False,29193.02,31587.78,2567.69,2394.7599999999984,15799.679999999998,50.018329873134476,demo,True
2026-04-21 01:00:00,2026-04-21,2026,4,21,1,Tuesday,False,28832.23,32988.11,2607.16,4155.880000000001,16612.85,50.36011459886607,demo,True
2026-04-21 02:00:00,2026-04-21,2026,4,21,2,Tuesday,False,27464.9,32452.19,2262.3,4987.289999999997,16381.789999999999,50.47976731308427,demo,True
2026-04-21 03:00:00,2026-04-21,2026,4,21,3,Tuesday,False,28236.36,30588.07,2417.22,2351.709999999999,14828.28,48.477331194808954,demo,True
2026-04-21 04:00:00,2026-04-21,2026,4,21,4,Tuesday,False,28998.78,30994.69,2592.34,1995.9099999999999,15502.53,50.016728671911224,demo,True
2026-04-21 05:00:00,2026-04-21,2026,4,21,5,Tuesday,False,30693.71,30945.94,2691.17,252.22999999999956,15499.24,50.084889972642614,demo,True
2026-04-21 06:00:00,2026-04-21,2026,4,21,6,Tuesday,False,32306.86,33482.6,2788.7,1175.739999999998,16906.01,50.4919271502213,demo,True
2026-04-21 07:00:00,2026-04-21,2026,4,21,7,Tuesday,False,35139.47,35410.61,3075.48,271.1399999999994,17084.829999999998,48.24777093645096,demo,True
2026-04-21 08:00:00,2026-04-21,2026,4,21,8,Tuesday,False,35907.26,36136.46,2827.42,229.1999999999971,18155.99,50.24285721401599,demo,True
2026-04-21 09:00:00,2026-04-21,2026,4,21,9,Tuesday,False,38152.01,38385.28,3038.22,233.2699999999968,18844.640000000003,49.093402470947204,demo,True
2026-04-21 10:00:00,2026-04-21,2026,4,21,10,Tuesday,False,39113.87,39484.29,3041.28,370.41999999999825,18549.64,46.97979880099148,demo,True
2026-04-21 11:00:00,2026-04-21,2026,4,21,11,Tuesday,False,38850.24,39198.36,2854.46,348.1200000000026,19853.8,50.64956799213028,demo,True
2026-04-21 12:00:00,2026-04-21,2026,4,21,12,Tuesday,False,38367.77,38437.13,2978.69,69.36000000000058,20505.5,53.34815580663801,demo,True
2026-04-21 13:00:00,2026-04-21,2026,4,21,13,Tuesday,False,38776.94,38952.93,2830.4,175.98999999999796,20747.369999999995,53.26266855920721,demo,True
2026-04-21 14:00:00,2026-04-21,2026,4,21,14,Tuesday,False,38189.76,38319.64,2951.08,129.87999999999738,19295.809999999998,50.35488329222299,demo,True
2026-04-21 15:00:00,2026-04-21,2026,4,21,15,Tuesday,False,39114.88,39314.0,2926.97,199.12000000000262,19219.510000000002,48.8871903138831,demo,True
2026-04-21 16:00:00,2026-04-21,2026,4,21,16,Tuesday,False,37287.82,37866.61,2993.8,578.7900000000009,18745.49,49.504008940858455,demo,True
2026-04-21 17:00:00,2026-04-21,2026,4,21,17,Tuesday,False,38361.25,38722.39,2983.63,361.1399999999994,16936.79,43.73900991132004,demo,True
2026-04-21 18:00:00,2026-04-21,2026,4,21,18,Tuesday,False,36963.93,37199.57,2801.79,235.63999999999942,17035.1,45.793808906930906,demo,True
2026-04-21 19:00:00,2026-04-21,2026,4,21,19,Tuesday,False,36643.72,37117.74,3023.32,474.0199999999968,16967.62,45.71296636055967,demo,True
2026-04-21 20:00:00,2026-04-21,2026,4,21,20,Tuesday,False,37463.04,37746.96,2941.53,283.91999999999825,16964.35,44.94229469075125,demo,True
2026-04-21 21:00:00,2026-04-21,2026,4,21,21,Tuesday,False,35470.72,35425.87,2839.91,-44.849999999998545,16300.640000000001,46.01337948792789,demo,True
2026-04-21 22:00:00,2026-04-21,2026,4,21,22,Tuesday,False,32355.53,33153.17,2589.31,797.6399999999994,16683.01,50.32101002709545,demo,True
2026-04-21 23:00:00,2026-04-21,2026,4,21,23,Tuesday,False,29768.74,32474.26,2633.81,2705.519999999997,16556.829999999998,50.98447200952385,demo,True
2026-04-22 00:00:00,2026-04-22,2026,4,22,0,Wednesday,False,26971.69,32083.8,2403.99,5112.110000000001,16216.18,50.54320248848329,demo,True
2026-04-22 01:00:00,2026-04-22,2026,4,22,1,Wednesday,False,27458.53,33132.91,2352.27,5674.380000000005,16697.399999999998,50.39521128690476,demo,True
2026-04-22 02:00:00,2026-04-22,2026,4,22,2,Wednesday,False,29105.12,32256.5,2321.8,3151.380000000001,16437.78,50.95958954009269,demo,True
2026-04-22 03:00:00,2026-04-22,2026,4,22,3,Wednesday,False,28144.23,32396.71,2670.15,4252.48,16371.400000000001,50.534143744843234,demo,True
2026-04-22 04:00:00,2026-04-22,2026,4,22,4,Wednesday,False,28656.83,32719.41,2643.57,4062.579999999998,16859.719999999998,51.52819075894094,demo,True
2026-04-22 05:00:00,2026-04-22,2026,4,22,5,Wednesday,False,31148.55,33474.12,2743.08,2325.5700000000033,16735.52,49.99539943096338,demo,True
2026-04-22 06:00:00,2026-04-22,2026,4,22,6,Wednesday,False,31769.83,32876.93,2582.87,1107.0999999999985,16493.93,50.168704924699476,demo,True
2026-04-22 07:00:00,2026-04-22,2026,4,22,7,Wednesday,False,34640.13,34843.91,2753.72,203.7800000000061,17740.72,50.91483705473926,demo,True
2026-04-22 08:00:00,2026-04-22,2026,4,22,8,Wednesday,False,36582.97,36927.17,2932.5,344.1999999999971,19287.85,52.23213693332037,demo,True
2026-04-22 09:00:00,2026-04-22,2026,4,22,9,Wednesday,False,37635.83,37942.81,2896.66,306.9799999999959,18584.61,48.980584200274045,demo,True
2026-04-22 10:00:00,2026-04-22,2026,4,22,10,Wednesday,False,38917.73,39160.8,2936.53,243.0699999999997,20413.889999999996,52.128378378378365,demo,True
2026-04-22 11:00:00,2026-04-22,2026,4,22,11,Wednesday,False,38844.92,38903.14,3143.51,58.220000000001164,20798.160000000003,53.461391548342895,demo,True
2026-04-22 12:00:00,2026-04-22,2026,4,22,12,Wednesday,False,39045.97,39360.5,3025.81,314.52999999999884,20622.389999999996,52.39361796725142,demo,True
2026-04-22 13:00:00,2026-04-22,2026,4,22,13,Wednesday,False,37987.3,37910.24,2879.11,-77.06000000000495,19464.51,51.34367389918924,demo,True
2026-04-22 14:00:00,2026-04-22,2026,4,22,14,Wednesday,False,39044.3,39461.97,3118.25,417.66999999999825,20572.530000000002,52.13254685460458,demo,True
2026-04-22 15:00:00,2026-04-22,2026,4,22,15,Wednesday,False,39610.25,39895.71,3042.41,285.4599999999991,19064.590000000004,47.786065218541054,demo,True
2026-04-22 16:00:00,2026-04-22,2026,4,22,16,Wednesday,False,37900.7,38234.26,2812.89,333.56000000000495,18762.58,49.072690304454696,demo,True
2026-04-22 17:00:00,2026-04-22,2026,4,22,17,Wednesday,False,37984.78,37763.74,2923.47,-221.04000000000087,16915.850000000002,44.793894884352035,demo,True
2026-04-22 18:00:00,2026-04-22,2026,4,22,18,Wednesday,False,39302.55,39349.92,3083.51,47.36999999999534,15832.3,40.23464342494216,demo,True
2026-04-22 19:00:00,2026-04-22,2026,4,22,19,Wednesday,False,37566.33,37725.29,3017.89,158.95999999999913,17140.78,45.435780612952215,demo,True
2026-04-22 20:00:00,2026-04-22,2026,4,22,20,Wednesday,False,37501.01,37872.27,3011.35,371.25999999999476,17132.39,45.23729367159666,demo,True
2026-04-22 21:00:00,2026-04-22,2026,4,22,21,Wednesday,False,34544.32,34624.61,2933.38,80.29000000000087,16177.480000000001,46.72249015945595,demo,True
2026-04-22 22:00:00,2026-04-22,2026,4,22,22,Wednesday,False,33887.7,34596.34,2757.24,708.6399999999994,16569.03,47.8924360206889,demo,True
2026-04-22 23:00:00,2026-04-22,2026,4,22,23,Wednesday,False,30922.54,31984.69,2564.94,1062.1499999999978,15713.190000000002,49.12722305578076,demo,True
2026-04-23 00:00:00,2026-04-23,2026,4,23,0,Thursday,False,29237.62,31353.32,2609.78,2115.7000000000007,16140.11,51.47815287184898,demo,True
2026-04-23 01:00:00,2026-04-23,2026,4,23,1,Thursday,False,28944.28,32552.34,2581.79,3608.0600000000013,16193.69,49.746623437823516,demo,True
2026-04-23 02:00:00,2026-04-23,2026,4,23,2,Thursday,False,27167.59,31560.85,2364.32,4393.259999999998,16262.079999999998,51.526115424647934,demo,True
2026-04-23 03:00:00,2026-04-23,2026,4,23,3,Thursday,False,27191.03,31790.6,2429.43,4599.57,15548.259999999998,48.9083565582279,demo,True
2026-04-23 04:00:00,2026-04-23,2026,4,23,4,Thursday,False,28744.53,33695.88,2430.46,4951.3499999999985,17219.13,51.10158868087137,demo,True
2026-04-23 05:00:00,2026-04-23,2026,4,23,5,Thursday,False,31149.63,32004.49,2506.23,854.8600000000006,16112.369999999999,50.3440923445429,demo,True
2026-04-23 06:00:00,2026-04-23,2026,4,23,6,Thursday,False,31776.47,32210.95,2855.5,434.47999999999956,15643.480000000001,48.56572066331481,demo,True
2026-04-23 07:00:00,2026-04-23,2026,4,23,7,Thursday,False,35304.49,35784.3,2804.15,479.81000000000495,17320.77,48.403266236869236,demo,True
2026-04-23 08:00:00,2026-04-23,2026,4,23,8,Thursday,False,36146.19,36483.79,2923.85,337.59999999999854,17759.34,48.67734410268231,demo,True
2026-04-23 09:00:00,2026-04-23,2026,4,23,9,Thursday,False,38509.57,38567.44,2892.08,57.87000000000262,18708.799999999996,48.50931251853894,demo,True
2026-04-23 10:00:00,2026-04-23,2026,4,23,10,Thursday,False,36698.18,37075.74,2967.92,377.5599999999977,19425.72,52.394692594132984,demo,True
2026-04-23 11:00:00,2026-04-23,2026,4,23,11,Thursday,False,38063.07,38110.28,2872.31,47.20999999999913,19743.129999999997,51.805260942716764,demo,True
2026-04-23 12:00:00,2026-04-23,2026,4,23,12,Thursday,False,37407.61,37571.57,3097.2,163.95999999999913,19388.710000000003,51.60473730536148,demo,True
2026-04-23 13:00:00,2026-04-23,2026,4,23,13,Thursday,False,37900.8,38142.57,3139.07,241.7699999999968,19465.899999999998,51.03457894945201,demo,True
2026-04-23 14:00:00,2026-04-23,2026,4,23,14,Thursday,False,38599.2,38822.71,3077.78,223.51000000000204,19194.19,49.44062379983262,demo,True
2026-04-23 15:00:00,2026-04-23,2026,4,23,15,Thursday,False,38354.54,38282.12,3028.06,-72.41999999999825,18691.5,48.82566587221397,demo,True
2026-04-23 16:00:00,2026-04-23,2026,4,23,16,Thursday,False,38412.44,38488.27,3027.83,75.82999999999447,17483.97,45.426749500562124,demo,True
2026-04-23 17:00:00,2026-04-23,2026,4,23,17,Thursday,False,38504.74,38750.69,3053.11,245.95000000000437,17181.579999999998,44.3387717741284,demo,True
2026-04-23 18:00:00,2026-04-23,2026,4,23,18,Thursday,False,38519.87,38659.95,3127.1,140.07999999999447,15371.2,39.76001003622612,demo,True
2026-04-23 19:00:00,2026-04-23,2026,4,23,19,Thursday,False,37004.29,37457.02,3014.76,452.7299999999959,14905.329999999998,39.793154927968104,demo,True
2026-04-23 20:00:00,2026-04-23,2026,4,23,20,Thursday,False,37023.13,37506.68,3099.21,483.5500000000029,14757.21,39.34555124580475,demo,True
2026-04-23 21:00:00,2026-04-23,2026,4,23,21,Thursday,False,35327.96,35376.29,2837.0,48.330000000001746,13816.62,39.05615880014552,demo,True
2026-04-23 22:00:00,2026-04-23,2026,4,23,22,Thursday,False,33148.69,33409.45,2909.49,260.75999999999476,14376.539999999999,43.03135789424849,demo,True
2026-04-23 23:00:00,2026-04-23,2026,4,23,23,Thursday,False,31230.07,31764.96,2614.25,534.8899999999994,14310.580000000002,45.05146551420182,demo,True
2026-04-24 00:00:00,2026-04-24,2026,4,24,0,Friday,False,29274.35,31592.51,2448.18,2318.16,15560.630000000001,49.25417448629438,demo,True
2026-04-24 01:00:00,2026-04-24,2026,4,24,1,Friday,False,29283.53,29824.9,2554.46,541.3700000000026,14433.990000000002,48.395769977434966,demo,True
2026-04-24 02:00:00,2026-04-24,2026,4,24,2,Friday,False,27369.87,30418.84,2464.49,3048.970000000001,14307.48,47.03492966858697,demo,True
2026-04-24 03:00:00,2026-04-24,2026,4,24,3,Friday,False,27644.85,31090.29,2269.27,3445.4400000000023,15318.66,49.27152496808489,demo,True
2026-04-24 04:00:00,2026-04-24,2026,4,24,4,Friday,False,28541.06,31517.0,2438.31,2975.9399999999987,15224.869999999999,48.306850271282165,demo,True
2026-04-24 05:00:00,2026-04-24,2026,4,24,5,Friday,False,30120.41,30951.01,2365.19,830.5999999999985,15296.21,49.42071357283656,demo,True
2026-04-24 06:00:00,2026-04-24,2026,4,24,6,Friday,False,32011.37,32175.94,2649.36,164.5699999999997,13810.509999999998,42.92185403130413,demo,True
2026-04-24 07:00:00,2026-04-24,2026,4,24,7,Friday,False,34246.1,34638.33,2763.18,392.2300000000032,15508.849999999999,44.773665474057196,demo,True
2026-04-24 08:00:00,2026-04-24,2026,4,24,8,Friday,False,36483.86,36751.95,2949.96,268.0899999999965,17505.42,47.63126854493435,demo,True
2026-04-24 09:00:00,2026-04-24,2026,4,24,9,Friday,False,37950.11,38219.62,2940.42,269.51000000000204,17795.699999999997,46.56168742651025,demo,True
2026-04-24 10:00:00,2026-04-24,2026,4,24,10,Friday,False,38419.97,38326.29,2982.64,-93.68000000000029,18115.17,47.26564976677888,demo,True
2026-04-24 11:00:00,2026-04-24,2026,4,24,11,Friday,False,38087.8,38274.18,3122.2,186.37999999999738,18589.31,48.568800167632595,demo,True
2026-04-24 12:00:00,2026-04-24,2026,4,24,12,Friday,False,39228.27,39633.8,3265.61,405.5300000000061,18555.53,46.817438650848516,demo,True
2026-04-24 13:00:00,2026-04-24,2026,4,24,13,Friday,False,39006.75,39115.68,2989.61,108.93000000000029,18042.47,46.12592699398297,demo,True
2026-04-24 14:00:00,2026-04-24,2026,4,24,14,Friday,False,38324.08,38700.2,3131.34,376.11999999999534,17592.82,45.45924827261875,demo,True
2026-04-24 15:00:00,2026-04-24,2026,4,24,15,Friday,False,38032.96,38331.19,3053.5,298.2300000000032,17698.86,46.17352083251263,demo,True
2026-04-24 16:00:00,2026-04-24,2026,4,24,16,Friday,False,38983.71,39197.76,2956.15,214.0500000000029,15761.04,40.209032352869144,demo,True
2026-04-24 17:00:00,2026-04-24,2026,4,24,17,Friday,False,38757.75,39252.15,3042.91,494.40000000000146,15003.120000000003,38.22241584218954,demo,True
2026-04-24 18:00:00,2026-04-24,2026,4,24,18,Friday,False,37373.81,37562.64,2786.7,188.83000000000175,13219.380000000001,35.19289379021283,demo,True
2026-04-24 19:00:00,2026-04-24,2026,4,24,19,Friday,False,37672.68,37874.05,3110.37,201.37000000000262,13026.119999999999,34.393258708799294,demo,True
2026-04-24 20:00:00,2026-04-24,2026,4,24,20,Friday,False,36721.76,36933.75,2909.45,211.98999999999796,13894.49,37.62003587504653,demo,True
2026-04-24 21:00:00,2026-04-24,2026,4,24,21,Friday,False,34244.3,34508.8,2853.12,264.5,14413.49,41.767578125,demo,True
2026-04-24 22:00:00,2026-04-24,2026,4,24,22,Friday,False,33022.06,33410.11,3014.66,388.0500000000029,13504.51,40.420429624446015,demo,True
2026-04-24 23:00:00,2026-04-24,2026,4,24,23,Friday,False,29832.12,29817.06,2708.87,-15.059999999997672,13855.62,46.46876653835086,demo,True
2026-04-25 00:00:00,2026-04-25,2026,4,25,0,Saturday,True,27512.19,30476.68,2365.94,2964.4900000000016,14288.98,46.884962535289276,demo,True
2026-04-25 01:00:00,2026-04-25,2026,4,25,1,Saturday,True,26242.54,30035.55,2286.07,3793.0099999999984,13579.409999999998,45.211124817091736,demo,True
2026-04-25 02:00:00,2026-04-25,2026,4,25,2,Saturday,True,24764.07,30425.97,2407.08,5661.9000000000015,13966.259999999997,45.902431376879676,demo,True
2026-04-25 03:00:00,2026-04-25,2026,4,25,3,Saturday,True,25624.23,30187.52,2231.18,4563.290000000001,14564.07,48.24533449584464,demo,True
2026-04-25 04:00:00,2026-04-25,2026,4,25,4,Saturday,True,24891.58,29810.89,2386.77,4919.309999999998,13690.150000000001,45.923318626179906,demo,True
2026-04-25 05:00:00,2026-04-25,2026,4,25,5,Saturday,True,27543.55,29556.24,2685.37,2012.6900000000023,13754.369999999999,46.5362644233502,demo,True
2026-04-25 06:00:00,2026-04-25,2026,4,25,6,Saturday,True,30186.85,30678.38,2647.07,491.5300000000025,14199.5,46.28503851898307,demo,True
2026-04-25 07:00:00,2026-04-25,2026,4,25,7,Saturday,True,31627.76,31941.15,2788.88,313.39000000000306,14017.92,43.88671040335116,demo,True
2026-04-25 08:00:00,2026-04-25,2026,4,25,8,Saturday,True,34543.41,34950.3,2926.07,406.8899999999994,15974.490000000002,45.70630295018927,demo,True
2026-04-25 09:00:00,2026-04-25,2026,4,25,9,Saturday,True,36624.21,36777.3,2867.81,153.09000000000378,18198.350000000002,49.4825612538169,demo,True
2026-04-25 10:00:00,2026-04-25,2026,4,25,10,Saturday,True,35070.54,35171.12,2870.38,100.58000000000175,16812.870000000003,47.80305546141266,demo,True
2026-04-25 11:00:00,2026-04-25,2026,4,25,11,Saturday,True,35547.45,35521.51,2766.16,-25.939999999995052,17906.269999999997,50.40965319323418,demo,True
2026-04-25 12:00:00,2026-04-25,2026,4,25,12,Saturday,True,36272.95,36276.8,3012.91,3.8500000000058208,18044.930000000004,49.74234221320514,demo,True
2026-04-25 13:00:00,2026-04-25,2026,4,25,13,Saturday,True,37126.94,37302.07,2832.53,175.12999999999738,19279.559999999998,51.68496011079277,demo,True
2026-04-25 14:00:00,2026-04-25,2026,4,25,14,Saturday,True,35090.17,35319.19,2893.26,229.02000000000407,17649.09,49.9702569622916,demo,True
2026-04-25 15:00:00,2026-04-25,2026,4,25,15,Saturday,True,36174.32,36796.05,3038.38,621.7300000000032,15930.779999999999,43.294810176635806,demo,True
2026-04-25 16:00:00,2026-04-25,2026,4,25,16,Saturday,True,37384.72,37330.05,2959.91,-54.669999999998254,16105.179999999998,43.14266924367901,demo,True
2026-04-25 17:00:00,2026-04-25,2026,4,25,17,Saturday,True,34979.94,35290.31,2780.92,310.36999999999534,16540.66,46.8702598532005,demo,True
2026-04-25 18:00:00,2026-04-25,2026,4,25,18,Saturday,True,35000.75,35120.08,2868.08,119.33000000000175,14634.61,41.67020690157881,demo,True
2026-04-25 19:00:00,2026-04-25,2026,4,25,19,Saturday,True,34933.74,35223.86,2824.39,290.1200000000026,13417.429999999998,38.09187862999682,demo,True
2026-04-25 20:00:00,2026-04-25,2026,4,25,20,Saturday,True,33683.92,33834.34,2818.2,150.41999999999825,14427.56,42.64176573268461,demo,True
2026-04-25 21:00:00,2026-04-25,2026,4,25,21,Saturday,True,32952.91,33389.28,2696.01,436.36999999999534,13540.65,40.553884360489356,demo,True
2026-04-25 22:00:00,2026-04-25,2026,4,25,22,Saturday,True,30568.33,31003.58,2529.37,435.25,14433.330000000002,46.5537528246738,demo,True
2026-04-25 23:00:00,2026-04-25,2026,4,25,23,Saturday,True,27118.02,30519.15,2479.79,3401.130000000001,13555.810000000001,44.417390392589574,demo,True
2026-04-26 00:00:00,2026-04-26,2026,4,26,0,Sunday,True,26947.65,31567.24,2464.77,4619.59,14562.699999999999,46.132319455232704,demo,True
2026-04-26 01:00:00,2026-04-26,2026,4,26,1,Sunday,True,24974.7,29197.18,2261.26,4222.48,14011.97,47.99083336130407,demo,True
2026-04-26 02:00:00,2026-04-26,2026,4,26,2,Sunday,True,25842.95,29112.45,2195.03,3269.5,13647.769999999999,46.87949657277212,demo,True
2026-04-26 03:00:00,2026-04-26,2026,4,26,3,Sunday,True,24940.5,31344.81,2390.75,6404.310000000001,15061.39,48.050666123035995,demo,True
2026-04-26 04:00:00,2026-04-26,2026,4,26,4,Sunday,True,26142.9,30229.35,2306.73,4086.449999999997,14716.000000000002,48.68116582063459,demo,True
2026-04-26 05:00:00,2026-04-26,2026,4,26,5,Sunday,True,28741.79,30203.8,2687.01,1462.0099999999984,14213.09,47.057290804468316,demo,True
2026-04-26 06:00:00,2026-04-26,2026,4,26,6,Sunday,True,30936.55,31030.01,2624.84,93.45999999999913,13952.560000000001,44.96472930559804,demo,True
2026-04-26 07:00:00,2026-04-26,2026,4,26,7,Sunday,True,32701.93,33344.3,2754.95,642.3700000000026,14570.539999999999,43.69724360685334,demo,True
2026-04-26 08:00:00,2026-04-26,2026,4,26,8,Sunday,True,32873.42,32927.96,2678.1,54.54000000000087,16044.33,48.72555117292416,demo,True
2026-04-26 09:00:00,2026-04-26,2026,4,26,9,Sunday,True,35612.72,35784.23,2885.51,171.51000000000204,17641.7,49.30020849966591,demo,True
2026-04-26 10:00:00,2026-04-26,2026,4,26,10,Sunday,True,35180.15,35088.51,3126.31,-91.63999999999942,18621.420000000002,53.06985107090612,demo,True
2026-04-26 11:00:00,2026-04-26,2026,4,26,11,Sunday,True,36308.36,36406.11,2860.99,97.75,18440.44,50.65204714263621,demo,True
2026-04-26 12:00:00,2026-04-26,2026,4,26,12,Sunday,True,35121.53,35201.15,2908.54,79.62000000000262,19512.07,55.43020611542521,demo,True
2026-04-26 13:00:00,2026-04-26,2026,4,26,13,Sunday,True,36321.59,36450.94,2907.67,129.35000000000582,18130.329999999998,49.73899164191649,demo,True
2026-04-26 14:00:00,2026-04-26,2026,4,26,14,Sunday,True,35391.21,35695.19,2938.07,303.9800000000032,18565.800000000003,52.01204980278856,demo,True
2026-04-26 15:00:00,2026-04-26,2026,4,26,15,Sunday,True,35112.15,35459.54,2658.28,347.3899999999994,17680.03,49.85972745275319,demo,True
2026-04-26 16:00:00,2026-04-26,2026,4,26,16,Sunday,True,36619.48,36688.25,3111.45,68.7699999999968,17173.17,46.808365076012066,demo,True
2026-04-26 17:00:00,2026-04-26,2026,4,26,17,Sunday,True,36315.32,36423.18,2948.61,107.86000000000058,17141.02,47.06074538247347,demo,True
2026-04-26 18:00:00,2026-04-26,2026,4,26,18,Sunday,True,35477.72,35922.75,2902.39,445.02999999999884,14101.299999999997,39.254511416859785,demo,True
2026-04-26 19:00:00,2026-04-26,2026,4,26,19,Sunday,True,36256.09,36813.05,3045.45,556.9600000000064,14721.880000000001,39.99092713046053,demo,True
2026-04-26 20:00:00,2026-04-26,2026,4,26,20,Sunday,True,33749.88,34225.94,2797.45,476.06000000000495,15731.300000000001,45.96309115250012,demo,True
2026-04-26 21:00:00,2026-04-26,2026,4,26,21,Sunday,True,32416.57,32370.23,2605.22,-46.340000000000146,15000.439999999999,46.340232985678504,demo,True
2026-04-26 22:00:00,2026-04-26,2026,4,26,22,Sunday,True,30597.41,31670.56,2373.84,1073.1500000000015,15424.41,48.702675292132504,demo,True
2026-04-26 23:00:00,2026-04-26,2026,4,26,23,Sunday,True,27936.73,31320.5,2610.44,3383.7700000000004,15231.98,48.63262080745837,demo,True
2026-04-27 00:00:00,2026-04-27,2026,4,27,0,Monday,False,29426.66,30801.75,2505.34,1375.0900000000001,15096.07,49.01042960221416,demo,True
2026-04-27 01:00:00,2026-04-27,2026,4,27,1,Monday,False,27515.56,31842.09,2360.95,4326.529999999999,15795.559999999996,49.605914687132646,demo,True
2026-04-27 02:00:00,2026-04-27,2026,4,27,2,Monday,False,27172.69,32557.54,2348.94,5384.850000000002,16157.149999999998,49.62644597841236,demo,True
2026-04-27 03:00:00,2026-04-27,2026,4,27,3,Monday,False,28843.66,32357.28,2604.84,3513.619999999999,16796.4,51.90918396107461,demo,True
2026-04-27 04:00:00,2026-04-27,2026,4,27,4,Monday,False,28370.12,31931.08,2424.23,3560.9600000000028,15601.380000000001,48.85954374233505,demo,True
2026-04-27 05:00:00,2026-04-27,2026,4,27,5,Monday,False,29184.05,32286.49,2570.6,3102.4400000000023,15798.2,48.931302225791654,demo,True
2026-04-27 06:00:00,2026-04-27,2026,4,27,6,Monday,False,34040.16,34498.52,2773.7,458.3599999999933,15691.39,45.484241063094885,demo,True
2026-04-27 07:00:00,2026-04-27,2026,4,27,7,Monday,False,36682.79,37131.87,2826.04,449.08000000000175,17429.969999999998,46.940727736039136,demo,True
2026-04-27 08:00:00,2026-04-27,2026,4,27,8,Monday,False,36279.64,36258.4,2994.68,-21.239999999997963,17187.2,47.40198133398054,demo,True
2026-04-27 09:00:00,2026-04-27,2026,4,27,9,Monday,False,36390.31,36523.55,2996.36,133.24000000000524,18490.33,50.62577432916571,demo,True
2026-04-27 10:00:00,2026-04-27,2026,4,27,10,Monday,False,38196.83,38463.67,2939.87,266.8399999999965,19221.859999999997,49.974066437238044,demo,True
2026-04-27 11:00:00,2026-04-27,2026,4,27,11,Monday,False,38453.31,38986.31,2999.28,533.0,20175.61,51.750499085448205,demo,True
2026-04-27 12:00:00,2026-04-27,2026,4,27,12,Monday,False,38495.19,38254.24,3001.79,-240.95000000000437,20448.48,53.45415305597498,demo,True
2026-04-27 13:00:00,2026-04-27,2026,4,27,13,Monday,False,37739.79,37879.84,2972.45,140.04999999999563,21283.239999999998,56.186192972304006,demo,True
2026-04-27 14:00:00,2026-04-27,2026,4,27,14,Monday,False,38871.53,38846.51,3210.45,-25.0199999999968,19695.1,50.69979259398076,demo,True
2026-04-27 15:00:00,2026-04-27,2026,4,27,15,Monday,False,38887.15,38890.66,3011.01,3.5100000000020373,19369.22,49.80429748428028,demo,True
2026-04-27 16:00:00,2026-04-27,2026,4,27,16,Monday,False,37583.72,38011.15,2953.77,427.4300000000003,18116.82,47.66185711297869,demo,True
2026-04-27 17:00:00,2026-04-27,2026,4,27,17,Monday,False,39145.61,39299.87,3079.11,154.26000000000204,17298.68,44.01714305925185,demo,True
2026-04-27 18:00:00,2026-04-27,2026,4,27,18,Monday,False,39854.38,39684.31,3052.82,-170.0699999999997,17255.32,43.48146660481183,demo,True
2026-04-27 19:00:00,2026-04-27,2026,4,27,19,Monday,False,37870.64,38092.12,2875.24,221.4800000000032,16469.190000000002,43.23516254805456,demo,True
2026-04-27 20:00:00,2026-04-27,2026,4,27,20,Monday,False,36332.21,36948.66,2946.67,616.4500000000044,16554.85,44.80500781354451,demo,True
2026-04-27 21:00:00,2026-04-27,2026,4,27,21,Monday,False,34804.69,34729.48,2890.85,-75.20999999999913,15919.279999999999,45.83794516934892,demo,True
2026-04-27 22:00:00,2026-04-27,2026,4,27,22,Monday,False,33349.85,33695.78,2761.44,345.9300000000003,15549.29,46.14610494251803,demo,True
2026-04-27 23:00:00,2026-04-27,2026,4,27,23,Monday,False,29669.03,32793.93,2525.26,3124.9000000000015,16438.629999999997,50.12705095119736,demo,True
2026-04-28 00:00:00,2026-04-28,2026,4,28,0,Tuesday,False,29221.93,32189.86,2417.24,2967.9300000000003,16512.44,51.297023348346336,demo,True
2026-04-28 01:00:00,2026-04-28,2026,4,28,1,Tuesday,False,27625.65,31699.27,2431.98,4073.619999999999,16308.93,51.44891349232963,demo,True
2026-04-28 02:00:00,2026-04-28,2026,4,28,2,Tuesday,False,28764.31,33039.65,2474.93,4275.34,17577.07,53.19992796533862,demo,True
2026-04-28 03:00:00,2026-04-28,2026,4,28,3,Tuesday,False,27777.89,32834.95,2466.63,5057.059999999998,16599.93,50.55567314705824,demo,True
2026-04-28 04:00:00,2026-04-28,2026,4,28,4,Tuesday,False,30276.05,32495.53,2586.34,2219.4799999999996,16618.14,51.139772147123004,demo,True
2026-04-28 05:00:00,2026-04-28,2026,4,28,5,Tuesday,False,30110.38,32850.06,2590.47,2739.6799999999967,16474.11,50.14940611980618,demo,True
2026-04-28 06:00:00,2026-04-28,2026,4,28,6,Tuesday,False,33333.58,33315.88,2842.05,-17.700000000004366,17133.1,51.42622677233799,demo,True
2026-04-28 07:00:00,2026-04-28,2026,4,28,7,Tuesday,False,35131.84,35201.53,2886.79,69.69000000000233,17447.65,49.565033110776724,demo,True
2026-04-28 08:00:00,2026-04-28,2026,4,28,8,Tuesday,False,35965.0,35793.05,2914.15,-171.9499999999971,18263.449999999997,51.025129180106184,demo,True
2026-04-28 09:00:00,2026-04-28,2026,4,28,9,Tuesday,False,37880.28,38237.22,2804.22,356.9400000000023,20340.5,53.19555135022891,demo,True
2026-04-28 10:00:00,2026-04-28,2026,4,28,10,Tuesday,False,39272.93,39608.3,3148.57,335.3700000000026,20157.98,50.89332286414716,demo,True
2026-04-28 11:00:00,2026-04-28,2026,4,28,11,Tuesday,False,38437.02,38701.28,2957.61,264.26000000000204,20988.17,54.23120372246086,demo,True
2026-04-28 12:00:00,2026-04-28,2026,4,28,12,Tuesday,False,37453.77,37681.68,2928.88,227.9100000000035,20897.71,55.45854112661643,demo,True
2026-04-28 13:00:00,2026-04-28,2026,4,28,13,Tuesday,False,38516.87,39011.24,2880.32,494.36999999999534,20817.94,53.363953568253656,demo,True
2026-04-28 14:00:00,2026-04-28,2026,4,28,14,Tuesday,False,37844.14,38147.74,3136.88,303.59999999999854,20852.51,54.662504253200844,demo,True
2026-04-28 15:00:00,2026-04-28,2026,4,28,15,Tuesday,False,38290.36,38440.52,2783.19,150.15999999999622,19225.949999999997,50.01480208904562,demo,True
2026-04-28 16:00:00,2026-04-28,2026,4,28,16,Tuesday,False,38582.69,38859.2,3136.92,276.50999999999476,20487.32,52.72192942726562,demo,True
2026-04-28 17:00:00,2026-04-28,2026,4,28,17,Tuesday,False,37472.21,38090.76,3030.58,618.5500000000029,17339.86,45.522483667955164,demo,True
2026-04-28 18:00:00,2026-04-28,2026,4,28,18,Tuesday,False,37296.54,37658.53,2796.65,361.98999999999796,17924.32,47.59697205387465,demo,True
2026-04-28 19:00:00,2026-04-28,2026,4,28,19,Tuesday,False,38097.71,38277.53,3221.47,179.8199999999997,16797.359999999997,43.88308232009745,demo,True
2026-04-28 20:00:00,2026-04-28,2026,4,28,20,Tuesday,False,36212.43,36454.43,2953.96,242.0,17391.819999999996,47.70838551034811,demo,True
2026-04-28 21:00:00,2026-04-28,2026,4,28,21,Tuesday,False,33118.77,33452.18,2493.54,333.4100000000035,17478.27,52.24852311568334,demo,True
2026-04-28 22:00:00,2026-04-28,2026,4,28,22,Tuesday,False,33478.56,34424.11,2695.26,945.5500000000029,17607.479999999996,51.14868619697066,demo,True
2026-04-28 23:00:00,2026-04-28,2026,4,28,23,Tuesday,False,31081.15,32665.57,2651.22,1584.4199999999983,16629.01,50.90684166846009,demo,True
2026-04-29 00:00:00,2026-04-29,2026,4,29,0,Wednesday,False,28617.15,33044.8,2608.35,4427.6500000000015,17456.22,52.82592117367936,demo,True
2026-04-29 01:00:00,2026-04-29,2026,4,29,1,Wednesday,False,26987.2,34342.1,2330.14,7354.899999999998,18020.899999999998,52.47465938308956,demo,True
2026-04-29 02:00:00,2026-04-29,2026,4,29,2,Wednesday,False,28065.9,32374.55,2200.02,4308.649999999998,16436.21,50.76892188462851,demo,True
2026-04-29 03:00:00,2026-04-29,2026,4,29,3,Wednesday,False,28154.36,33225.07,2567.22,5070.709999999999,17209.5,51.79673060132003,demo,True
2026-04-29 04:00:00,2026-04-29,2026,4,29,4,Wednesday,False,30786.35,32164.76,2628.44,1378.4099999999999,16525.77,51.37849621759964,demo,True
2026-04-29 05:00:00,2026-04-29,2026,4,29,5,Wednesday,False,31187.13,33433.15,2417.2,2246.0200000000004,16581.0,49.5944893017858,demo,True
2026-04-29 06:00:00,2026-04-29,2026,4,29,6,Wednesday,False,33203.89,34687.32,2746.3,1483.4300000000003,17876.699999999997,51.53669986611822,demo,True
2026-04-29 07:00:00,2026-04-29,2026,4,29,7,Wednesday,False,34801.41,35097.06,2857.58,295.6499999999942,17391.54,49.55269757637819,demo,True
2026-04-29 08:00:00,2026-04-29,2026,4,29,8,Wednesday,False,37155.08,37025.23,2912.64,-129.84999999999854,18600.629999999997,50.23771628157339,demo,True
2026-04-29 09:00:00,2026-04-29,2026,4,29,9,Wednesday,False,38203.66,37905.12,2883.33,-298.5400000000009,21303.560000000005,56.20232833981268,demo,True
2026-04-29 10:00:00,2026-04-29,2026,4,29,10,Wednesday,False,39310.37,39601.17,2989.73,290.79999999999563,20788.469999999998,52.49458538724992,demo,True
2026-04-29 11:00:00,2026-04-29,2026,4,29,11,Wednesday,False,38308.74,38405.23,2934.0,96.49000000000524,21600.260000000002,56.243016901604285,demo,True
2026-04-29 12:00:00,2026-04-29,2026,4,29,12,Wednesday,False,38343.35,38298.29,3018.57,-45.05999999999767,20365.8,53.17678674426456,demo,True
2026-04-29 13:00:00,2026-04-29,2026,4,29,13,Wednesday,False,38203.79,38305.83,3052.05,102.04000000000087,20253.190000000006,52.87234345268072,demo,True
2026-04-29 14:00:00,2026-04-29,2026,4,29,14,Wednesday,False,39039.39,39455.83,2852.49,416.4400000000023,19805.46,50.196536227979486,demo,True
2026-04-29 15:00:00,2026-04-29,2026,4,29,15,Wednesday,False,39588.86,39903.27,3116.0,314.4099999999962,19063.9,47.775282577092064,demo,True
2026-04-29 16:00:00,2026-04-29,2026,4,29,16,Wednesday,False,38328.62,38717.54,3084.62,388.91999999999825,17554.2,45.339140864838,demo,True
2026-04-29 17:00:00,2026-04-29,2026,4,29,17,Wednesday,False,38378.83,38710.39,3049.69,331.5599999999977,18048.48,46.624381722839786,demo,True
2026-04-29 18:00:00,2026-04-29,2026,4,29,18,Wednesday,False,38657.35,38741.96,3047.2,84.61000000000058,16189.47,41.78794774451267,demo,True
2026-04-29 19:00:00,2026-04-29,2026,4,29,19,Wednesday,False,37598.23,37988.01,3153.48,389.77999999999884,15857.78,41.744171384602666,demo,True
2026-04-29 20:00:00,2026-04-29,2026,4,29,20,Wednesday,False,37254.77,37610.2,3119.14,355.4300000000003,16165.400000000001,42.98142525166046,demo,True
2026-04-29 21:00:00,2026-04-29,2026,4,29,21,Wednesday,False,33347.85,33576.7,2722.66,228.84999999999854,15757.86,46.93093722730346,demo,True
2026-04-29 22:00:00,2026-04-29,2026,4,29,22,Wednesday,False,32360.47,32684.37,2665.65,323.8999999999978,16654.929999999997,50.956864091307246,demo,True
2026-04-29 23:00:00,2026-04-29,2026,4,29,23,Wednesday,False,30352.8,31588.73,2650.37,1235.9300000000003,15275.490000000002,48.357404681986274,demo,True
2026-04-30 00:00:00,2026-04-30,2026,4,30,0,Thursday,False,27502.61,33387.14,2529.49,5884.529999999999,16626.12,49.797976106968136,demo,True
2026-04-30 01:00:00,2026-04-30,2026,4,30,1,Thursday,False,27244.43,33093.6,2320.08,5849.169999999998,16781.65,50.70965383034787,demo,True
2026-04-30 02:00:00,2026-04-30,2026,4,30,2,Thursday,False,26850.22,32882.75,2289.61,6032.529999999999,16112.49,48.99982513627966,demo,True
2026-04-30 03:00:00,2026-04-30,2026,4,30,3,Thursday,False,27779.04,30434.48,2464.35,2655.4399999999987,14702.91,48.310041768415296,demo,True
2026-04-30 04:00:00,2026-04-30,2026,4,30,4,Thursday,False,29907.6,30551.73,2444.9,644.130000000001,15227.75,49.842513009901566,demo,True
2026-04-30 05:00:00,2026-04-30,2026,4,30,5,Thursday,False,30731.45,31523.22,2411.36,791.7700000000004,15933.69,50.545883320295324,demo,True
2026-04-30 06:00:00,2026-04-30,2026,4,30,6,Thursday,False,32220.93,32388.1,2614.08,167.16999999999825,15464.710000000001,47.74812353920113,demo,True
2026-04-30 07:00:00,2026-04-30,2026,4,30,7,Thursday,False,34888.39,35015.58,2890.9,127.19000000000233,15782.159999999998,45.071822314523985,demo,True
2026-04-30 08:00:00,2026-04-30,2026,4,30,8,Thursday,False,37327.75,37642.21,3114.99,314.4599999999991,17630.81,46.83787163399812,demo,True
2026-04-30 09:00:00,2026-04-30,2026,4,30,9,Thursday,False,37092.93,37555.76,2885.83,462.83000000000175,18267.52,48.6410606522142,demo,True
2026-04-30 10:00:00,2026-04-30,2026,4,30,10,Thursday,False,37806.76,37879.82,2958.55,73.05999999999767,19461.73,51.37756726404719,demo,True
2026-04-30 11:00:00,2026-04-30,2026,4,30,11,Thursday,False,39074.65,39919.64,3071.97,844.989999999998,19454.45,48.73403166962427,demo,True
2026-04-30 12:00:00,2026-04-30,2026,4,30,12,Thursday,False,38503.06,38633.77,2952.02,130.70999999999913,19718.25,51.03889679935456,demo,True
2026-04-30 13:00:00,2026-04-30,2026,4,30,13,Thursday,False,39002.4,39317.33,3005.44,314.9300000000003,18212.08,46.32074456734473,demo,True
2026-04-30 14:00:00,2026-04-30,2026,4,30,14,Thursday,False,38486.28,38736.76,3080.18,250.4800000000032,17526.190000000002,45.24433638745213,demo,True
2026-04-30 15:00:00,2026-04-30,2026,4,30,15,Thursday,False,39041.16,39299.47,2964.22,258.3099999999977,18261.44,46.467395107364034,demo,True
2026-04-30 16:00:00,2026-04-30,2026,4,30,16,Thursday,False,37935.25,38042.62,2949.5,107.37000000000262,17275.489999999998,45.41088389811216,demo,True
2026-04-30 17:00:00,2026-04-30,2026,4,30,17,Thursday,False,38677.71,39119.87,3083.09,442.1600000000035,15421.41,39.42091320855616,demo,True
2026-04-30 18:00:00,2026-04-30,2026,4,30,18,Thursday,False,38300.02,38396.31,3110.87,96.29000000000087,15065.07,39.23572343279862,demo,True
2026-04-30 19:00:00,2026-04-30,2026,4,30,19,Thursday,False,36929.14,36860.74,2882.24,-68.40000000000146,13822.36,37.49886735860431,demo,True
2026-04-30 20:00:00,2026-04-30,2026,4,30,20,Thursday,False,35503.9,35551.94,2895.43,48.04000000000087,15008.51,42.2157271867583,demo,True
2026-04-30 21:00:00,2026-04-30,2026,4,30,21,Thursday,False,35414.12,35924.27,2784.28,510.1499999999942,15258.580000000002,42.47429384090478,demo,True
2026-04-30 22:00:00,2026-04-30,2026,4,30,22,Thursday,False,32703.5,33178.58,2679.73,475.08000000000175,14569.2,43.911463359794176,demo,True
2026-04-30 23:00:00,2026-04-30,2026,4,30,23,Thursday,False,30194.9,30633.05,2651.63,438.1499999999978,14444.15,47.15217714200839,demo,True
2026-05-01 00:00:00,2026-05-01,2026,5,1,0,Friday,False,29069.54,29946.51,2508.54,876.9699999999975,14273.39,47.66294970599245,demo,True
2026-05-01 01:00:00,2026-05-01,2026,5,1,1,Friday,False,28718.59,30843.52,2653.75,2124.9300000000003,14363.829999999998,46.57000887058285,demo,True
2026-05-01 02:00:00,2026-05-01,2026,5,1,2,Friday,False,25904.32,31384.56,2322.14,5480.240000000002,15517.560000000001,49.443293135223186,demo,True
2026-05-01 03:00:00,2026-05-01,2026,5,1,3,Friday,False,26882.17,31440.13,2492.59,4557.960000000003,14509.7,46.15025446777732,demo,True
2026-05-01 04:00:00,2026-05-01,2026,5,1,4,Friday,False,28492.51,30354.93,2572.59,1862.420000000002,13704.259999999998,45.14673563734127,demo,True
2026-05-01 05:00:00,2026-05-01,2026,5,1,5,Friday,False,31935.82,32285.66,2703.7,349.84000000000015,13909.710000000001,43.08324500722612,demo,True
2026-05-01 06:00:00,2026-05-01,2026,5,1,6,Friday,False,33150.31,33576.64,2676.56,426.33000000000175,13349.009999999998,39.75683689612778,demo,True
2026-05-01 07:00:00,2026-05-01,2026,5,1,7,Friday,False,35475.38,35672.24,2895.09,196.86000000000058,15114.75,42.371182746023244,demo,True
2026-05-01 08:00:00,2026-05-01,2026,5,1,8,Friday,False,35805.22,36020.78,2839.68,215.55999999999767,17066.489999999998,47.37956812706443,demo,True
2026-05-01 09:00:00,2026-05-01,2026,5,1,9,Friday,False,37002.43,36982.56,2901.47,-19.87000000000262,17552.609999999997,47.46185769724973,demo,True
2026-05-01 10:00:00,2026-05-01,2026,5,1,10,Friday,False,38767.64,38832.15,3053.55,64.51000000000204,19010.7,48.95608406951456,demo,True
2026-05-01 11:00:00,2026-05-01,2026,5,1,11,Friday,False,38734.46,39155.2,2919.94,420.73999999999796,18458.44,47.14173340961098,demo,True
2026-05-01 12:00:00,2026-05-01,2026,5,1,12,Friday,False,39052.26,39368.36,2995.39,316.09999999999854,18212.889999999996,46.26276024706133,demo,True
2026-05-01 13:00:00,2026-05-01,2026,5,1,13,Friday,False,38427.79,38696.57,2944.82,268.77999999999884,18111.06,46.802752802121745,demo,True
2026-05-01 14:00:00,2026-05-01,2026,5,1,14,Friday,False,38700.53,39177.71,3062.19,477.1800000000003,16424.46,41.92297099549719,demo,True
2026-05-01 15:00:00,2026-05-01,2026,5,1,15,Friday,False,38670.68,38686.65,2991.99,15.970000000001164,17451.199999999997,45.109100943090176,demo,True
2026-05-01 16:00:00,2026-05-01,2026,5,1,16,Friday,False,39214.24,39593.87,3054.55,379.63000000000466,16347.26,41.287350794453786,demo,True
2026-05-01 17:00:00,2026-05-01,2026,5,1,17,Friday,False,39261.08,39298.83,3132.9,37.75,16205.460000000001,41.236494826945226,demo,True
2026-05-01 18:00:00,2026-05-01,2026,5,1,18,Friday,False,37323.59,37839.61,2987.85,516.0200000000041,14856.76,39.262455400570985,demo,True
2026-05-01 19:00:00,2026-05-01,2026,5,1,19,Friday,False,36217.18,36565.18,2982.23,348.0,13589.039999999999,37.163881047488346,demo,True
2026-05-01 20:00:00,2026-05-01,2026,5,1,20,Friday,False,37309.56,37733.17,2925.68,423.6100000000006,14874.19,39.4194020804507,demo,True
2026-05-01 21:00:00,2026-05-01,2026,5,1,21,Friday,False,35775.5,35899.2,2873.95,123.69999999999709,13803.029999999999,38.44940834336141,demo,True
2026-05-01 22:00:00,2026-05-01,2026,5,1,22,Friday,False,32244.73,32887.51,2906.38,642.7800000000025,14130.259999999998,42.96542973305062,demo,True
2026-05-01 23:00:00,2026-05-01,2026,5,1,23,Friday,False,29618.61,30529.02,2488.37,910.4099999999999,14300.089999999998,46.84097294967214,demo,True
2026-05-02 00:00:00,2026-05-02,2026,5,2,0,Saturday,True,26716.18,29446.65,2196.1,2730.470000000001,14038.02,47.67272338279567,demo,True
2026-05-02 01:00:00,2026-05-02,2026,5,2,1,Saturday,True,26090.57,31961.18,2381.31,5870.610000000001,15271.23,47.780557538864336,demo,True
2026-05-02 02:00:00,2026-05-02,2026,5,2,2,Saturday,True,26269.15,31299.7,2292.56,5030.549999999999,15137.029999999999,48.36158174040007,demo,True
2026-05-02 03:00:00,2026-05-02,2026,5,2,3,Saturday,True,25801.22,30120.33,2351.51,4319.110000000001,14608.449999999999,48.50029863550631,demo,True
2026-05-02 04:00:00,2026-05-02,2026,5,2,4,Saturday,True,26388.33,30413.15,2349.92,4024.8199999999997,14918.749999999998,49.05361660992037,demo,True
2026-05-02 05:00:00,2026-05-02,2026,5,2,5,Saturday,True,27797.8,31088.05,2493.11,3290.25,14889.510000000002,47.894641188495264,demo,True
2026-05-02 06:00:00,2026-05-02,2026,5,2,6,Saturday,True,30470.52,30956.36,2577.52,485.84000000000015,15009.020000000002,48.48444713784179,demo,True
2026-05-02 07:00:00,2026-05-02,2026,5,2,7,Saturday,True,32238.77,32677.39,2669.99,438.619999999999,15533.69,47.536507658659396,demo,True
2026-05-02 08:00:00,2026-05-02,2026,5,2,8,Saturday,True,33402.79,33695.13,2839.85,292.3399999999965,16877.239999999998,50.08806910672254,demo,True
2026-05-02 09:00:00,2026-05-02,2026,5,2,9,Saturday,True,36730.23,37012.5,2752.07,282.2699999999968,16838.710000000003,45.4946572104019,demo,True
2026-05-02 10:00:00,2026-05-02,2026,5,2,10,Saturday,True,37213.78,37641.86,2830.5,428.08000000000175,18657.769999999997,49.56654639276592,demo,True
2026-05-02 11:00:00,2026-05-02,2026,5,2,11,Saturday,True,36998.9,37298.33,2864.62,299.4300000000003,18439.38,49.43754854439864,demo,True
2026-05-02 12:00:00,2026-05-02,2026,5,2,12,Saturday,True,35533.54,35710.74,2679.37,177.1999999999971,19009.29,53.23129680314662,demo,True
2026-05-02 13:00:00,2026-05-02,2026,5,2,13,Saturday,True,36667.68,36645.07,2839.4,-22.610000000000582,20111.73,54.88249851890036,demo,True
2026-05-02 14:00:00,2026-05-02,2026,5,2,14,Saturday,True,36463.57,36886.17,2836.44,422.59999999999854,19340.54,52.43303926647847,demo,True
2026-05-02 15:00:00,2026-05-02,2026,5,2,15,Saturday,True,36379.78,36695.74,3004.85,315.9599999999991,17496.53,47.680003182930776,demo,True
2026-05-02 16:00:00,2026-05-02,2026,5,2,16,Saturday,True,37054.57,37800.59,2983.42,746.0199999999968,16018.889999999998,42.37735442753671,demo,True
2026-05-02 17:00:00,2026-05-02,2026,5,2,17,Saturday,True,36650.93,36883.67,2931.79,232.73999999999796,16589.43,44.97770964765708,demo,True
2026-05-02 18:00:00,2026-05-02,2026,5,2,18,Saturday,True,36485.51,36789.88,2935.32,304.36999999999534,15094.48,41.02889164085341,demo,True
2026-05-02 19:00:00,2026-05-02,2026,5,2,19,Saturday,True,35746.1,36054.69,2831.56,308.5900000000038,14926.42,41.3993852117436,demo,True
2026-05-02 20:00:00,2026-05-02,2026,5,2,20,Saturday,True,34356.89,34724.02,2920.33,367.1299999999974,14855.42,42.781394550515756,demo,True
2026-05-02 21:00:00,2026-05-02,2026,5,2,21,Saturday,True,31205.56,31281.52,2735.27,75.95999999999913,15191.53,48.56391249530074,demo,True
2026-05-02 22:00:00,2026-05-02,2026,5,2,22,Saturday,True,30527.7,31192.28,2476.94,664.5799999999981,15283.87,48.99888690406729,demo,True
2026-05-02 23:00:00,2026-05-02,2026,5,2,23,Saturday,True,28041.16,30577.55,2607.76,2536.3899999999994,14428.75,47.18739728984173,demo,True
2026-05-03 00:00:00,2026-05-03,2026,5,3,0,Sunday,True,25760.97,30669.38,2257.28,4908.41,15298.86,49.88317338009441,demo,True
2026-05-03 01:00:00,2026-05-03,2026,5,3,1,Sunday,True,26626.25,30678.74,2297.37,4052.4900000000016,15310.65,49.90638468203061,demo,True
2026-05-03 02:00:00,2026-05-03,2026,5,3,2,Sunday,True,26231.13,30729.69,2391.13,4498.559999999998,15107.46,49.162422399965635,demo,True
2026-05-03 03:00:00,2026-05-03,2026,5,3,3,Sunday,True,26401.27,31528.66,2399.08,5127.389999999999,15925.29,50.510519635151006,demo,True
2026-05-03 04:00:00,2026-05-03,2026,5,3,4,Sunday,True,26837.18,32492.54,2376.18,5655.360000000001,15942.1,49.06387743155813,demo,True
2026-05-03 05:00:00,2026-05-03,2026,5,3,5,Sunday,True,29378.43,32820.92,2487.5,3442.489999999998,16276.670000000002,49.59236365098847,demo,True
2026-05-03 06:00:00,2026-05-03,2026,5,3,6,Sunday,True,30480.94,31086.46,2682.44,605.5200000000004,15522.09,49.93199611663728,demo,True
2026-05-03 07:00:00,2026-05-03,2026,5,3,7,Sunday,True,32600.22,33335.66,2628.5,735.4400000000023,17068.75,51.20267605321148,demo,True
2026-05-03 08:00:00,2026-05-03,2026,5,3,8,Sunday,True,33357.9,33459.3,2707.0,101.40000000000146,17757.02,53.070506555725906,demo,True
2026-05-03 09:00:00,2026-05-03,2026,5,3,9,Sunday,True,35583.99,35451.36,3004.79,-132.62999999999738,17967.32,50.68160995798186,demo,True
2026-05-03 10:00:00,2026-05-03,2026,5,3,10,Sunday,True,36016.44,36247.23,2733.52,230.79000000000087,19523.92,53.86320554701696,demo,True
2026-05-03 11:00:00,2026-05-03,2026,5,3,11,Sunday,True,35301.81,36666.8,2765.05,1364.9900000000052,20181.19,55.03940894760382,demo,True
2026-05-03 12:00:00,2026-05-03,2026,5,3,12,Sunday,True,36152.3,37699.73,2931.98,1547.4300000000003,21470.25,56.950673121531636,demo,True
2026-05-03 13:00:00,2026-05-03,2026,5,3,13,Sunday,True,36023.35,36636.32,2878.55,612.9700000000012,20948.519999999997,57.17965123134638,demo,True
2026-05-03 14:00:00,2026-05-03,2026,5,3,14,Sunday,True,37284.13,37550.06,3004.64,265.9300000000003,20193.760000000002,53.77823630641337,demo,True
2026-05-03 15:00:00,2026-05-03,2026,5,3,15,Sunday,True,36705.95,37159.0,2780.7,453.0500000000029,19591.78,52.724185257945585,demo,True
2026-05-03 16:00:00,2026-05-03,2026,5,3,16,Sunday,True,36197.82,36344.38,2910.96,146.55999999999767,18629.94,51.259479457346636,demo,True
2026-05-03 17:00:00,2026-05-03,2026,5,3,17,Sunday,True,36390.32,36736.84,2902.86,346.5199999999968,16948.0,46.133526999055995,demo,True
2026-05-03 18:00:00,2026-05-03,2026,5,3,18,Sunday,True,36008.45,36546.04,3141.75,537.5900000000038,15309.29,41.89042095942543,demo,True
2026-05-03 19:00:00,2026-05-03,2026,5,3,19,Sunday,True,35168.23,35082.99,2938.67,-85.24000000000524,15959.29,45.490107884191175,demo,True
2026-05-03 20:00:00,2026-05-03,2026,5,3,20,Sunday,True,33370.63,33669.71,2737.51,299.08000000000175,16635.87,49.40900886880226,demo,True
2026-05-03 21:00:00,2026-05-03,2026,5,3,21,Sunday,True,32358.35,32817.67,2727.02,459.3199999999997,15396.99,46.91676770471518,demo,True
2026-05-03 22:00:00,2026-05-03,2026,5,3,22,Sunday,True,29956.9,32864.4,2550.58,2907.5,16522.93,50.276073806307124,demo,True
2026-05-03 23:00:00,2026-05-03,2026,5,3,23,Sunday,True,27565.28,32651.33,2473.18,5086.050000000003,16597.37,50.832140681558755,demo,True
2026-05-04 00:00:00,2026-05-04,2026,5,4,0,Monday,False,29524.72,32316.68,2436.8,2791.959999999999,16619.57,51.42721962775879,demo,True
2026-05-04 01:00:00,2026-05-04,2026,5,4,1,Monday,False,28232.86,33213.33,2575.07,4980.470000000001,16635.66,50.0872992861601,demo,True
2026-05-04 02:00:00,2026-05-04,2026,5,4,2,Monday,False,26280.14,33634.31,2212.9,7354.169999999998,17455.48,51.89783884372833,demo,True
2026-05-04 03:00:00,2026-05-04,2026,5,4,3,Monday,False,27873.93,34142.16,2439.28,6268.230000000003,17668.29,51.74918634321905,demo,True
2026-05-04 04:00:00,2026-05-04,2026,5,4,4,Monday,False,29865.52,33148.79,2461.48,3283.2700000000004,16902.929999999997,50.99109198254295,demo,True
2026-05-04 05:00:00,2026-05-04,2026,5,4,5,Monday,False,31684.45,33321.96,2646.65,1637.5099999999984,16653.59,49.97782243301415,demo,True
2026-05-04 06:00:00,2026-05-04,2026,5,4,6,Monday,False,33700.59,33837.01,2835.36,136.42000000000553,17261.22,51.01284067357015,demo,True
2026-05-04 07:00:00,2026-05-04,2026,5,4,7,Monday,False,34995.5,35428.8,2652.71,433.3000000000029,18621.910000000003,52.561503635460426,demo,True
2026-05-04 08:00:00,2026-05-04,2026,5,4,8,Monday,False,36041.8,36471.57,2856.8,429.7699999999968,18769.410000000003,51.46312593617441,demo,True
2026-05-04 09:00:00,2026-05-04,2026,5,4,9,Monday,False,37057.51,37251.6,2784.86,194.0899999999965,19888.59,53.389894662242696,demo,True
2026-05-04 10:00:00,2026-05-04,2026,5,4,10,Monday,False,38725.39,39300.16,2965.11,574.7700000000041,21875.64,55.662979489142025,demo,True
2026-05-04 11:00:00,2026-05-04,2026,5,4,11,Monday,False,38989.17,39175.45,2891.48,186.27999999999884,20881.15,53.30162129599023,demo,True
2026-05-04 12:00:00,2026-05-04,2026,5,4,12,Monday,False,39599.27,39932.43,3076.42,333.1600000000035,20884.59,52.29982247511609,demo,True
2026-05-04 13:00:00,2026-05-04,2026,5,4,13,Monday,False,39359.15,39687.32,3003.69,328.16999999999825,21131.17,53.24413439859381,demo,True
2026-05-04 14:00:00,2026-05-04,2026,5,4,14,Monday,False,38443.27,38453.79,3044.92,10.520000000004075,21243.210000000003,55.24347535054413,demo,True
2026-05-04 15:00:00,2026-05-04,2026,5,4,15,Monday,False,37719.05,37949.16,3075.05,230.11000000000058,19520.36,51.43818730111549,demo,True
2026-05-04 16:00:00,2026-05-04,2026,5,4,16,Monday,False,38476.43,39154.89,3017.69,678.4599999999991,19548.0,49.924798664994334,demo,True
2026-05-04 17:00:00,2026-05-04,2026,5,4,17,Monday,False,38878.23,38962.22,3124.46,83.98999999999796,19162.16,49.18138648157112,demo,True
2026-05-04 18:00:00,2026-05-04,2026,5,4,18,Monday,False,38346.04,38708.57,3147.84,362.52999999999884,18558.820000000003,47.944989959587765,demo,True
2026-05-04 19:00:00,2026-05-04,2026,5,4,19,Monday,False,37415.74,37457.95,2873.38,42.20999999999913,18808.79,50.21307893250966,demo,True
2026-05-04 20:00:00,2026-05-04,2026,5,4,20,Monday,False,36815.35,36897.47,3050.58,82.12000000000262,18628.78,50.48796028562392,demo,True
2026-05-04 21:00:00,2026-05-04,2026,5,4,21,Monday,False,34621.32,34616.75,2774.45,-4.569999999999709,18614.04,53.77177233564676,demo,True
2026-05-04 22:00:00,2026-05-04,2026,5,4,22,Monday,False,32549.52,35388.43,2570.68,2838.91,19286.17,54.49851830103793,demo,True
2026-05-04 23:00:00,2026-05-04,2026,5,4,23,Monday,False,31168.51,34288.03,2618.92,3119.5200000000004,18231.84,53.17260863339189,demo,True
2026-05-05 00:00:00,2026-05-05,2026,5,5,0,Tuesday,False,28895.47,34410.05,2468.89,5514.580000000002,17887.02,51.981964571397015,demo,True
2026-05-05 01:00:00,2026-05-05,2026,5,5,1,Tuesday,False,28139.85,34878.21,2299.69,6738.360000000001,18503.7,53.052321205704075,demo,True
2026-05-05 02:00:00,2026-05-05,2026,5,5,2,Tuesday,False,27732.08,33693.01,2311.75,5960.93,17540.57,52.059967334470855,demo,True
2026-05-05 03:00:00,2026-05-05,2026,5,5,3,Tuesday,False,27172.21,32849.02,2516.97,5676.809999999998,17591.079999999998,53.55130837997602,demo,True
2026-05-05 04:00:00,2026-05-05,2026,5,5,4,Tuesday,False,28841.66,34531.84,2500.75,5690.179999999997,17789.520000000004,51.5162817851583,demo,True
2026-05-05 05:00:00,2026-05-05,2026,5,5,5,Tuesday,False,31959.44,33820.9,2767.74,1861.4600000000028,18040.76,53.34204589469824,demo,True
2026-05-05 06:00:00,2026-05-05,2026,5,5,6,Tuesday,False,32179.04,34409.49,2626.63,2230.449999999997,17486.109999999997,50.81769593213965,demo,True
2026-05-05 07:00:00,2026-05-05,2026,5,5,7,Tuesday,False,33496.6,35471.53,2639.37,1974.9300000000003,19296.420000000002,54.39973973493673,demo,True
2026-05-05 08:00:00,2026-05-05,2026,5,5,8,Tuesday,False,35340.04,35777.26,2659.84,437.22000000000116,19542.56,54.62285261643849,demo,True
2026-05-05 09:00:00,2026-05-05,2026,5,5,9,Tuesday,False,37846.48,37949.41,3026.65,102.93000000000029,21253.16,56.00392733378463,demo,True
2026-05-05 10:00:00,2026-05-05,2026,5,5,10,Tuesday,False,38515.81,38884.53,3039.39,368.72000000000116,20327.739999999998,52.27719095486045,demo,True
2026-05-05 11:00:00,2026-05-05,2026,5,5,11,Tuesday,False,38651.34,39155.57,2960.02,504.2300000000032,21206.91,54.16064687603833,demo,True
2026-05-05 12:00:00,2026-05-05,2026,5,5,12,Tuesday,False,39558.07,39701.42,2966.47,143.34999999999854,21999.590000000004,55.41260237039382,demo,True
2026-05-05 13:00:00,2026-05-05,2026,5,5,13,Tuesday,False,36728.18,36755.84,2969.31,27.659999999996217,21116.52,57.450788772614096,demo,True
2026-05-05 14:00:00,2026-05-05,2026,5,5,14,Tuesday,False,38822.99,39015.98,2984.18,192.99000000000524,21465.75,55.01784140754634,demo,True
2026-05-05 15:00:00,2026-05-05,2026,5,5,15,Tuesday,False,39693.0,39760.6,3047.53,67.59999999999854,21050.530000000002,52.943189992102745,demo,True
2026-05-05 16:00:00,2026-05-05,2026,5,5,16,Tuesday,False,37920.36,38241.96,2916.26,321.59999999999854,19956.170000000002,52.18396232829071,demo,True
2026-05-05 17:00:00,2026-05-05,2026,5,5,17,Tuesday,False,38470.31,38525.94,2976.32,55.63000000000466,19421.299999999996,50.41096985563492,demo,True
2026-05-05 18:00:00,2026-05-05,2026,5,5,18,Tuesday,False,37970.48,38395.6,3057.61,425.11999999999534,18116.249999999996,47.183140776547305,demo,True
2026-05-05 19:00:00,2026-05-05,2026,5,5,19,Tuesday,False,37204.22,37492.5,2827.48,288.27999999999884,18278.929999999997,48.75356404614256,demo,True
2026-05-05 20:00:00,2026-05-05,2026,5,5,20,Tuesday,False,36419.95,36850.69,2934.91,430.74000000000524,17133.37,46.4940276559272,demo,True
2026-05-05 21:00:00,2026-05-05,2026,5,5,21,Tuesday,False,35983.33,35797.14,2967.06,-186.19000000000233,17797.429999999997,49.71746346216485,demo,True
2026-05-05 22:00:00,2026-05-05,2026,5,5,22,Tuesday,False,34285.34,34218.87,2762.88,-66.46999999999389,17851.72,52.169227096043784,demo,True
2026-05-05 23:00:00,2026-05-05,2026,5,5,23,Tuesday,False,30725.34,32871.8,2673.69,2146.4600000000028,16956.55,51.58388040813098,demo,True
2026-05-06 00:00:00,2026-05-06,2026,5,6,0,Wednesday,False,30520.4,34060.91,2672.31,3540.510000000002,18342.81,53.85296517327341,demo,True
2026-05-06 01:00:00,2026-05-06,2026,5,6,1,Wednesday,False,28003.88,32066.95,2518.9,4063.0699999999997,16154.230000000001,50.37657151677974,demo,True
2026-05-06 02:00:00,2026-05-06,2026,5,6,2,Wednesday,False,28778.42,32678.11,2422.67,3899.6900000000023,16889.35,51.6839866197892,demo,True
2026-05-06 03:00:00,2026-05-06,2026,5,6,3,Wednesday,False,27914.5,33390.12,2418.59,5475.620000000003,17339.690000000002,51.93060102808855,demo,True
2026-05-06 04:00:00,2026-05-06,2026,5,6,4,Wednesday,False,29280.27,33806.73,2520.65,4526.460000000003,17911.76,52.98282324259103,demo,True
2026-05-06 05:00:00,2026-05-06,2026,5,6,5,Wednesday,False,31218.83,34505.75,2566.02,3286.9199999999983,17683.610000000004,51.24829919651074,demo,True
2026-05-06 06:00:00,2026-05-06,2026,5,6,6,Wednesday,False,35227.7,35537.55,2807.52,309.8500000000058,16993.09,47.81728059475118,demo,True
2026-05-06 07:00:00,2026-05-06,2026,5,6,7,Wednesday,False,35584.16,35884.58,2797.45,300.41999999999825,18402.48,51.28241712735665,demo,True
2026-05-06 08:00:00,2026-05-06,2026,5,6,8,Wednesday,False,36158.25,36650.95,3118.75,492.6999999999971,18266.430000000004,49.8388991281263,demo,True
2026-05-06 09:00:00,2026-05-06,2026,5,6,9,Wednesday,False,38514.4,38761.85,2992.49,247.4499999999971,19458.59,50.20036453368454,demo,True
2026-05-06 10:00:00,2026-05-06,2026,5,6,10,Wednesday,False,38250.88,38493.04,3076.63,242.1600000000035,20530.43,53.33543414601704,demo,True
2026-05-06 11:00:00,2026-05-06,2026,5,6,11,Wednesday,False,38400.85,38795.35,2906.54,394.5,20908.5,53.89434558523122,demo,True
2026-05-06 12:00:00,2026-05-06,2026,5,6,12,Wednesday,False,39354.16,39703.64,3211.2,349.4799999999959,20216.98,50.91971416222795,demo,True
2026-05-06 13:00:00,2026-05-06,2026,5,6,13,Wednesday,False,38630.92,38718.41,2956.5,87.49000000000524,21246.92,54.87549721179149,demo,True
2026-05-06 14:00:00,2026-05-06,2026,5,6,14,Wednesday,False,38750.84,38984.26,3020.43,233.42000000000553,20362.93,52.23372202011786,demo,True
2026-05-06 15:00:00,2026-05-06,2026,5,6,15,Wednesday,False,38619.79,38948.67,2845.66,328.8799999999974,20224.57,51.926214682041774,demo,True
2026-05-06 16:00:00,2026-05-06,2026,5,6,16,Wednesday,False,38955.41,39099.79,3169.33,144.37999999999738,18081.469999999998,46.244417169503976,demo,True
2026-05-06 17:00:00,2026-05-06,2026,5,6,17,Wednesday,False,39043.65,39196.6,3191.51,152.9499999999971,18247.59,46.554012337804814,demo,True
2026-05-06 18:00:00,2026-05-06,2026,5,6,18,Wednesday,False,37151.62,37151.16,2879.51,-0.4599999999991269,16291.889999999998,43.85297794200772,demo,True
2026-05-06 19:00:00,2026-05-06,2026,5,6,19,Wednesday,False,38306.87,38037.97,3141.96,-268.90000000000146,17424.04,45.80696603946004,demo,True
2026-05-06 20:00:00,2026-05-06,2026,5,6,20,Wednesday,False,35970.92,36153.59,2822.4,182.66999999999825,14753.03,40.806542310182756,demo,True
2026-05-06 21:00:00,2026-05-06,2026,5,6,21,Wednesday,False,33984.48,34257.39,2856.22,272.9099999999962,15651.46,45.687835529793716,demo,True
2026-05-06 22:00:00,2026-05-06,2026,5,6,22,Wednesday,False,32968.28,33021.1,2692.92,52.81999999999971,16247.150000000001,49.202328208327415,demo,True
2026-05-06 23:00:00,2026-05-06,2026,5,6,23,Wednesday,False,31029.28,31672.3,2732.84,643.0200000000004,15565.949999999999,49.14688860613217,demo,True
2026-05-07 00:00:00,2026-05-07,2026,5,7,0,Thursday,False,28711.41,32060.5,2498.53,3349.09,16168.829999999998,50.432245286255664,demo,True
2026-05-07 01:00:00,2026-05-07,2026,5,7,1,Thursday,False,28570.7,32073.67,2559.45,3502.9699999999975,15842.959999999997,49.39553222315999,demo,True
2026-05-07 02:00:00,2026-05-07,2026,5,7,2,Thursday,False,26621.31,31380.05,2471.95,4758.739999999998,15852.15,50.51664990973565,demo,True
2026-05-07 03:00:00,2026-05-07,2026,5,7,3,Thursday,False,27704.95,32403.13,2403.05,4698.18,15948.19,49.21805393491308,demo,True
2026-05-07 04:00:00,2026-05-07,2026,5,7,4,Thursday,False,28789.12,30806.21,2464.04,2017.0900000000001,16140.630000000001,52.39407898602263,demo,True
2026-05-07 05:00:00,2026-05-07,2026,5,7,5,Thursday,False,30940.38,31897.81,2505.57,957.4300000000003,15773.25,49.44931956143697,demo,True
2026-05-07 06:00:00,2026-05-07,2026,5,7,6,Thursday,False,33207.7,33647.49,2719.37,439.7900000000009,15864.91,47.15035207678196,demo,True
2026-05-07 07:00:00,2026-05-07,2026,5,7,7,Thursday,False,34292.73,34848.3,2968.08,555.5699999999997,16999.09,48.78025613874995,demo,True
2026-05-07 08:00:00,2026-05-07,2026,5,7,8,Thursday,False,37170.33,37101.33,3029.55,-69.0,17641.02,47.54821457883046,demo,True
2026-05-07 09:00:00,2026-05-07,2026,5,7,9,Thursday,False,37890.2,38255.25,2915.13,365.0500000000029,17751.309999999998,46.40228465374033,demo,True
2026-05-07 10:00:00,2026-05-07,2026,5,7,10,Thursday,False,37189.8,37594.66,3081.31,404.8600000000006,19385.690000000002,51.56500949868944,demo,True
2026-05-07 11:00:00,2026-05-07,2026,5,7,11,Thursday,False,37382.66,37594.35,2979.9,211.68999999999505,19396.44,51.594029421974305,demo,True
2026-05-07 12:00:00,2026-05-07,2026,5,7,12,Thursday,False,38719.52,38533.56,3077.39,-185.95999999999913,20748.52,53.84532340121183,demo,True
2026-05-07 13:00:00,2026-05-07,2026,5,7,13,Thursday,False,38464.49,38661.21,3051.75,196.72000000000116,19769.649999999998,51.1356214665811,demo,True
2026-05-07 14:00:00,2026-05-07,2026,5,7,14,Thursday,False,38493.44,38638.85,3055.86,145.40999999999622,19267.149999999998,49.864708706392655,demo,True
2026-05-07 15:00:00,2026-05-07,2026,5,7,15,Thursday,False,38600.41,39125.77,2868.7,525.3599999999933,18139.17,46.36118343485636,demo,True
2026-05-07 16:00:00,2026-05-07,2026,5,7,16,Thursday,False,38887.7,39121.75,3181.47,234.0500000000029,17156.38,43.853815332903054,demo,True
2026-05-07 17:00:00,2026-05-07,2026,5,7,17,Thursday,False,39419.53,39595.31,2936.58,175.77999999999884,15759.36,39.80107745083951,demo,True
2026-05-07 18:00:00,2026-05-07,2026,5,7,18,Thursday,False,37739.73,37884.15,3135.77,144.41999999999825,15226.84,40.19316785515842,demo,True
2026-05-07 19:00:00,2026-05-07,2026,5,7,19,Thursday,False,37029.89,37338.52,2996.32,308.6299999999974,15964.02,42.75482798996854,demo,True
2026-05-07 20:00:00,2026-05-07,2026,5,7,20,Thursday,False,35903.01,36163.24,2979.12,260.2299999999959,16569.91,45.81976061879411,demo,True
2026-05-07 21:00:00,2026-05-07,2026,5,7,21,Thursday,False,35206.33,35314.14,2901.32,107.80999999999767,15098.430000000002,42.754630298231824,demo,True
2026-05-07 22:00:00,2026-05-07,2026,5,7,22,Thursday,False,33890.63,34188.15,2891.66,297.5200000000041,15446.290000000003,45.180245201919384,demo,True
2026-05-07 23:00:00,2026-05-07,2026,5,7,23,Thursday,False,30678.56,31044.81,2593.95,366.25,15292.85,49.26056883582151,demo,True
2026-05-08 00:00:00,2026-05-08,2026,5,8,0,Friday,False,27455.67,32098.98,2447.42,4643.310000000001,15495.600000000002,48.27443115014871,demo,True
2026-05-08 01:00:00,2026-05-08,2026,5,8,1,Friday,False,26806.18,30347.41,2426.99,3541.2299999999996,14470.42,47.68255346996663,demo,True
2026-05-08 02:00:00,2026-05-08,2026,5,8,2,Friday,False,26987.71,30681.0,2578.49,3693.290000000001,14240.84,46.41582738502656,demo,True
2026-05-08 03:00:00,2026-05-08,2026,5,8,3,Friday,False,27609.4,32385.96,2476.18,4776.559999999998,16024.64,49.4802068550693,demo,True
2026-05-08 04:00:00,2026-05-08,2026,5,8,4,Friday,False,28922.65,30622.59,2397.05,1699.9399999999987,14225.67,46.454823057096085,demo,True
2026-05-08 05:00:00,2026-05-08,2026,5,8,5,Friday,False,31010.0,31438.04,2574.14,428.0400000000009,14850.060000000001,47.23596000259559,demo,True
2026-05-08 06:00:00,2026-05-08,2026,5,8,6,Friday,False,32804.28,33201.75,2783.14,397.47000000000116,15411.17,46.41674008147161,demo,True
2026-05-08 07:00:00,2026-05-08,2026,5,8,7,Friday,False,35742.8,35879.07,3005.32,136.2699999999968,16602.13,46.27246469877842,demo,True
2026-05-08 08:00:00,2026-05-08,2026,5,8,8,Friday,False,36200.12,36604.86,2858.61,404.73999999999796,16597.54,45.342449062774726,demo,True
2026-05-08 09:00:00,2026-05-08,2026,5,8,9,Friday,False,37252.48,37237.01,3154.2,-15.470000000001164,18420.59,49.468499216236744,demo,True
2026-05-08 10:00:00,2026-05-08,2026,5,8,10,Friday,False,38859.38,39139.65,3060.46,280.2700000000041,19156.91,48.94502122527922,demo,True
2026-05-08 11:00:00,2026-05-08,2026,5,8,11,Friday,False,37688.72,37943.36,3003.88,254.63999999999942,19343.27,50.979328135410256,demo,True
2026-05-08 12:00:00,2026-05-08,2026,5,8,12,Friday,False,39010.92,39441.41,2950.37,430.49000000000524,18727.17,47.480985086486506,demo,True
2026-05-08 13:00:00,2026-05-08,2026,5,8,13,Friday,False,38700.95,38785.54,3139.92,84.59000000000378,18784.510000000002,48.43173512602893,demo,True
2026-05-08 14:00:00,2026-05-08,2026,5,8,14,Friday,False,38472.62,38576.86,2980.47,104.23999999999796,19035.06,49.343207300957104,demo,True
2026-05-08 15:00:00,2026-05-08,2026,5,8,15,Friday,False,39741.79,39740.78,3042.59,-1.0100000000020373,18512.219999999998,46.58242742090115,demo,True
2026-05-08 16:00:00,2026-05-08,2026,5,8,16,Friday,False,38304.26,38452.25,3010.63,147.98999999999796,17443.96,45.36525170828755,demo,True
2026-05-08 17:00:00,2026-05-08,2026,5,8,17,Friday,False,40208.38,40504.35,3288.98,295.97000000000116,17181.59,42.419122884332175,demo,True
2026-05-08 18:00:00,2026-05-08,2026,5,8,18,Friday,False,38369.7,38296.09,3132.99,-73.61000000000058,14730.789999999999,38.46551958698656,demo,True
2026-05-08 19:00:00,2026-05-08,2026,5,8,19,Friday,False,36966.36,37136.63,2920.48,170.2699999999968,14995.55,40.379404377833964,demo,True
2026-05-08 20:00:00,2026-05-08,2026,5,8,20,Friday,False,36727.28,37087.22,2938.59,359.9400000000023,15029.55,40.52487622420877,demo,True
2026-05-08 21:00:00,2026-05-08,2026,5,8,21,Friday,False,34260.72,34492.2,2952.55,231.47999999999593,15208.53,44.09266442847949,demo,True
2026-05-08 22:00:00,2026-05-08,2026,5,8,22,Friday,False,32502.94,32766.47,2685.64,263.5300000000025,15482.090000000002,47.24979529378661,demo,True
2026-05-08 23:00:00,2026-05-08,2026,5,8,23,Friday,False,31268.42,31761.18,2663.14,492.76000000000204,16201.11,51.009156460811596,demo,True
2026-05-09 00:00:00,2026-05-09,2026,5,9,0,Saturday,True,27105.77,31475.28,2460.59,4369.509999999998,15858.47,50.38388856270699,demo,True
2026-05-09 01:00:00,2026-05-09,2026,5,9,1,Saturday,True,25073.46,31263.81,1980.7,6190.350000000002,15214.13,48.66371053304124,demo,True
2026-05-09 02:00:00,2026-05-09,2026,5,9,2,Saturday,True,25772.02,31896.12,2439.7,6124.0999999999985,15563.47,48.7942420582817,demo,True
2026-05-09 03:00:00,2026-05-09,2026,5,9,3,Saturday,True,26320.07,31538.93,2270.55,5218.860000000001,15784.91,50.048971223817674,demo,True
2026-05-09 04:00:00,2026-05-09,2026,5,9,4,Saturday,True,27723.94,32040.6,2395.5,4316.66,15876.59,49.55147531569322,demo,True
2026-05-09 05:00:00,2026-05-09,2026,5,9,5,Saturday,True,28863.59,31832.24,2643.43,2968.6500000000015,15125.060000000001,47.514909412595536,demo,True
2026-05-09 06:00:00,2026-05-09,2026,5,9,6,Saturday,True,31486.9,31549.74,2774.14,62.840000000000146,15227.64,48.26550076165445,demo,True
2026-05-09 07:00:00,2026-05-09,2026,5,9,7,Saturday,True,31201.7,32324.97,2652.08,1123.2700000000004,16548.78,51.19503591186627,demo,True
2026-05-09 08:00:00,2026-05-09,2026,5,9,8,Saturday,True,33960.8,33990.0,2811.42,29.19999999999709,18062.629999999997,53.14101206237128,demo,True
2026-05-09 09:00:00,2026-05-09,2026,5,9,9,Saturday,True,34759.2,35037.63,2886.22,278.4300000000003,18196.93,51.93539060718434,demo,True
2026-05-09 10:00:00,2026-05-09,2026,5,9,10,Saturday,True,36117.62,36694.0,3022.26,576.3799999999974,17975.690000000002,48.9880906960266,demo,True
2026-05-09 11:00:00,2026-05-09,2026,5,9,11,Saturday,True,35873.66,36321.91,2992.84,448.25,19218.39,52.911286878911376,demo,True
2026-05-09 12:00:00,2026-05-09,2026,5,9,12,Saturday,True,36131.83,36473.51,2870.45,341.6800000000003,19617.25,53.784925004475845,demo,True
2026-05-09 13:00:00,2026-05-09,2026,5,9,13,Saturday,True,37456.69,37751.64,2877.18,294.9499999999971,19770.0,52.36858584156874,demo,True
2026-05-09 14:00:00,2026-05-09,2026,5,9,14,Saturday,True,35967.03,37036.53,2832.22,1069.5,19735.41,53.28633648994655,demo,True
2026-05-09 15:00:00,2026-05-09,2026,5,9,15,Saturday,True,36429.65,36517.41,2894.96,87.76000000000204,19308.31,52.8742591547429,demo,True
2026-05-09 16:00:00,2026-05-09,2026,5,9,16,Saturday,True,36087.22,36291.53,2880.17,204.30999999999767,18138.12,49.978934478651084,demo,True
2026-05-09 17:00:00,2026-05-09,2026,5,9,17,Saturday,True,36329.17,36682.65,2816.32,353.4800000000032,17853.25,48.66946635534783,demo,True
2026-05-09 18:00:00,2026-05-09,2026,5,9,18,Saturday,True,36041.71,36361.86,2942.99,320.15000000000146,17070.32,46.94567329614051,demo,True
2026-05-09 19:00:00,2026-05-09,2026,5,9,19,Saturday,True,35684.09,36076.06,2766.33,391.97000000000116,15729.03,43.59963366287782,demo,True
2026-05-09 20:00:00,2026-05-09,2026,5,9,20,Saturday,True,35004.05,35473.59,2870.06,469.5399999999936,15854.279999999999,44.69319287954786,demo,True
2026-05-09 21:00:00,2026-05-09,2026,5,9,21,Saturday,True,33677.27,33898.74,2792.64,221.47000000000116,15644.98,46.15209886857152,demo,True
2026-05-09 22:00:00,2026-05-09,2026,5,9,22,Saturday,True,30755.9,32285.52,2585.91,1529.619999999999,16882.21,52.290345641018014,demo,True
2026-05-09 23:00:00,2026-05-09,2026,5,9,23,Saturday,True,28913.18,33154.94,2555.75,4241.760000000002,17102.38,51.58320298573908,demo,True
2026-05-10 00:00:00,2026-05-10,2026,5,10,0,Sunday,True,25921.26,32255.78,2389.1,6334.52,16185.179999999998,50.17761157845198,demo,True
2026-05-10 01:00:00,2026-05-10,2026,5,10,1,Sunday,True,25457.47,33415.49,2496.13,7958.019999999997,16902.11,50.58166137919869,demo,True
2026-05-10 02:00:00,2026-05-10,2026,5,10,2,Sunday,True,25749.04,33364.92,2261.87,7615.879999999997,17051.25,51.105322596307744,demo,True
2026-05-10 03:00:00,2026-05-10,2026,5,10,3,Sunday,True,26125.99,33355.87,2362.44,7229.880000000001,16660.42,49.94749050167181,demo,True
2026-05-10 04:00:00,2026-05-10,2026,5,10,4,Sunday,True,26876.65,32655.7,2387.34,5779.049999999999,16805.96,51.46409355793935,demo,True
2026-05-10 05:00:00,2026-05-10,2026,5,10,5,Sunday,True,29123.47,32667.41,2507.24,3543.9399999999987,16785.64,51.38344300940907,demo,True
2026-05-10 06:00:00,2026-05-10,2026,5,10,6,Sunday,True,30886.04,32085.65,2466.03,1199.6100000000006,16907.73,52.695613147933734,demo,True
2026-05-10 07:00:00,2026-05-10,2026,5,10,7,Sunday,True,33368.47,33728.6,2609.27,360.1299999999974,17803.0,52.78309802363573,demo,True
2026-05-10 08:00:00,2026-05-10,2026,5,10,8,Sunday,True,34395.88,35529.98,2766.17,1134.1000000000058,19093.98,53.74047494538414,demo,True
2026-05-10 09:00:00,2026-05-10,2026,5,10,9,Sunday,True,35127.11,35475.34,2666.04,348.2299999999959,18960.04,53.44568931545125,demo,True
2026-05-10 10:00:00,2026-05-10,2026,5,10,10,Sunday,True,36279.26,37487.15,2833.29,1207.8899999999994,20456.57,54.569552499989996,demo,True
2026-05-10 11:00:00,2026-05-10,2026,5,10,11,Sunday,True,34232.25,35870.9,2678.05,1638.6500000000015,20315.760000000002,56.635768826541856,demo,True
2026-05-10 12:00:00,2026-05-10,2026,5,10,12,Sunday,True,36526.16,37855.8,2842.31,1329.6399999999994,21080.59,55.68655265507531,demo,True
2026-05-10 13:00:00,2026-05-10,2026,5,10,13,Sunday,True,33595.27,37513.98,2797.04,3918.7100000000064,21576.32,57.51541158789336,demo,True
2026-05-10 14:00:00,2026-05-10,2026,5,10,14,Sunday,True,34889.41,36517.2,2663.85,1627.7899999999936,21284.969999999998,58.287519305970875,demo,True
2026-05-10 15:00:00,2026-05-10,2026,5,10,15,Sunday,True,36466.23,36897.46,2945.92,431.2299999999959,20452.04,55.42939812117149,demo,True
2026-05-10 16:00:00,2026-05-10,2026,5,10,16,Sunday,True,36594.08,36585.17,2834.68,-8.910000000003492,19681.56,53.796551990875,demo,True
2026-05-10 17:00:00,2026-05-10,2026,5,10,17,Sunday,True,35472.47,35818.48,2802.78,346.01000000000204,18318.260000000002,51.141924503775705,demo,True
2026-05-10 18:00:00,2026-05-10,2026,5,10,18,Sunday,True,35549.03,35864.62,2913.6,315.5900000000038,17086.500000000004,47.64165910582631,demo,True
2026-05-10 19:00:00,2026-05-10,2026,5,10,19,Sunday,True,36339.65,36928.13,2897.05,588.4799999999959,17248.57,46.70848483256531,demo,True
2026-05-10 20:00:00,2026-05-10,2026,5,10,20,Sunday,True,33859.51,34209.78,2678.94,350.2699999999968,17252.19,50.43057862400752,demo,True
2026-05-10 21:00:00,2026-05-10,2026,5,10,21,Sunday,True,34104.14,34332.43,2728.49,228.29000000000087,17848.48,51.98723189707224,demo,True
2026-05-10 22:00:00,2026-05-10,2026,5,10,22,Sunday,True,30547.82,33441.18,2409.33,2893.3600000000006,17241.4,51.55739121645828,demo,True
2026-05-10 23:00:00,2026-05-10,2026,5,10,23,Sunday,True,28796.12,33467.02,2499.64,4670.899999999998,17615.62,52.63575902485492,demo,True
2026-05-11 00:00:00,2026-05-11,2026,5,11,0,Monday,False,30368.67,33444.55,2282.9,3075.8800000000047,17114.72,51.17341988455518,demo,True
2026-05-11 01:00:00,2026-05-11,2026,5,11,1,Monday,False,28120.7,32937.08,2523.41,4816.380000000001,16616.920000000002,50.45049530802367,demo,True
2026-05-11 02:00:00,2026-05-11,2026,5,11,2,Monday,False,26899.19,34748.14,2413.91,7848.950000000001,18412.7,52.9890232973621,demo,True
2026-05-11 03:00:00,2026-05-11,2026,5,11,3,Monday,False,27953.0,32522.37,2563.23,4569.369999999999,17112.08,52.61633761623155,demo,True
2026-05-11 04:00:00,2026-05-11,2026,5,11,4,Monday,False,29213.6,32246.07,2684.09,3032.470000000001,17000.41,52.72087420265478,demo,True
2026-05-11 05:00:00,2026-05-11,2026,5,11,5,Monday,False,30057.68,32482.6,2625.0,2424.9199999999983,16816.46,51.77067106697124,demo,True
2026-05-11 06:00:00,2026-05-11,2026,5,11,6,Monday,False,32873.42,33655.02,2630.9,781.5999999999985,17821.31,52.95290271703895,demo,True
2026-05-11 07:00:00,2026-05-11,2026,5,11,7,Monday,False,34518.72,35875.29,2958.05,1356.5699999999997,19783.320000000003,55.144697088162914,demo,True
2026-05-11 08:00:00,2026-05-11,2026,5,11,8,Monday,False,37350.38,37289.48,2829.25,-60.89999999999418,19580.44,52.50928680153222,demo,True
2026-05-11 09:00:00,2026-05-11,2026,5,11,9,Monday,False,37910.33,38178.43,2781.64,268.09999999999854,20844.480000000003,54.59753059515544,demo,True
2026-05-11 10:00:00,2026-05-11,2026,5,11,10,Monday,False,38356.21,38620.68,3122.65,264.47000000000116,22271.050000000003,57.66612602367437,demo,True
2026-05-11 11:00:00,2026-05-11,2026,5,11,11,Monday,False,38719.34,38822.44,3054.23,103.10000000000582,21045.9,54.21065754754209,demo,True
2026-05-11 12:00:00,2026-05-11,2026,5,11,12,Monday,False,38924.33,38844.06,2816.41,-80.27000000000407,22507.719999999998,57.94378857410888,demo,True
2026-05-11 13:00:00,2026-05-11,2026,5,11,13,Monday,False,39090.93,39378.06,2867.95,287.1299999999974,23068.11,58.58112360029926,demo,True
2026-05-11 14:00:00,2026-05-11,2026,5,11,14,Monday,False,37906.03,38215.91,3018.37,309.88000000000466,19985.95,52.297459356587346,demo,True
2026-05-11 15:00:00,2026-05-11,2026,5,11,15,Monday,False,37930.88,38251.92,2885.24,321.0400000000009,20364.26,53.237223125009145,demo,True
2026-05-11 16:00:00,2026-05-11,2026,5,11,16,Monday,False,39543.08,39614.89,3014.27,71.80999999999767,19538.660000000003,49.32150512092803,demo,True
2026-05-11 17:00:00,2026-05-11,2026,5,11,17,Monday,False,38507.53,38828.95,3202.84,321.41999999999825,18973.73,48.8649062104435,demo,True
2026-05-11 18:00:00,2026-05-11,2026,5,11,18,Monday,False,37565.71,37783.57,3181.77,217.86000000000058,17686.93,46.81116686432754,demo,True
2026-05-11 19:00:00,2026-05-11,2026,5,11,19,Monday,False,38200.94,38606.54,3039.81,405.59999999999854,17894.34,46.35054060788664,demo,True
2026-05-11 20:00:00,2026-05-11,2026,5,11,20,Monday,False,37032.69,37107.22,2938.96,74.52999999999884,17721.09,47.75644739756845,demo,True
2026-05-11 21:00:00,2026-05-11,2026,5,11,21,Monday,False,33972.59,34429.63,2852.1,457.0400000000009,17097.260000000002,49.65856443998963,demo,True
2026-05-11 22:00:00,2026-05-11,2026,5,11,22,Monday,False,33219.8,34113.31,2662.56,893.5099999999948,17738.06,51.997475472183744,demo,True
2026-05-11 23:00:00,2026-05-11,2026,5,11,23,Monday,False,31535.4,34436.85,2414.34,2901.449999999997,18170.760000000002,52.765453286232635,demo,True
2026-05-12 00:00:00,2026-05-12,2026,5,12,0,Tuesday,False,29508.93,33947.24,2257.96,4438.309999999998,17773.69,52.35680426449985,demo,True
2026-05-12 01:00:00,2026-05-12,2026,5,12,1,Tuesday,False,28481.37,32637.23,2454.2,4155.860000000001,16582.13,50.80740614322968,demo,True
2026-05-12 02:00:00,2026-05-12,2026,5,12,2,Tuesday,False,26627.84,34383.23,2415.27,7755.390000000003,18597.849999999995,54.089886261412886,demo,True
2026-05-12 03:00:00,2026-05-12,2026,5,12,3,Tuesday,False,28271.54,32848.18,2436.97,4576.639999999999,17334.52,52.771629965495805,demo,True
2026-05-12 04:00:00,2026-05-12,2026,5,12,4,Tuesday,False,29036.69,34305.37,2564.99,5268.680000000004,17394.25,50.70416089376094,demo,True
2026-05-12 05:00:00,2026-05-12,2026,5,12,5,Tuesday,False,30685.04,33191.95,2656.92,2506.909999999996,17195.56,51.80641691735497,demo,True
2026-05-12 06:00:00,2026-05-12,2026,5,12,6,Tuesday,False,33671.89,33706.59,2862.7,34.69999999999709,17527.239999999998,51.9994458057015,demo,True
2026-05-12 07:00:00,2026-05-12,2026,5,12,7,Tuesday,False,36083.75,36628.54,2890.5,544.7900000000009,18882.899999999998,51.55242332891237,demo,True
2026-05-12 08:00:00,2026-05-12,2026,5,12,8,Tuesday,False,37969.39,38184.61,3004.75,215.22000000000116,19550.26,51.19931825937203,demo,True
2026-05-12 09:00:00,2026-05-12,2026,5,12,9,Tuesday,False,38816.47,39060.27,3033.01,243.79999999999563,19451.309999999998,49.79819647944062,demo,True
2026-05-12 10:00:00,2026-05-12,2026,5,12,10,Tuesday,False,38487.35,38956.6,2977.71,469.25,20359.479999999996,52.2619530451836,demo,True
2026-05-12 11:00:00,2026-05-12,2026,5,12,11,Tuesday,False,39050.57,39664.44,2890.79,613.8700000000026,20710.800000000003,52.215031902631175,demo,True
2026-05-12 12:00:00,2026-05-12,2026,5,12,12,Tuesday,False,39314.92,39641.03,3157.32,326.1100000000006,20413.74,51.496492396892826,demo,True
2026-05-12 13:00:00,2026-05-12,2026,5,12,13,Tuesday,False,38753.99,39213.64,2994.26,459.65000000000146,19756.55,50.3818314239637,demo,True
2026-05-12 14:00:00,2026-05-12,2026,5,12,14,Tuesday,False,38707.37,38791.71,2967.84,84.33999999999651,20580.199999999997,53.05308788913919,demo,True
2026-05-12 15:00:00,2026-05-12,2026,5,12,15,Tuesday,False,39246.62,39401.32,3023.75,154.6999999999971,18916.57,48.00999052823611,demo,True
2026-05-12 16:00:00,2026-05-12,2026,5,12,16,Tuesday,False,38738.31,38744.87,2899.22,6.560000000004948,19967.76,51.536525996860995,demo,True
2026-05-12 17:00:00,2026-05-12,2026,5,12,17,Tuesday,False,38295.67,38452.86,3011.05,157.19000000000233,18540.75,48.216829645441194,demo,True
2026-05-12 18:00:00,2026-05-12,2026,5,12,18,Tuesday,False,38277.37,38629.11,3097.03,351.73999999999796,16815.019999999997,43.52940049615432,demo,True
2026-05-12 19:00:00,2026-05-12,2026,5,12,19,Tuesday,False,38344.0,38632.19,2997.39,288.1900000000023,16449.44,42.579620777387966,demo,True
2026-05-12 20:00:00,2026-05-12,2026,5,12,20,Tuesday,False,36720.43,37281.31,3063.05,560.8799999999974,15975.34,42.8508011118708,demo,True
2026-05-12 21:00:00,2026-05-12,2026,5,12,21,Tuesday,False,35292.24,35912.09,2825.53,619.8499999999985,17052.31,47.483479797472114,demo,True
2026-05-12 22:00:00,2026-05-12,2026,5,12,22,Tuesday,False,33538.22,33763.65,2615.63,225.4300000000003,16449.23,48.718755229366494,demo,True
2026-05-12 23:00:00,2026-05-12,2026,5,12,23,Tuesday,False,30768.11,32090.68,2717.57,1322.5699999999997,15967.96,49.75887079987086,demo,True
2026-05-13 00:00:00,2026-05-13,2026,5,13,0,Wednesday,False,29786.23,31299.22,2543.65,1512.9900000000016,16206.339999999998,51.77873442213575,demo,True
2026-05-13 01:00:00,2026-05-13,2026,5,13,1,Wednesday,False,28314.17,32873.87,2533.29,4559.700000000004,16516.11,50.240844780368114,demo,True
2026-05-13 02:00:00,2026-05-13,2026,5,13,2,Wednesday,False,26756.46,31420.81,2446.13,4664.350000000002,15948.140000000001,50.75661639531254,demo,True
2026-05-13 03:00:00,2026-05-13,2026,5,13,3,Wednesday,False,29059.43,32328.54,2397.83,3269.1100000000006,16870.53,52.1846331445837,demo,True
2026-05-13 04:00:00,2026-05-13,2026,5,13,4,Wednesday,False,28908.01,31837.33,2451.67,2929.3200000000033,15522.779999999997,48.756538315241876,demo,True
2026-05-13 05:00:00,2026-05-13,2026,5,13,5,Wednesday,False,29874.43,31600.8,2619.03,1726.369999999999,16574.8,52.450570871623505,demo,True
2026-05-13 06:00:00,2026-05-13,2026,5,13,6,Wednesday,False,32340.97,32371.63,2859.48,30.659999999999854,15466.34,47.77745204674587,demo,True
2026-05-13 07:00:00,2026-05-13,2026,5,13,7,Wednesday,False,34343.53,34584.36,2786.28,240.83000000000175,17702.81,51.18732860749773,demo,True
2026-05-13 08:00:00,2026-05-13,2026,5,13,8,Wednesday,False,36759.85,36973.69,2886.05,213.84000000000378,17393.120000000003,47.04188302547028,demo,True
2026-05-13 09:00:00,2026-05-13,2026,5,13,9,Wednesday,False,37714.41,38014.26,3129.87,299.84999999999854,18780.670000000002,49.404276184779086,demo,True
2026-05-13 10:00:00,2026-05-13,2026,5,13,10,Wednesday,False,38338.38,38564.76,2958.73,226.38000000000466,18923.649999999998,49.06979843774471,demo,True
2026-05-13 11:00:00,2026-05-13,2026,5,13,11,Wednesday,False,39247.46,39190.87,3097.31,-56.58999999999651,19086.22,48.70067952051077,demo,True
2026-05-13 12:00:00,2026-05-13,2026,5,13,12,Wednesday,False,45660.48,38895.86,3962.59,-6764.620000000003,19779.64,50.852815698123145,demo,True
2026-05-13 13:00:00,2026-05-13,2026,5,13,13,Wednesday,False,38900.4,39283.13,3050.12,382.7299999999959,20405.99,51.94593709818949,demo,True
2026-05-13 14:00:00,2026-05-13,2026,5,13,14,Wednesday,False,38912.71,39043.41,2963.47,130.70000000000437,19055.51,48.80595726653998,demo,True
2026-05-13 15:00:00,2026-05-13,2026,5,13,15,Wednesday,False,39111.29,39319.51,3048.32,208.22000000000116,17922.82,45.582511074018974,demo,True
2026-05-13 16:00:00,2026-05-13,2026,5,13,16,Wednesday,False,37314.24,37463.8,2922.28,149.56000000000495,17316.2,46.221152152210934,demo,True
2026-05-13 17:00:00,2026-05-13,2026,5,13,17,Wednesday,False,38561.06,38646.72,3140.35,85.66000000000349,16016.859999999999,41.444293332008506,demo,True
2026-05-13 18:00:00,2026-05-13,2026,5,13,18,Wednesday,False,37051.35,37132.18,3028.43,80.83000000000175,14539.119999999999,39.15504018347428,demo,True
2026-05-13 19:00:00,2026-05-13,2026,5,13,19,Wednesday,False,37935.51,38369.08,3152.55,433.5699999999997,14422.43,37.58867817523902,demo,True
2026-05-13 20:00:00,2026-05-13,2026,5,13,20,Wednesday,False,36725.09,36932.04,2910.71,206.95000000000437,15029.03,40.69374451018682,demo,True
2026-05-13 21:00:00,2026-05-13,2026,5,13,21,Wednesday,False,35795.96,36160.22,2911.07,364.26000000000204,14926.51,41.27881412225921,demo,True
2026-05-13 22:00:00,2026-05-13,2026,5,13,22,Wednesday,False,33910.51,34298.95,2888.97,388.43999999999505,13835.310000000001,40.337415576861694,demo,True
2026-05-13 23:00:00,2026-05-13,2026,5,13,23,Wednesday,False,31182.44,31489.42,2723.22,306.97999999999956,14354.630000000001,45.58556492942709,demo,True
2026-05-14 00:00:00,2026-05-14,2026,5,14,0,Thursday,False,28916.61,32228.47,2371.44,3311.8600000000006,15601.19,48.40810004322265,demo,True
2026-05-14 01:00:00,2026-05-14,2026,5,14,1,Thursday,False,28398.59,31641.25,2502.51,3242.66,15278.82,48.2876624659266,demo,True
2026-05-14 02:00:00,2026-05-14,2026,5,14,2,Thursday,False,27261.29,30175.62,2336.98,2914.329999999998,14622.210000000001,48.457032531560245,demo,True
2026-05-14 03:00:00,2026-05-14,2026,5,14,3,Thursday,False,28058.84,29744.36,2547.32,1685.5200000000004,13926.99,46.82228832625748,demo,True
2026-05-14 04:00:00,2026-05-14,2026,5,14,4,Thursday,False,29958.82,31788.17,2739.12,1829.3499999999985,14806.79,46.579560886958895,demo,True
2026-05-14 05:00:00,2026-05-14,2026,5,14,5,Thursday,False,30652.56,30733.62,2394.2,81.05999999999767,13462.199999999999,43.80284522291875,demo,True
2026-05-14 06:00:00,2026-05-14,2026,5,14,6,Thursday,False,33646.48,33943.86,2725.01,297.3799999999974,15348.22,45.216483923749394,demo,True
2026-05-14 07:00:00,2026-05-14,2026,5,14,7,Thursday,False,35542.44,35462.13,2924.28,-80.31000000000495,15415.67,43.470795465472605,demo,True
2026-05-14 08:00:00,2026-05-14,2026,5,14,8,Thursday,False,36064.98,36567.16,2900.93,502.1800000000003,17358.840000000004,47.471118894658495,demo,True
2026-05-14 09:00:00,2026-05-14,2026,5,14,9,Thursday,False,38597.83,38735.63,3165.46,137.79999999999563,16157.419999999998,41.712036179610344,demo,True
2026-05-14 10:00:00,2026-05-14,2026,5,14,10,Thursday,False,39073.16,39235.92,3081.67,162.75999999999476,18186.74,46.35227108221243,demo,True
2026-05-14 11:00:00,2026-05-14,2026,5,14,11,Thursday,False,38895.02,38898.89,3008.56,3.8700000000026193,18504.31,47.570277712294626,demo,True
2026-05-14 12:00:00,2026-05-14,2026,5,14,12,Thursday,False,38264.51,38507.98,2922.79,243.47000000000116,18700.16,48.56177862354763,demo,True
2026-05-14 13:00:00,2026-05-14,2026,5,14,13,Thursday,False,38087.72,38289.43,2907.0,201.70999999999913,18097.410000000003,47.26476732612631,demo,True
2026-05-14 14:00:00,2026-05-14,2026,5,14,14,Thursday,False,38259.47,38837.56,2960.53,578.0899999999965,18137.010000000002,46.69966393357359,demo,True
2026-05-14 15:00:00,2026-05-14,2026,5,14,15,Thursday,False,39069.81,39474.47,3035.65,404.6600000000035,17613.170000000002,44.619142448271,demo,True
2026-05-14 16:00:00,2026-05-14,2026,5,14,16,Thursday,False,38130.87,38288.23,3070.47,157.36000000000058,17025.260000000002,44.46604086947869,demo,True
2026-05-14 17:00:00,2026-05-14,2026,5,14,17,Thursday,False,39132.43,39082.51,3109.74,-49.919999999998254,15545.82,39.776923232412656,demo,True
2026-05-14 18:00:00,2026-05-14,2026,5,14,18,Thursday,False,37718.27,37557.21,3019.16,-161.05999999999767,13239.609999999999,35.25184644972296,demo,True
2026-05-14 19:00:00,2026-05-14,2026,5,14,19,Thursday,False,37777.42,37842.69,2984.94,65.27000000000407,13622.05,35.996516103902756,demo,True
2026-05-14 20:00:00,2026-05-14,2026,5,14,20,Thursday,False,36815.09,36825.47,2958.7,10.380000000004657,13303.96,36.12706097165901,demo,True
2026-05-14 21:00:00,2026-05-14,2026,5,14,21,Thursday,False,36785.68,37098.43,2943.59,312.75,14779.109999999999,39.837561859086755,demo,True
2026-05-14 22:00:00,2026-05-14,2026,5,14,22,Thursday,False,32125.05,32348.96,2651.88,223.90999999999985,13756.130000000001,42.52418006637617,demo,True
2026-05-14 23:00:00,2026-05-14,2026,5,14,23,Thursday,False,32080.91,32334.02,2752.4,253.11000000000058,14902.74,46.0899696356964,demo,True
2026-05-15 00:00:00,2026-05-15,2026,5,15,0,Friday,False,29381.75,30600.14,2663.42,1218.3899999999994,14237.81,46.528577973826266,demo,True
2026-05-15 01:00:00,2026-05-15,2026,5,15,1,Friday,False,28356.8,30491.1,2375.35,2134.2999999999993,14306.0,46.91860903673531,demo,True
2026-05-15 02:00:00,2026-05-15,2026,5,15,2,Friday,False,27723.68,28759.36,2555.06,1035.6800000000003,13166.509999999998,45.781651608380706,demo,True
2026-05-15 03:00:00,2026-05-15,2026,5,15,3,Friday,False,28381.12,30178.82,2544.04,1797.7000000000007,14197.47,47.04448351526004,demo,True
2026-05-15 04:00:00,2026-05-15,2026,5,15,4,Friday,False,29170.95,30196.57,2542.42,1025.619999999999,14156.43,46.88092058137729,demo,True
2026-05-15 05:00:00,2026-05-15,2026,5,15,5,Friday,False,32070.83,32255.05,2841.52,184.21999999999753,14274.27,44.254372571116775,demo,True
2026-05-15 06:00:00,2026-05-15,2026,5,15,6,Friday,False,32772.97,33102.83,2727.0,329.8600000000006,14668.640000000001,44.312344292013705,demo,True
2026-05-15 07:00:00,2026-05-15,2026,5,15,7,Friday,False,35870.82,35764.99,2958.49,-105.83000000000175,15357.23,42.939282242215086,demo,True
2026-05-15 08:00:00,2026-05-15,2026,5,15,8,Friday,False,36292.28,36172.0,2955.91,-120.27999999999884,15569.49,43.04293376092005,demo,True
2026-05-15 09:00:00,2026-05-15,2026,5,15,9,Friday,False,37883.92,38192.83,3028.58,308.9100000000035,16885.3,44.210654198706926,demo,True
2026-05-15 10:00:00,2026-05-15,2026,5,15,10,Friday,False,37843.79,38282.26,3054.34,438.47000000000116,17411.95,45.483077540354195,demo,True
2026-05-15 11:00:00,2026-05-15,2026,5,15,11,Friday,False,39152.19,39359.31,3077.13,207.11999999999534,18578.34,47.20189454540743,demo,True
2026-05-15 12:00:00,2026-05-15,2026,5,15,12,Friday,False,39819.73,40455.87,3181.69,636.1399999999994,17357.96,42.90591204687972,demo,True
2026-05-15 13:00:00,2026-05-15,2026,5,15,13,Friday,False,38645.01,38635.2,3000.86,-9.810000000004948,17349.010000000002,44.90467242307534,demo,True
2026-05-15 14:00:00,2026-05-15,2026,5,15,14,Friday,False,38508.01,38635.62,2980.15,127.61000000000058,18231.62,47.18863059529004,demo,True
2026-05-15 15:00:00,2026-05-15,2026,5,15,15,Friday,False,37919.76,38194.98,2948.05,275.22000000000116,17833.920000000002,46.6917903871137,demo,True
2026-05-15 16:00:00,2026-05-15,2026,5,15,16,Friday,False,38649.3,38982.89,3048.15,333.5899999999965,16413.38,42.10406155110614,demo,True
2026-05-15 17:00:00,2026-05-15,2026,5,15,17,Friday,False,37721.21,37866.11,3138.07,144.90000000000146,15027.109999999999,39.68485276147985,demo,True
2026-05-15 18:00:00,2026-05-15,2026,5,15,18,Friday,False,37958.49,38017.82,3041.27,59.330000000001746,13841.119999999999,36.40692706735946,demo,True
2026-05-15 19:00:00,2026-05-15,2026,5,15,19,Friday,False,38089.02,38450.66,3128.41,361.6400000000067,15117.060000000001,39.315475989228794,demo,True
2026-05-15 20:00:00,2026-05-15,2026,5,15,20,Friday,False,37671.64,37945.63,3082.59,273.98999999999796,14269.880000000001,37.60612223331119,demo,True
2026-05-15 21:00:00,2026-05-15,2026,5,15,21,Friday,False,37050.54,37238.51,2989.46,187.97000000000116,13756.31,36.941085988671404,demo,True
2026-05-15 22:00:00,2026-05-15,2026,5,15,22,Friday,False,32688.56,33028.34,2849.19,339.7799999999952,14933.720000000001,45.21486698998497,demo,True
2026-05-15 23:00:00,2026-05-15,2026,5,15,23,Friday,False,32065.21,32290.66,2763.18,225.45000000000073,14607.38,45.23716765157479,demo,True
2026-05-16 00:00:00,2026-05-16,2026,5,16,0,Saturday,True,26957.49,31261.06,2396.01,4303.57,15041.56,48.115962798446375,demo,True
2026-05-16 01:00:00,2026-05-16,2026,5,16,1,Saturday,True,25473.11,29596.97,2312.44,4123.860000000001,14006.91,47.32548635890768,demo,True
2026-05-16 02:00:00,2026-05-16,2026,5,16,2,Saturday,True,25453.65,31647.04,2318.76,6193.389999999999,15354.460000000001,48.517839267116294,demo,True
2026-05-16 03:00:00,2026-05-16,2026,5,16,3,Saturday,True,25623.15,32574.15,2178.42,6951.0,15970.550000000001,49.02829390789936,demo,True
2026-05-16 04:00:00,2026-05-16,2026,5,16,4,Saturday,True,26865.8,31685.93,2323.29,4820.130000000001,14941.230000000001,47.154146966808305,demo,True
2026-05-16 05:00:00,2026-05-16,2026,5,16,5,Saturday,True,28277.16,30687.65,2513.16,2410.4900000000016,14629.539999999999,47.6724024159556,demo,True
2026-05-16 06:00:00,2026-05-16,2026,5,16,6,Saturday,True,29623.82,30781.14,2400.51,1157.3199999999997,14789.929999999998,48.048675260240515,demo,True
2026-05-16 07:00:00,2026-05-16,2026,5,16,7,Saturday,True,31507.72,32335.14,2571.39,827.4199999999983,15901.82,49.178138706064054,demo,True
2026-05-16 08:00:00,2026-05-16,2026,5,16,8,Saturday,True,34710.6,34963.92,2797.1,253.3199999999997,16316.05,46.66539106599031,demo,True
2026-05-16 09:00:00,2026-05-16,2026,5,16,9,Saturday,True,35242.41,35300.69,3100.52,58.279999999998836,17606.840000000004,49.87675878290199,demo,True
2026-05-16 10:00:00,2026-05-16,2026,5,16,10,Saturday,True,35686.9,36227.89,2931.6,540.989999999998,17690.56,48.83132857033629,demo,True
2026-05-16 11:00:00,2026-05-16,2026,5,16,11,Saturday,True,36349.62,36607.15,2968.8,257.52999999999884,19830.35,54.17070162522894,demo,True
2026-05-16 12:00:00,2026-05-16,2026,5,16,12,Saturday,True,36874.59,36884.27,2826.66,9.680000000000291,19969.109999999997,54.13990842166593,demo,True
2026-05-16 13:00:00,2026-05-16,2026,5,16,13,Saturday,True,36335.42,36868.33,2921.06,532.9100000000035,18959.609999999997,51.425193384132115,demo,True
2026-05-16 14:00:00,2026-05-16,2026,5,16,14,Saturday,True,35696.59,36190.47,2704.92,493.88000000000466,18093.81,49.996062499326484,demo,True
2026-05-16 15:00:00,2026-05-16,2026,5,16,15,Saturday,True,37068.4,37154.82,2914.72,86.41999999999825,18274.109999999997,49.18368599282677,demo,True
2026-05-16 16:00:00,2026-05-16,2026,5,16,16,Saturday,True,37425.24,37617.1,3033.94,191.86000000000058,17192.920000000002,45.7050649837441,demo,True
2026-05-16 17:00:00,2026-05-16,2026,5,16,17,Saturday,True,36692.36,36859.99,2843.49,167.62999999999738,15639.570000000002,42.42966425112976,demo,True
2026-05-16 18:00:00,2026-05-16,2026,5,16,18,Saturday,True,36789.06,36698.96,3038.69,-90.09999999999854,14159.87,38.58384542777234,demo,True
2026-05-16 19:00:00,2026-05-16,2026,5,16,19,Saturday,True,36309.64,36618.08,3000.29,308.4400000000023,15148.65,41.369318107339325,demo,True
2026-05-16 20:00:00,2026-05-16,2026,5,16,20,Saturday,True,35049.4,35451.53,2833.13,402.1299999999974,14705.53,41.48066388107932,demo,True
2026-05-16 21:00:00,2026-05-16,2026,5,16,21,Saturday,True,33023.96,33392.2,2669.48,368.23999999999796,15346.16,45.95731937398555,demo,True
2026-05-16 22:00:00,2026-05-16,2026,5,16,22,Saturday,True,31028.01,31283.91,2545.64,255.90000000000146,15486.829999999998,49.5041380696978,demo,True
2026-05-16 23:00:00,2026-05-16,2026,5,16,23,Saturday,True,28934.26,31104.57,2474.55,2170.3100000000013,14912.949999999999,47.94456248712006,demo,True
2026-05-17 00:00:00,2026-05-17,2026,5,17,0,Sunday,True,26028.72,31735.94,2302.41,5707.2199999999975,15897.910000000002,50.09434099005734,demo,True
2026-05-17 01:00:00,2026-05-17,2026,5,17,1,Sunday,True,26079.49,32348.4,2381.97,6268.91,16093.9,49.751765156854745,demo,True
2026-05-17 02:00:00,2026-05-17,2026,5,17,2,Sunday,True,24211.76,32026.29,2182.41,7814.5300000000025,16065.259999999998,50.16272568567885,demo,True
2026-05-17 03:00:00,2026-05-17,2026,5,17,3,Sunday,True,25033.59,32891.03,2415.41,7857.439999999999,16710.2,50.80473308376175,demo,True
2026-05-17 04:00:00,2026-05-17,2026,5,17,4,Sunday,True,27711.02,31206.41,2568.64,3495.3899999999994,15558.95,49.85818618674817,demo,True
2026-05-17 05:00:00,2026-05-17,2026,5,17,5,Sunday,True,29161.15,32413.27,2527.07,3252.119999999999,16116.430000000002,49.721703487491396,demo,True
2026-05-17 06:00:00,2026-05-17,2026,5,17,6,Sunday,True,31653.68,31868.99,2636.25,215.3100000000013,14736.29,46.24021658671956,demo,True
2026-05-17 07:00:00,2026-05-17,2026,5,17,7,Sunday,True,32408.09,33054.29,2606.74,646.2000000000007,17835.37,53.957806989652475,demo,True
2026-05-17 08:00:00,2026-05-17,2026,5,17,8,Sunday,True,33456.76,33730.09,2751.82,273.32999999999447,17674.82,52.40074959776272,demo,True
2026-05-17 09:00:00,2026-05-17,2026,5,17,9,Sunday,True,35277.79,35465.15,2854.06,187.36000000000058,19276.7,54.35392208971342,demo,True
2026-05-17 10:00:00,2026-05-17,2026,5,17,10,Sunday,True,36185.59,36465.58,2844.37,279.99000000000524,19678.01,53.96324424292715,demo,True
2026-05-17 11:00:00,2026-05-17,2026,5,17,11,Sunday,True,36408.96,37028.95,2825.97,619.989999999998,20690.74,55.87719878635501,demo,True
2026-05-17 12:00:00,2026-05-17,2026,5,17,12,Sunday,True,37121.72,37503.56,2947.76,381.8399999999965,20127.539999999997,53.66834508510659,demo,True
2026-05-17 13:00:00,2026-05-17,2026,5,17,13,Sunday,True,35966.27,36345.89,2867.69,379.6200000000026,19038.46,52.381328397791336,demo,True
2026-05-17 14:00:00,2026-05-17,2026,5,17,14,Sunday,True,36412.26,36661.22,2819.07,248.95999999999913,20012.22,54.586890452636325,demo,True
2026-05-17 15:00:00,2026-05-17,2026,5,17,15,Sunday,True,35527.96,35661.01,2862.99,133.0500000000029,17892.930000000004,50.17505112726758,demo,True
2026-05-17 16:00:00,2026-05-17,2026,5,17,16,Sunday,True,36645.03,36951.03,2859.96,306.0,18530.420000000002,50.1485885508469,demo,True
2026-05-17 17:00:00,2026-05-17,2026,5,17,17,Sunday,True,36358.35,36448.57,2853.26,90.22000000000116,17120.379999999997,46.97133522659462,demo,True
2026-05-17 18:00:00,2026-05-17,2026,5,17,18,Sunday,True,35592.63,35848.85,2886.5,256.22000000000116,16421.309999999998,45.80707609867541,demo,True
2026-05-17 19:00:00,2026-05-17,2026,5,17,19,Sunday,True,35285.19,35507.86,2820.44,222.66999999999825,16157.18,45.50310832587489,demo,True
2026-05-17 20:00:00,2026-05-17,2026,5,17,20,Sunday,True,34139.41,34862.79,2733.98,723.3799999999974,16321.85,46.81739470650513,demo,True
2026-05-17 21:00:00,2026-05-17,2026,5,17,21,Sunday,True,32414.98,32444.11,2781.45,29.13000000000102,16012.77,49.35493684369828,demo,True
2026-05-17 22:00:00,2026-05-17,2026,5,17,22,Sunday,True,31859.11,31642.75,2611.06,-216.36000000000058,16087.820000000002,50.84204122587323,demo,True
2026-05-17 23:00:00,2026-05-17,2026,5,17,23,Sunday,True,28511.58,32382.52,2631.63,3870.9399999999987,16302.760000000002,50.344321566079486,demo,True
2026-05-18 00:00:00,2026-05-18,2026,5,18,0,Monday,False,29136.13,32475.48,2564.28,3339.3499999999985,15987.4,49.22914149382858,demo,True
2026-05-18 01:00:00,2026-05-18,2026,5,18,1,Monday,False,26630.76,32716.82,2292.97,6086.060000000001,16258.350000000002,49.69416343030894,demo,True
2026-05-18 02:00:00,2026-05-18,2026,5,18,2,Monday,False,27044.89,32840.08,2496.68,5795.190000000002,16193.369999999999,49.30977634646444,demo,True
2026-05-18 03:00:00,2026-05-18,2026,5,18,3,Monday,False,27915.66,32642.82,2372.12,4727.16,16262.88,49.8206956384283,demo,True
2026-05-18 04:00:00,2026-05-18,2026,5,18,4,Monday,False,28828.43,33195.63,2678.94,4367.199999999997,15849.67,47.74625455218052,demo,True
2026-05-18 05:00:00,2026-05-18,2026,5,18,5,Monday,False,32050.19,32473.52,2687.56,423.33000000000175,16030.47,49.36474395137946,demo,True
2026-05-18 06:00:00,2026-05-18,2026,5,18,6,Monday,False,33007.04,34310.43,2757.12,1303.3899999999994,17503.07,51.01384622693449,demo,True
2026-05-18 07:00:00,2026-05-18,2026,5,18,7,Monday,False,36010.17,36453.75,2891.2,443.58000000000175,17817.569999999996,48.87719370435139,demo,True
2026-05-18 08:00:00,2026-05-18,2026,5,18,8,Monday,False,36816.53,37073.81,2954.78,257.27999999999884,18222.28,49.15135509406775,demo,True
2026-05-18 09:00:00,2026-05-18,2026,5,18,9,Monday,False,37982.16,38399.31,2955.49,417.1499999999942,19907.730000000003,51.84397844648772,demo,True
2026-05-18 10:00:00,2026-05-18,2026,5,18,10,Monday,False,38562.01,38757.62,2955.23,195.61000000000058,18402.12,47.48000522219888,demo,True
2026-05-18 11:00:00,2026-05-18,2026,5,18,11,Monday,False,38866.33,39403.35,3083.45,537.0199999999968,18844.489999999998,47.82458851848891,demo,True
2026-05-18 12:00:00,2026-05-18,2026,5,18,12,Monday,False,40041.3,40376.07,3197.47,334.7699999999968,20017.180000000004,49.57684093573249,demo,True
2026-05-18 13:00:00,2026-05-18,2026,5,18,13,Monday,False,37105.44,37215.07,2821.37,109.62999999999738,19260.04,51.75333540955317,demo,True
2026-05-18 14:00:00,2026-05-18,2026,5,18,14,Monday,False,37274.75,37636.2,3085.59,361.4499999999971,18988.19,50.451931916612196,demo,True
2026-05-18 15:00:00,2026-05-18,2026,5,18,15,Monday,False,38349.78,38604.65,3071.06,254.87000000000262,18876.47,48.896881593279566,demo,True
2026-05-18 16:00:00,2026-05-18,2026,5,18,16,Monday,False,38849.98,39063.52,3023.67,213.5399999999936,18067.010000000002,46.25033791117647,demo,True
2026-05-18 17:00:00,2026-05-18,2026,5,18,17,Monday,False,39349.24,39616.53,3090.94,267.2900000000009,15978.8,40.333668799362286,demo,True
2026-05-18 18:00:00,2026-05-18,2026,5,18,18,Monday,False,38958.66,39343.89,3275.48,385.2299999999959,16020.02,40.717936126803934,demo,True
2026-05-18 19:00:00,2026-05-18,2026,5,18,19,Monday,False,37691.3,37560.14,3116.43,-131.1600000000035,15618.179999999998,41.581793891077076,demo,True
2026-05-18 20:00:00,2026-05-18,2026,5,18,20,Monday,False,37491.66,37678.49,3128.33,186.82999999999447,15411.369999999999,40.902302613507075,demo,True
2026-05-18 21:00:00,2026-05-18,2026,5,18,21,Monday,False,35835.23,36208.11,2903.55,372.8799999999974,15248.119999999999,42.11244386961926,demo,True
2026-05-18 22:00:00,2026-05-18,2026,5,18,22,Monday,False,33258.01,33552.69,2788.71,294.6800000000003,16319.669999999998,48.63893178162465,demo,True
2026-05-18 23:00:00,2026-05-18,2026,5,18,23,Monday,False,31764.36,31811.61,2682.11,47.25,15741.060000000001,49.48212303621226,demo,True
2026-05-19 00:00:00,2026-05-19,2026,5,19,0,Tuesday,False,29507.71,33565.15,2506.0,4057.4400000000023,16840.4,50.17227690029689,demo,True
2026-05-19 01:00:00,2026-05-19,2026,5,19,1,Tuesday,False,27715.94,31203.77,2455.16,3487.8300000000017,14667.77,47.00640339292335,demo,True
2026-05-19 02:00:00,2026-05-19,2026,5,19,2,Tuesday,False,28169.31,31025.74,2552.16,2856.4300000000003,15382.35,49.57931704449273,demo,True
2026-05-19 03:00:00,2026-05-19,2026,5,19,3,Tuesday,False,28187.24,31253.24,2595.18,3066.0,15585.420000000002,49.868173667754135,demo,True
2026-05-19 04:00:00,2026-05-19,2026,5,19,4,Tuesday,False,29319.46,30705.31,2499.45,1385.8500000000022,14935.519999999999,48.64148904538009,demo,True
2026-05-19 05:00:00,2026-05-19,2026,5,19,5,Tuesday,False,32124.06,32231.21,2567.9,107.14999999999782,15229.02,47.24929656689898,demo,True
2026-05-19 06:00:00,2026-05-19,2026,5,19,6,Tuesday,False,31416.89,31387.3,2790.34,-29.590000000000146,15044.22,47.93091473302896,demo,True
2026-05-19 07:00:00,2026-05-19,2026,5,19,7,Tuesday,False,34125.88,34292.69,2969.81,166.81000000000495,14998.829999999998,43.73768870275268,demo,True
2026-05-19 08:00:00,2026-05-19,2026,5,19,8,Tuesday,False,35952.38,36195.68,2972.64,243.3000000000029,15035.48,41.53943233004602,demo,True
2026-05-19 09:00:00,2026-05-19,2026,5,19,9,Tuesday,False,37711.82,38042.94,3133.44,331.1200000000026,19132.68,50.29232756458885,demo,True
2026-05-19 10:00:00,2026-05-19,2026,5,19,10,Tuesday,False,38455.94,38505.98,3049.54,50.04000000000087,18979.04,49.288552063861246,demo,True
2026-05-19 11:00:00,2026-05-19,2026,5,19,11,Tuesday,False,37818.54,38100.58,2882.82,282.0400000000009,19887.64,52.19773557252934,demo,True
2026-05-19 12:00:00,2026-05-19,2026,5,19,12,Tuesday,False,38158.53,38440.5,2894.21,281.97000000000116,18474.37,48.059650628894005,demo,True
2026-05-19 13:00:00,2026-05-19,2026,5,19,13,Tuesday,False,38136.57,38564.05,2904.76,427.4800000000032,17838.829999999998,46.25766743897489,demo,True
2026-05-19 14:00:00,2026-05-19,2026,5,19,14,Tuesday,False,40406.03,40600.8,3158.65,194.77000000000407,18217.77,44.870470532600336,demo,True
2026-05-19 15:00:00,2026-05-19,2026,5,19,15,Tuesday,False,40001.22,40330.91,3108.6,329.6900000000023,17256.11,42.786314516582934,demo,True
2026-05-19 16:00:00,2026-05-19,2026,5,19,16,Tuesday,False,38561.58,38863.5,3014.46,301.91999999999825,16895.989999999998,43.47521453291648,demo,True
2026-05-19 17:00:00,2026-05-19,2026,5,19,17,Tuesday,False,38621.66,39029.27,3074.26,407.6099999999933,16186.810000000001,41.47351462120609,demo,True
2026-05-19 18:00:00,2026-05-19,2026,5,19,18,Tuesday,False,37833.06,37935.47,3123.96,102.41000000000349,15395.08,40.58228354624313,demo,True
2026-05-19 19:00:00,2026-05-19,2026,5,19,19,Tuesday,False,36634.58,36331.82,2931.56,-302.76000000000204,14746.24,40.587672183777194,demo,True
2026-05-19 20:00:00,2026-05-19,2026,5,19,20,Tuesday,False,36706.52,36913.88,2924.31,207.36000000000058,14774.359999999999,40.0238609433633,demo,True
2026-05-19 21:00:00,2026-05-19,2026,5,19,21,Tuesday,False,34425.59,34634.02,2822.6,208.4300000000003,13730.75,39.645267860906706,demo,True
2026-05-19 22:00:00,2026-05-19,2026,5,19,22,Tuesday,False,33079.77,33121.42,2837.12,41.650000000001455,14911.900000000001,45.021922369270406,demo,True
2026-05-19 23:00:00,2026-05-19,2026,5,19,23,Tuesday,False,29980.35,29958.9,2564.78,-21.44999999999709,14030.95,46.833995907726916,demo,True
2026-05-20 00:00:00,2026-05-20,2026,5,20,0,Wednesday,False,28793.48,29645.43,2534.55,851.9500000000007,13733.480000000001,46.32579119277407,demo,True
2026-05-20 01:00:00,2026-05-20,2026,5,20,1,Wednesday,False,28223.02,30346.64,2607.92,2123.619999999999,14484.67,47.73072076513248,demo,True
2026-05-20 02:00:00,2026-05-20,2026,5,20,2,Wednesday,False,27947.18,29428.3,2725.81,1481.119999999999,13334.4,45.31148588263678,demo,True
2026-05-20 03:00:00,2026-05-20,2026,5,20,3,Wednesday,False,28412.04,29322.09,2538.24,910.0499999999993,13909.26,47.43611386500758,demo,True
2026-05-20 04:00:00,2026-05-20,2026,5,20,4,Wednesday,False,28404.18,28587.4,2537.9,183.22000000000116,13193.249999999998,46.15057682755339,demo,True
2026-05-20 05:00:00,2026-05-20,2026,5,20,5,Wednesday,False,31701.28,32154.6,2574.91,453.3199999999997,14334.0,44.57838069825157,demo,True
2026-05-20 06:00:00,2026-05-20,2026,5,20,6,Wednesday,False,32582.35,32798.22,2783.43,215.87000000000262,13670.55,41.68076804168031,demo,True
2026-05-20 07:00:00,2026-05-20,2026,5,20,7,Wednesday,False,35571.26,35820.82,2900.44,249.55999999999767,15943.34,44.50858467226602,demo,True
2026-05-20 08:00:00,2026-05-20,2026,5,20,8,Wednesday,False,36785.89,36795.9,3053.71,10.010000000002037,15760.029999999999,42.83094040368628,demo,True
2026-05-20 09:00:00,2026-05-20,2026,5,20,9,Wednesday,False,37012.63,37261.84,2933.39,249.20999999999913,16876.17,45.290758588411094,demo,True
2026-05-20 10:00:00,2026-05-20,2026,5,20,10,Wednesday,False,38422.83,38605.21,3086.33,182.37999999999738,16268.98,42.1419285117216,demo,True
2026-05-20 11:00:00,2026-05-20,2026,5,20,11,Wednesday,False,39139.43,39278.09,3136.87,138.65999999999622,17970.780000000002,45.75268298433046,demo,True
2026-05-20 12:00:00,2026-05-20,2026,5,20,12,Wednesday,False,39287.22,39274.09,3282.7,-13.130000000004657,16773.839999999997,42.70968468015426,demo,True
2026-05-20 13:00:00,2026-05-20,2026,5,20,13,Wednesday,False,38650.47,38744.14,3202.17,93.66999999999825,17398.519999999997,44.90619742753355,demo,True
2026-05-20 14:00:00,2026-05-20,2026,5,20,14,Wednesday,False,39768.08,40373.04,3262.43,604.9599999999991,16654.399999999998,41.25129046512226,demo,True
2026-05-20 15:00:00,2026-05-20,2026,5,20,15,Wednesday,False,39455.25,39642.35,3198.88,187.09999999999854,16230.43,40.942148989653745,demo,True
2026-05-20 16:00:00,2026-05-20,2026,5,20,16,Wednesday,False,38680.15,39072.28,3075.43,392.1299999999974,14688.740000000002,37.59376212496431,demo,True
2026-05-20 17:00:00,2026-05-20,2026,5,20,17,Wednesday,False,39411.26,39625.9,3247.62,214.63999999999942,13324.669999999998,33.62616369596652,demo,True
2026-05-20 18:00:00,2026-05-20,2026,5,20,18,Wednesday,False,40001.16,40194.97,3143.1,193.80999999999767,13635.089999999998,33.922378844915166,demo,True
2026-05-20 19:00:00,2026-05-20,2026,5,20,19,Wednesday,False,39352.61,39488.13,3161.41,135.5199999999968,13224.090000000002,33.48877244883463,demo,True
2026-05-20 20:00:00,2026-05-20,2026,5,20,20,Wednesday,False,35938.73,36430.95,3134.47,492.2199999999939,13126.240000000002,36.0304631089774,demo,True
2026-05-20 21:00:00,2026-05-20,2026,5,20,21,Wednesday,False,34485.52,34802.67,2935.31,317.15000000000146,12917.330000000002,37.115916681105226,demo,True
2026-05-20 22:00:00,2026-05-20,2026,5,20,22,Wednesday,False,34188.61,34296.48,2884.16,107.87000000000262,13064.34,38.092363997704716,demo,True
2026-05-20 23:00:00,2026-05-20,2026,5,20,23,Wednesday,False,30369.7,30548.76,2677.58,179.05999999999767,11991.33,39.25308261284582,demo,True
2026-05-21 00:00:00,2026-05-21,2026,5,21,0,Thursday,False,28411.08,29435.23,2494.55,1024.1499999999978,13019.56,44.231215451688335,demo,True
2026-05-21 01:00:00,2026-05-21,2026,5,21,1,Thursday,False,27788.64,29510.02,2273.74,1721.380000000001,13094.63,44.37350432158297,demo,True
2026-05-21 02:00:00,2026-05-21,2026,5,21,2,Thursday,False,27994.99,29780.21,2376.49,1785.2199999999975,12739.14,42.77720002646053,demo,True
2026-05-21 03:00:00,2026-05-21,2026,5,21,3,Thursday,False,28058.13,28627.44,2532.0,569.3099999999977,12953.83,45.24969749303466,demo,True
2026-05-21 04:00:00,2026-05-21,2026,5,21,4,Thursday,False,28883.13,28998.18,2461.49,115.04999999999927,12188.970000000001,42.033569003296066,demo,True
2026-05-21 05:00:00,2026-05-21,2026,5,21,5,Thursday,False,30641.05,30918.87,2618.01,277.8199999999997,13584.97,43.93747248848357,demo,True
2026-05-21 06:00:00,2026-05-21,2026,5,21,6,Thursday,False,32653.86,32994.28,2661.23,340.41999999999825,12927.060000000001,39.17970023895052,demo,True
2026-05-21 07:00:00,2026-05-21,2026,5,21,7,Thursday,False,34522.6,34550.99,2809.43,28.389999999999418,13555.46,39.23320286915079,demo,True
2026-05-21 08:00:00,2026-05-21,2026,5,21,8,Thursday,False,38400.48,38802.02,3093.3,401.5399999999936,14874.86,38.3352722358269,demo,True
2026-05-21 09:00:00,2026-05-21,2026,5,21,9,Thursday,False,38194.36,38497.88,3157.07,303.5199999999968,15221.509999999998,39.53856679900296,demo,True
2026-05-21 10:00:00,2026-05-21,2026,5,21,10,Thursday,False,39274.9,39497.36,3242.62,222.45999999999913,15160.6,38.3838312231501,demo,True
2026-05-21 11:00:00,2026-05-21,2026,5,21,11,Thursday,False,38551.32,38820.2,3014.79,268.8799999999974,16050.37,41.34540780315403,demo,True
2026-05-21 12:00:00,2026-05-21,2026,5,21,12,Thursday,False,38737.97,39115.26,3116.61,377.2900000000009,16293.11,41.65410123823796,demo,True
2026-05-21 13:00:00,2026-05-21,2026,5,21,13,Thursday,False,38259.68,38926.58,2911.9,666.9000000000015,17466.45,44.87024033449637,demo,True
2026-05-21 14:00:00,2026-05-21,2026,5,21,14,Thursday,False,36849.64,37209.43,2979.21,359.7900000000009,16085.08,43.22850417219506,demo,True
2026-05-21 15:00:00,2026-05-21,2026,5,21,15,Thursday,False,37795.39,38191.29,3117.73,395.90000000000146,16193.7,42.40155281479102,demo,True
2026-05-21 16:00:00,2026-05-21,2026,5,21,16,Thursday,False,37602.37,37887.21,3036.38,284.8399999999965,14922.789999999999,39.38740804614539,demo,True
2026-05-21 17:00:00,2026-05-21,2026,5,21,17,Thursday,False,37321.32,37913.62,3146.4,592.3000000000029,14877.31,39.24001453831103,demo,True
2026-05-21 18:00:00,2026-05-21,2026,5,21,18,Thursday,False,37820.75,37806.87,3173.02,-13.87999999999738,12554.27,33.206319380578186,demo,True
2026-05-21 19:00:00,2026-05-21,2026,5,21,19,Thursday,False,38917.74,38855.0,3177.16,-62.73999999999796,13046.139999999998,33.576476643932565,demo,True
2026-05-21 20:00:00,2026-05-21,2026,5,21,20,Thursday,False,36777.23,37054.77,2997.8,277.5399999999936,13364.779999999999,36.06763717599651,demo,True
2026-05-21 21:00:00,2026-05-21,2026,5,21,21,Thursday,False,36047.49,36416.31,2907.92,368.8199999999997,14389.65,39.514300048522216,demo,True
2026-05-21 22:00:00,2026-05-21,2026,5,21,22,Thursday,False,33446.85,33233.42,2673.16,-213.4300000000003,13540.32,40.743083317937185,demo,True
2026-05-21 23:00:00,2026-05-21,2026,5,21,23,Thursday,False,31668.29,31917.67,2580.85,249.37999999999738,13421.090000000002,42.04909067610512,demo,True
2026-05-22 00:00:00,2026-05-22,2026,5,22,0,Friday,False,28716.23,30118.07,2609.9,1401.8400000000001,13296.4,44.14758316186927,demo,True
2026-05-22 01:00:00,2026-05-22,2026,5,22,1,Friday,False,28505.74,30389.89,2629.19,1884.1499999999978,14103.449999999999,46.40836146494772,demo,True
2026-05-22 02:00:00,2026-05-22,2026,5,22,2,Friday,False,28220.93,28548.11,2399.42,327.1800000000003,12456.78,43.6343421683607,demo,True
2026-05-22 03:00:00,2026-05-22,2026,5,22,3,Friday,False,27736.16,28920.88,2468.8,1184.7200000000012,12924.649999999998,44.68968440794332,demo,True
2026-05-22 04:00:00,2026-05-22,2026,5,22,4,Friday,False,29740.21,29795.79,2423.89,55.580000000001746,13625.79,45.73058811328715,demo,True
2026-05-22 05:00:00,2026-05-22,2026,5,22,5,Friday,False,31519.33,31624.11,2603.86,104.77999999999884,13182.279999999999,41.68427190520144,demo,True
2026-05-22 06:00:00,2026-05-22,2026,5,22,6,Friday,False,32777.81,33160.82,2792.74,383.01000000000204,13426.550000000001,40.489197794264435,demo,True
2026-05-22 07:00:00,2026-05-22,2026,5,22,7,Friday,False,34362.32,34679.76,2815.77,317.4400000000023,13747.0,39.639836031160534,demo,True
2026-05-22 08:00:00,2026-05-22,2026,5,22,8,Friday,False,35984.44,36122.71,2732.81,138.2699999999968,16713.239999999998,46.26795719368784,demo,True
2026-05-22 09:00:00,2026-05-22,2026,5,22,9,Friday,False,38056.65,38332.67,3213.14,276.0199999999968,15588.82,40.667190675734304,demo,True
2026-05-22 10:00:00,2026-05-22,2026,5,22,10,Friday,False,38893.07,38952.63,3068.41,59.55999999999767,17600.2,45.18359864276174,demo,True
2026-05-22 11:00:00,2026-05-22,2026,5,22,11,Friday,False,38348.9,38967.84,2935.54,618.939999999995,18050.39,46.32124849619584,demo,True
2026-05-22 12:00:00,2026-05-22,2026,5,22,12,Friday,False,38896.75,39250.13,3080.95,353.3799999999974,17937.159999999996,45.6996193388404,demo,True
2026-05-22 13:00:00,2026-05-22,2026,5,22,13,Friday,False,39168.54,39560.05,3095.45,391.51000000000204,17041.63,43.07787780854675,demo,True
2026-05-22 14:00:00,2026-05-22,2026,5,22,14,Friday,False,39148.57,39646.39,3144.0,497.8199999999997,16828.879999999997,42.44744603480922,demo,True
2026-05-22 15:00:00,2026-05-22,2026,5,22,15,Friday,False,39856.31,40289.24,3112.53,432.9300000000003,17208.31,42.71192506982014,demo,True
2026-05-22 16:00:00,2026-05-22,2026,5,22,16,Friday,False,39773.69,40029.37,3183.91,255.6800000000003,16121.71,40.27470329910263,demo,True
2026-05-22 17:00:00,2026-05-22,2026,5,22,17,Friday,False,38205.27,38421.97,3165.84,216.70000000000437,14840.58,38.62524487942706,demo,True
2026-05-22 18:00:00,2026-05-22,2026,5,22,18,Friday,False,39846.01,40327.9,3088.79,481.8899999999994,13487.0,33.443348153511586,demo,True
2026-05-22 19:00:00,2026-05-22,2026,5,22,19,Friday,False,37628.58,37883.36,2989.55,254.77999999999884,14483.679999999998,38.2323004084115,demo,True
2026-05-22 20:00:00,2026-05-22,2026,5,22,20,Friday,False,37549.74,37664.92,3130.24,115.18000000000029,14018.33,37.218531195605884,demo,True
2026-05-22 21:00:00,2026-05-22,2026,5,22,21,Friday,False,35201.68,35805.68,2854.58,604.0,14418.85,40.26972815486258,demo,True
2026-05-22 22:00:00,2026-05-22,2026,5,22,22,Friday,False,32880.66,32962.2,2725.37,81.5399999999936,15337.79,46.53145117740928,demo,True
2026-05-22 23:00:00,2026-05-22,2026,5,22,23,Friday,False,29865.11,31305.93,2523.41,1440.8199999999997,14616.91,46.6905471263751,demo,True
2026-05-23 00:00:00,2026-05-23,2026,5,23,0,Saturday,True,26736.77,30127.28,2349.92,3390.5099999999984,14370.01,47.697668027116954,demo,True
2026-05-23 01:00:00,2026-05-23,2026,5,23,1,Saturday,True,24557.41,31675.81,2236.33,7118.4000000000015,14478.590000000002,45.70866538219544,demo,True
2026-05-23 02:00:00,2026-05-23,2026,5,23,2,Saturday,True,25897.94,30931.9,2231.41,5033.960000000003,14568.710000000001,47.09930524798024,demo,True
2026-05-23 03:00:00,2026-05-23,2026,5,23,3,Saturday,True,26711.57,30862.05,2428.23,4150.48,14647.679999999998,47.46178559104142,demo,True
2026-05-23 04:00:00,2026-05-23,2026,5,23,4,Saturday,True,26300.69,30937.5,2461.04,4636.810000000001,14633.66,47.30071919191919,demo,True
2026-05-23 05:00:00,2026-05-23,2026,5,23,5,Saturday,True,28844.38,30613.5,2502.27,1769.119999999999,13919.859999999999,45.46967840985185,demo,True
2026-05-23 06:00:00,2026-05-23,2026,5,23,6,Saturday,True,30164.73,31121.12,2665.34,956.3899999999994,14634.64,47.02478574035896,demo,True
2026-05-23 07:00:00,2026-05-23,2026,5,23,7,Saturday,True,32218.32,32923.14,2628.25,704.8199999999997,16440.66,49.93648843943804,demo,True
2026-05-23 08:00:00,2026-05-23,2026,5,23,8,Saturday,True,34865.48,35083.11,2771.09,217.62999999999738,17391.03,49.57094738750356,demo,True
2026-05-23 09:00:00,2026-05-23,2026,5,23,9,Saturday,True,35479.12,36159.21,2860.53,680.0899999999965,19515.0,53.96965254495328,demo,True
2026-05-23 10:00:00,2026-05-23,2026,5,23,10,Saturday,True,37391.92,37624.76,2974.11,232.84000000000378,19936.29,52.987155266904026,demo,True
2026-05-23 11:00:00,2026-05-23,2026,5,23,11,Saturday,True,36076.11,36397.55,2839.51,321.4400000000023,19993.98,54.932213844063675,demo,True
2026-05-23 12:00:00,2026-05-23,2026,5,23,12,Saturday,True,37087.68,37634.56,2971.11,546.8799999999974,20408.93,54.22922441500579,demo,True
2026-05-23 13:00:00,2026-05-23,2026,5,23,13,Saturday,True,36347.35,36773.91,2761.4,426.56000000000495,19536.36,53.12559910001411,demo,True
2026-05-23 14:00:00,2026-05-23,2026,5,23,14,Saturday,True,36782.88,37270.79,2879.74,487.9100000000035,19485.2,52.28008314285798,demo,True
2026-05-23 15:00:00,2026-05-23,2026,5,23,15,Saturday,True,35966.99,36055.07,2933.48,88.08000000000175,19652.210000000003,54.50609304045174,demo,True
2026-05-23 16:00:00,2026-05-23,2026,5,23,16,Saturday,True,36355.12,36826.19,2992.4,471.0699999999997,18082.659999999996,49.102717386729374,demo,True
2026-05-23 17:00:00,2026-05-23,2026,5,23,17,Saturday,True,36335.32,36615.85,2989.43,280.52999999999884,17484.28,47.75057796009106,demo,True
2026-05-23 18:00:00,2026-05-23,2026,5,23,18,Saturday,True,35592.26,35708.02,2991.85,115.75999999999476,15690.79,43.94192117065018,demo,True
2026-05-23 19:00:00,2026-05-23,2026,5,23,19,Saturday,True,35973.72,36263.67,2894.21,289.9499999999971,15583.739999999998,42.97342216052594,demo,True
2026-05-23 20:00:00,2026-05-23,2026,5,23,20,Saturday,True,34783.51,35067.75,2697.15,284.23999999999796,15654.15,44.63973308809376,demo,True
2026-05-23 21:00:00,2026-05-23,2026,5,23,21,Saturday,True,33079.58,33665.84,2704.78,586.2599999999948,16414.899999999998,48.758325947013354,demo,True
2026-05-23 22:00:00,2026-05-23,2026,5,23,22,Saturday,True,31755.04,32073.68,2707.93,318.6399999999994,15846.219999999998,49.405680919682425,demo,True
2026-05-23 23:00:00,2026-05-23,2026,5,23,23,Saturday,True,29655.04,31236.92,2591.04,1581.8799999999974,16151.11,51.70519372588591,demo,True
2026-05-24 00:00:00,2026-05-24,2026,5,24,0,Sunday,True,26604.4,31532.01,2338.96,4927.609999999997,14726.08,46.702002187618234,demo,True
2026-05-24 01:00:00,2026-05-24,2026,5,24,1,Sunday,True,25920.12,32486.02,2223.4,6565.9000000000015,16943.23,52.155450252139225,demo,True
2026-05-24 02:00:00,2026-05-24,2026,5,24,2,Sunday,True,24794.31,32124.96,2185.1,7330.649999999998,16081.7,50.059828868269406,demo,True
2026-05-24 03:00:00,2026-05-24,2026,5,24,3,Sunday,True,25676.16,31962.64,2243.93,6286.48,16863.88,52.761223728703264,demo,True
2026-05-24 04:00:00,2026-05-24,2026,5,24,4,Sunday,True,26448.7,33483.99,2179.59,7035.289999999997,16949.95,50.621058004138696,demo,True
2026-05-24 05:00:00,2026-05-24,2026,5,24,5,Sunday,True,29777.05,33636.91,2487.15,3859.860000000004,16969.44,50.44886703326791,demo,True
2026-05-24 06:00:00,2026-05-24,2026,5,24,6,Sunday,True,30937.09,33636.38,2586.85,2699.2899999999972,17730.89,52.71343111238487,demo,True
2026-05-24 07:00:00,2026-05-24,2026,5,24,7,Sunday,True,32515.64,32632.83,2669.86,117.19000000000233,16768.269999999997,51.384663849258544,demo,True
2026-05-24 08:00:00,2026-05-24,2026,5,24,8,Sunday,True,35168.87,36566.69,2777.68,1397.8199999999997,19687.909999999996,53.84110511506509,demo,True
2026-05-24 09:00:00,2026-05-24,2026,5,24,9,Sunday,True,33996.67,36083.64,2669.86,2086.970000000001,19996.960000000003,55.41835579780754,demo,True
2026-05-24 10:00:00,2026-05-24,2026,5,24,10,Sunday,True,34774.29,37087.68,2733.47,2313.3899999999994,20004.33,53.93793842052132,demo,True
2026-05-24 11:00:00,2026-05-24,2026,5,24,11,Sunday,True,36980.76,37125.13,2836.65,144.36999999999534,21073.000000000004,56.762090799412704,demo,True
2026-05-24 12:00:00,2026-05-24,2026,5,24,12,Sunday,True,36440.47,36467.87,2941.25,27.400000000001455,19612.66,53.780656780886844,demo,True
2026-05-24 13:00:00,2026-05-24,2026,5,24,13,Sunday,True,36464.48,37370.7,2866.75,906.2199999999939,20752.11,55.53042891891241,demo,True
2026-05-24 14:00:00,2026-05-24,2026,5,24,14,Sunday,True,35307.36,37300.32,3086.08,1992.9599999999991,20826.23,55.83391777872147,demo,True
2026-05-24 15:00:00,2026-05-24,2026,5,24,15,Sunday,True,36273.73,36513.22,2860.89,239.48999999999796,18478.710000000003,50.60827283926206,demo,True
2026-05-24 16:00:00,2026-05-24,2026,5,24,16,Sunday,True,37802.26,38094.26,3020.6,292.0,18934.579999999998,49.704548664286946,demo,True
2026-05-24 17:00:00,2026-05-24,2026,5,24,17,Sunday,True,37003.11,37205.38,2920.25,202.2699999999968,17912.86,48.14588642825312,demo,True
2026-05-24 18:00:00,2026-05-24,2026,5,24,18,Sunday,True,36306.29,36330.61,2874.15,24.31999999999971,17781.74,48.94423737999445,demo,True
2026-05-24 19:00:00,2026-05-24,2026,5,24,19,Sunday,True,35212.93,35648.46,3014.71,435.52999999999884,15920.380000000001,44.6593765901809,demo,True
2026-05-24 20:00:00,2026-05-24,2026,5,24,20,Sunday,True,34062.13,34465.37,2859.28,403.24000000000524,17425.75,50.56017097741878,demo,True
2026-05-24 21:00:00,2026-05-24,2026,5,24,21,Sunday,True,31183.65,31308.64,2445.66,124.98999999999796,16169.520000000002,51.64555215429352,demo,True
2026-05-24 22:00:00,2026-05-24,2026,5,24,22,Sunday,True,30869.51,32686.79,2498.6,1817.2800000000025,16679.53,51.028351208546326,demo,True
2026-05-24 23:00:00,2026-05-24,2026,5,24,23,Sunday,True,29242.33,32268.83,2496.93,3026.5,16094.52,49.876366760121144,demo,True
2026-05-25 00:00:00,2026-05-25,2026,5,25,0,Monday,False,28273.93,31945.99,2403.29,3672.0600000000013,16211.960000000001,50.748028156272504,demo,True
2026-05-25 01:00:00,2026-05-25,2026,5,25,1,Monday,False,27705.99,32140.24,2272.63,4434.25,16779.61,52.20748196030895,demo,True
2026-05-25 02:00:00,2026-05-25,2026,5,25,2,Monday,False,26930.61,32410.62,2403.09,5480.009999999998,15673.72,48.35982773547683,demo,True
2026-05-25 03:00:00,2026-05-25,2026,5,25,3,Monday,False,27494.07,33379.17,2229.46,5885.0999999999985,17341.9,51.95425770023641,demo,True
2026-05-25 04:00:00,2026-05-25,2026,5,25,4,Monday,False,29415.96,32631.56,2527.21,3215.600000000002,16412.750000000004,50.29716630158045,demo,True
2026-05-25 05:00:00,2026-05-25,2026,5,25,5,Monday,False,29693.91,31265.57,2600.01,1571.6599999999999,15581.490000000002,49.835937742379244,demo,True
2026-05-25 06:00:00,2026-05-25,2026,5,25,6,Monday,False,33622.49,33762.45,2842.28,139.95999999999913,16181.979999999998,47.92892695879594,demo,True
2026-05-25 07:00:00,2026-05-25,2026,5,25,7,Monday,False,35705.96,35790.22,2851.93,84.26000000000204,17839.170000000002,49.8437003181316,demo,True
2026-05-25 08:00:00,2026-05-25,2026,5,25,8,Monday,False,36667.56,37008.8,3048.52,341.24000000000524,18724.67,50.59518276734181,demo,True
2026-05-25 09:00:00,2026-05-25,2026,5,25,9,Monday,False,36289.6,36892.66,2909.51,603.060000000005,19303.33,52.322955297883105,demo,True
2026-05-25 10:00:00,2026-05-25,2026,5,25,10,Monday,False,37996.67,38525.69,3049.52,529.0200000000041,20166.69,52.34608387286509,demo,True
2026-05-25 11:00:00,2026-05-25,2026,5,25,11,Monday,False,39796.7,40188.75,3020.54,392.0500000000029,20210.11,50.28797860097664,demo,True
2026-05-25 12:00:00,2026-05-25,2026,5,25,12,Monday,False,36963.54,36780.26,3034.41,-183.27999999999884,20256.99,55.075711808453775,demo,True
2026-05-25 13:00:00,2026-05-25,2026,5,25,13,Monday,False,38555.9,38470.28,3016.27,-85.62000000000262,19456.860000000004,50.57634100921544,demo,True
2026-05-25 14:00:00,2026-05-25,2026,5,25,14,Monday,False,37919.83,38361.38,3119.76,441.54999999999563,19604.82,51.105617159758076,demo,True
2026-05-25 15:00:00,2026-05-25,2026,5,25,15,Monday,False,39363.2,39904.68,3193.72,541.4800000000032,19581.34,49.07028448793475,demo,True
2026-05-25 16:00:00,2026-05-25,2026,5,25,16,Monday,False,38437.23,38786.9,3060.85,349.66999999999825,18085.1,46.62682503628802,demo,True
2026-05-25 17:00:00,2026-05-25,2026,5,25,17,Monday,False,39218.94,39413.93,3143.65,194.98999999999796,16886.010000000002,42.842746206734525,demo,True
2026-05-25 18:00:00,2026-05-25,2026,5,25,18,Monday,False,39093.32,39586.74,3107.05,493.41999999999825,15658.480000000001,39.55486104690612,demo,True
2026-05-25 19:00:00,2026-05-25,2026,5,25,19,Monday,False,39315.63,39701.27,3055.12,385.6399999999994,16079.620000000003,40.50152551794943,demo,True
2026-05-25 20:00:00,2026-05-25,2026,5,25,20,Monday,False,36706.27,37161.01,3023.83,454.74000000000524,15850.75,42.65424970957463,demo,True
2026-05-25 21:00:00,2026-05-25,2026,5,25,21,Monday,False,35447.32,35363.14,2925.87,-84.18000000000029,16302.320000000002,46.099752454109,demo,True
2026-05-25 22:00:00,2026-05-25,2026,5,25,22,Monday,False,32159.63,32471.43,2544.41,311.7999999999993,15247.35,46.95620118978437,demo,True
2026-05-25 23:00:00,2026-05-25,2026,5,25,23,Monday,False,31993.79,32563.21,2662.19,569.4199999999983,15817.109999999999,48.57355893353265,demo,True
2026-05-26 00:00:00,2026-05-26,2026,5,26,0,Tuesday,False,28854.5,31378.11,2566.59,2523.6100000000006,15623.020000000002,49.78955074094648,demo,True
2026-05-26 01:00:00,2026-05-26,2026,5,26,1,Tuesday,False,27786.45,31531.61,2567.26,3745.16,15446.31,48.986746950124015,demo,True
2026-05-26 02:00:00,2026-05-26,2026,5,26,2,Tuesday,False,27735.26,31366.94,2499.67,3631.6800000000003,15282.19,48.720691275591435,demo,True
2026-05-26 03:00:00,2026-05-26,2026,5,26,3,Tuesday,False,27085.79,32188.31,2264.51,5102.52,15572.630000000001,48.379768928533366,demo,True
2026-05-26 04:00:00,2026-05-26,2026,5,26,4,Tuesday,False,29548.67,31403.36,2430.99,1854.6900000000023,15669.840000000002,49.89860957553587,demo,True
2026-05-26 05:00:00,2026-05-26,2026,5,26,5,Tuesday,False,31840.22,31969.66,2624.8,129.4399999999987,15768.880000000001,49.32451580654909,demo,True
2026-05-26 06:00:00,2026-05-26,2026,5,26,6,Tuesday,False,33407.55,33519.38,2881.74,111.82999999999447,15876.869999999999,47.36624006768622,demo,True
2026-05-26 07:00:00,2026-05-26,2026,5,26,7,Tuesday,False,34076.03,34239.95,2722.73,163.91999999999825,16964.329999999998,49.545428658628296,demo,True
2026-05-26 08:00:00,2026-05-26,2026,5,26,8,Tuesday,False,36766.67,37020.89,3018.46,254.22000000000116,18456.7,49.854825208145996,demo,True
2026-05-26 09:00:00,2026-05-26,2026,5,26,9,Tuesday,False,38555.52,38515.7,2978.91,-39.81999999999971,18463.280000000002,47.93702308409299,demo,True
2026-05-26 10:00:00,2026-05-26,2026,5,26,10,Tuesday,False,37389.57,37771.17,3006.26,381.59999999999854,18782.94,49.72824511393213,demo,True
2026-05-26 11:00:00,2026-05-26,2026,5,26,11,Tuesday,False,38191.33,38411.77,2912.2,220.43999999999505,19409.89,50.531100233079606,demo,True
2026-05-26 12:00:00,2026-05-26,2026,5,26,12,Tuesday,False,39531.72,39935.38,3062.32,403.6599999999962,19652.83,49.21157630151511,demo,True
2026-05-26 13:00:00,2026-05-26,2026,5,26,13,Tuesday,False,38998.23,38866.8,2937.07,-131.4300000000003,19765.71,50.854997066905426,demo,True
2026-05-26 14:00:00,2026-05-26,2026,5,26,14,Tuesday,False,39044.21,39448.57,3185.31,404.3600000000006,19273.57,48.85746175336647,demo,True
2026-05-26 15:00:00,2026-05-26,2026,5,26,15,Tuesday,False,40111.64,40602.28,3076.82,490.6399999999994,18374.309999999998,45.25437980330168,demo,True
2026-05-26 16:00:00,2026-05-26,2026,5,26,16,Tuesday,False,39247.79,39576.73,2968.08,328.9400000000023,17035.23,43.04355109681876,demo,True
2026-05-26 17:00:00,2026-05-26,2026,5,26,17,Tuesday,False,39406.69,39662.1,2978.73,255.40999999999622,16560.17,41.75313460457212,demo,True
2026-05-26 18:00:00,2026-05-26,2026,5,26,18,Tuesday,False,40605.02,41010.76,3202.59,405.74000000000524,15994.21,39.00003316202869,demo,True
2026-05-26 19:00:00,2026-05-26,2026,5,26,19,Tuesday,False,37890.6,38369.46,3009.72,478.8600000000006,15514.43,40.43431937796362,demo,True
2026-05-26 20:00:00,2026-05-26,2026,5,26,20,Tuesday,False,36299.82,36643.94,3023.41,344.1200000000026,14734.190000000002,40.20907686236797,demo,True
2026-05-26 21:00:00,2026-05-26,2026,5,26,21,Tuesday,False,35493.55,35851.12,2884.2,357.5699999999997,15200.1,42.39783861703623,demo,True
2026-05-26 22:00:00,2026-05-26,2026,5,26,22,Tuesday,False,33516.46,34064.71,2893.81,548.25,14819.57,43.504171912809475,demo,True
2026-05-26 23:00:00,2026-05-26,2026,5,26,23,Tuesday,False,30801.8,31712.99,2565.43,911.1900000000023,15583.93,49.140525696252546,demo,True
2026-05-27 00:00:00,2026-05-27,2026,5,27,0,Wednesday,False,28674.18,31330.26,2581.39,2656.079999999998,15131.310000000001,48.29615202682647,demo,True
2026-05-27 01:00:00,2026-05-27,2026,5,27,1,Wednesday,False,29805.87,31217.59,2470.85,1411.7200000000012,14839.21,47.534771261971215,demo,True
2026-05-27 02:00:00,2026-05-27,2026,5,27,2,Wednesday,False,27989.62,31280.29,2323.62,3290.670000000002,14769.249999999998,47.2158346358042,demo,True
2026-05-27 03:00:00,2026-05-27,2026,5,27,3,Wednesday,False,27677.21,29791.68,2367.63,2114.470000000001,14066.589999999998,47.2165047422636,demo,True
2026-05-27 04:00:00,2026-05-27,2026,5,27,4,Wednesday,False,30039.68,30437.24,2460.51,397.5600000000013,14787.499999999998,48.583577223164774,demo,True
2026-05-27 05:00:00,2026-05-27,2026,5,27,5,Wednesday,False,31096.59,31520.99,2530.27,424.40000000000146,14337.070000000002,45.4841995762189,demo,True
2026-05-27 06:00:00,2026-05-27,2026,5,27,6,Wednesday,False,33035.48,33600.28,2791.32,564.7999999999956,15017.470000000001,44.69447873648672,demo,True
2026-05-27 07:00:00,2026-05-27,2026,5,27,7,Wednesday,False,35591.85,35846.24,2871.94,254.38999999999942,15968.119999999999,44.54615044702039,demo,True
2026-05-27 08:00:00,2026-05-27,2026,5,27,8,Wednesday,False,35959.02,36520.64,2904.66,561.6200000000026,17522.04,47.97845820883752,demo,True
2026-05-27 09:00:00,2026-05-27,2026,5,27,9,Wednesday,False,38292.94,38572.57,3063.34,279.6299999999974,18749.01,48.60710603415846,demo,True
2026-05-27 10:00:00,2026-05-27,2026,5,27,10,Wednesday,False,40053.24,40555.63,3008.91,502.3899999999994,16935.05,41.75758088334468,demo,True
2026-05-27 11:00:00,2026-05-27,2026,5,27,11,Wednesday,False,39279.99,39565.71,3111.61,285.72000000000116,19787.48,50.01168941489993,demo,True
2026-05-27 12:00:00,2026-05-27,2026,5,27,12,Wednesday,False,38664.79,38826.15,2930.27,161.36000000000058,18737.870000000003,48.26095299173367,demo,True
2026-05-27 13:00:00,2026-05-27,2026,5,27,13,Wednesday,False,38464.19,39060.17,2973.0,595.9799999999959,19006.489999999998,48.65951684286064,demo,True
2026-05-27 14:00:00,2026-05-27,2026,5,27,14,Wednesday,False,38478.6,38622.78,2865.14,144.1800000000003,18256.94,47.26987544656288,demo,True
2026-05-27 15:00:00,2026-05-27,2026,5,27,15,Wednesday,False,38642.22,38774.36,3107.55,132.13999999999942,18095.92,46.66980963709007,demo,True
2026-05-27 16:00:00,2026-05-27,2026,5,27,16,Wednesday,False,38665.34,38689.25,2921.2,23.910000000003492,16768.09,43.3404369430785,demo,True
2026-05-27 17:00:00,2026-05-27,2026,5,27,17,Wednesday,False,39597.59,40075.7,3036.56,478.1100000000006,16219.13,40.47123319118568,demo,True
2026-05-27 18:00:00,2026-05-27,2026,5,27,18,Wednesday,False,37504.25,38024.87,2943.18,520.6200000000026,14562.000000000002,38.295988914623514,demo,True
2026-05-27 19:00:00,2026-05-27,2026,5,27,19,Wednesday,False,38653.67,38970.83,3080.36,317.1600000000035,15811.39,40.57237169441862,demo,True
2026-05-27 20:00:00,2026-05-27,2026,5,27,20,Wednesday,False,36602.55,36675.46,2966.31,72.90999999999622,14801.150000000001,40.357094362279305,demo,True
2026-05-27 21:00:00,2026-05-27,2026,5,27,21,Wednesday,False,35467.95,35716.73,2962.55,248.7800000000061,15881.789999999999,44.465968749098806,demo,True
2026-05-27 22:00:00,2026-05-27,2026,5,27,22,Wednesday,False,32430.28,32625.8,2697.19,195.52000000000044,15243.790000000003,46.72311483549829,demo,True
2026-05-27 23:00:00,2026-05-27,2026,5,27,23,Wednesday,False,32110.54,32175.05,2800.29,64.5099999999984,13913.81,43.24409752276998,demo,True
2026-05-28 00:00:00,2026-05-28,2026,5,28,0,Thursday,False,30278.8,31833.01,2595.95,1554.2099999999991,16076.849999999999,50.50370668686372,demo,True
2026-05-28 01:00:00,2026-05-28,2026,5,28,1,Thursday,False,28870.69,30106.26,2412.85,1235.5699999999997,14620.62,48.563388478010886,demo,True
2026-05-28 02:00:00,2026-05-28,2026,5,28,2,Thursday,False,26710.5,31125.45,2312.15,4414.950000000001,15423.890000000001,49.55395022401283,demo,True
2026-05-28 03:00:00,2026-05-28,2026,5,28,3,Thursday,False,28780.2,30203.1,2635.67,1422.8999999999978,14376.449999999999,47.59925305680543,demo,True
2026-05-28 04:00:00,2026-05-28,2026,5,28,4,Thursday,False,29691.93,31449.58,2653.41,1757.6500000000015,15280.67,48.58783487728612,demo,True
2026-05-28 05:00:00,2026-05-28,2026,5,28,5,Thursday,False,30059.31,30611.56,2649.95,552.25,14320.980000000001,46.782914689744665,demo,True
2026-05-28 06:00:00,2026-05-28,2026,5,28,6,Thursday,False,33205.49,33385.04,2847.63,179.5500000000029,15007.41,44.952499682492515,demo,True
2026-05-28 07:00:00,2026-05-28,2026,5,28,7,Thursday,False,35463.43,35870.08,2939.42,406.65000000000146,15523.029999999999,43.27570498867022,demo,True
2026-05-28 08:00:00,2026-05-28,2026,5,28,8,Thursday,False,37262.59,37546.55,2996.53,283.9600000000064,17865.53,47.58234777895705,demo,True
2026-05-28 09:00:00,2026-05-28,2026,5,28,9,Thursday,False,38180.18,38502.63,3022.33,322.4499999999971,18263.989999999998,47.435694652547106,demo,True
2026-05-28 10:00:00,2026-05-28,2026,5,28,10,Thursday,False,38928.03,38974.27,3220.06,46.23999999999796,18032.45,46.26757601874262,demo,True
2026-05-28 11:00:00,2026-05-28,2026,5,28,11,Thursday,False,39995.2,40108.3,3101.36,113.10000000000582,17565.030000000002,43.79400273758798,demo,True
2026-05-28 12:00:00,2026-05-28,2026,5,28,12,Thursday,False,39796.36,39913.55,3115.03,117.19000000000233,19694.069999999996,49.34181499766368,demo,True
2026-05-28 13:00:00,2026-05-28,2026,5,28,13,Thursday,False,36822.22,37076.79,2764.41,254.5699999999997,18912.8,51.009809641018,demo,True
2026-05-28 14:00:00,2026-05-28,2026,5,28,14,Thursday,False,38553.63,39042.33,2905.48,488.70000000000437,18751.55,48.0287677502854,demo,True
2026-05-28 15:00:00,2026-05-28,2026,5,28,15,Thursday,False,38714.74,39042.73,3199.77,327.99000000000524,19125.66,48.98648224650274,demo,True
2026-05-28 16:00:00,2026-05-28,2026,5,28,16,Thursday,False,37713.34,37801.28,3056.52,87.94000000000233,17454.57,46.1745475285493,demo,True
2026-05-28 17:00:00,2026-05-28,2026,5,28,17,Thursday,False,39032.1,39297.82,3079.25,265.72000000000116,16750.35,42.62412011658662,demo,True
2026-05-28 18:00:00,2026-05-28,2026,5,28,18,Thursday,False,39601.63,39837.12,3164.94,235.49000000000524,15376.820000000002,38.59922604846937,demo,True
2026-05-28 19:00:00,2026-05-28,2026,5,28,19,Thursday,False,37299.67,37486.51,2903.3,186.84000000000378,14777.640000000001,39.42122112728019,demo,True
2026-05-28 20:00:00,2026-05-28,2026,5,28,20,Thursday,False,37113.81,37361.04,2953.45,247.2300000000032,15973.22,42.75368137503667,demo,True
2026-05-28 21:00:00,2026-05-28,2026,5,28,21,Thursday,False,34573.01,34960.48,2700.04,387.47000000000116,15994.0,45.74879978764593,demo,True
2026-05-28 22:00:00,2026-05-28,2026,5,28,22,Thursday,False,32758.83,32879.24,2706.93,120.40999999999622,14947.179999999998,45.46084398544492,demo,True
2026-05-28 23:00:00,2026-05-28,2026,5,28,23,Thursday,False,32224.67,32475.24,2748.94,250.57000000000335,15525.23,47.80635955269307,demo,True
2026-05-29 00:00:00,2026-05-29,2026,5,29,0,Friday,False,29037.07,32016.69,2531.15,2979.619999999999,16314.359999999999,50.95579836641451,demo,True
2026-05-29 01:00:00,2026-05-29,2026,5,29,1,Friday,False,28532.53,32661.16,2610.48,4128.630000000001,16415.72,50.26067659568736,demo,True
2026-05-29 02:00:00,2026-05-29,2026,5,29,2,Friday,False,26470.98,31399.13,2376.0,4928.1500000000015,15988.129999999997,50.91902227864274,demo,True
2026-05-29 03:00:00,2026-05-29,2026,5,29,3,Friday,False,29513.43,31408.51,2283.07,1895.079999999998,16471.72,52.44349381743993,demo,True
2026-05-29 04:00:00,2026-05-29,2026,5,29,4,Friday,False,29840.38,32978.7,2714.73,3138.319999999996,16586.11,50.293401498543005,demo,True
2026-05-29 05:00:00,2026-05-29,2026,5,29,5,Friday,False,31065.25,31811.7,2531.61,746.4500000000007,15965.52,50.187572496911514,demo,True
2026-05-29 06:00:00,2026-05-29,2026,5,29,6,Friday,False,33635.38,33793.95,2784.62,158.5699999999997,15927.21,47.1303591323299,demo,True
2026-05-29 07:00:00,2026-05-29,2026,5,29,7,Friday,False,34231.38,34265.61,2793.73,34.2300000000032,17042.81,49.73736057814235,demo,True
2026-05-29 08:00:00,2026-05-29,2026,5,29,8,Friday,False,37711.1,37819.05,2996.91,107.95000000000437,18848.850000000002,49.83956498114046,demo,True
2026-05-29 09:00:00,2026-05-29,2026,5,29,9,Friday,False,37839.31,38035.17,2972.85,195.86000000000058,19704.27,51.80539484903052,demo,True
2026-05-29 10:00:00,2026-05-29,2026,5,29,10,Friday,False,38591.32,38788.3,3019.34,196.9800000000032,19897.94,51.2988194893821,demo,True
2026-05-29 11:00:00,2026-05-29,2026,5,29,11,Friday,False,38629.51,38770.27,2896.13,140.75999999999476,19913.760000000002,51.36348031623201,demo,True
2026-05-29 12:00:00,2026-05-29,2026,5,29,12,Friday,False,38541.68,38789.23,3218.96,247.5500000000029,21259.630000000005,54.80807430309909,demo,True
2026-05-29 13:00:00,2026-05-29,2026,5,29,13,Friday,False,39325.43,40015.83,3128.13,690.4000000000015,19630.429999999997,49.056660826477916,demo,True
2026-05-29 14:00:00,2026-05-29,2026,5,29,14,Friday,False,38964.97,38904.43,3034.69,-60.54000000000087,20177.59,51.86450489057416,demo,True
2026-05-29 15:00:00,2026-05-29,2026,5,29,15,Friday,False,39296.22,39750.91,3218.51,454.6900000000023,20360.88,51.2211670122772,demo,True
2026-05-29 16:00:00,2026-05-29,2026,5,29,16,Friday,False,38943.65,39190.34,2971.36,246.68999999999505,18143.08,46.29477570237973,demo,True
2026-05-29 17:00:00,2026-05-29,2026,5,29,17,Friday,False,39335.41,39506.59,3175.35,171.17999999999302,17848.789999999997,45.17927262261815,demo,True
2026-05-29 18:00:00,2026-05-29,2026,5,29,18,Friday,False,38444.31,38331.03,3008.21,-113.27999999999884,16770.370000000003,43.7514201940308,demo,True
2026-05-29 19:00:00,2026-05-29,2026,5,29,19,Friday,False,39631.08,40018.38,3169.57,387.29999999999563,16941.93,42.33537189661351,demo,True
2026-05-29 20:00:00,2026-05-29,2026,5,29,20,Friday,False,35790.78,35781.41,2916.94,-9.369999999995343,17367.199999999997,48.536935799902786,demo,True
2026-05-29 21:00:00,2026-05-29,2026,5,29,21,Friday,False,36106.75,36505.77,2705.71,399.0199999999968,16681.95,45.696748760538405,demo,True
2026-05-29 22:00:00,2026-05-29,2026,5,29,22,Friday,False,34196.7,34760.14,2657.39,563.4400000000023,17110.89,49.22560726165084,demo,True
2026-05-29 23:00:00,2026-05-29,2026,5,29,23,Friday,False,30603.98,33389.44,2706.03,2785.4600000000028,17647.12,52.85239884226869,demo,True
2026-05-30 00:00:00,2026-05-30,2026,5,30,0,Saturday,True,28487.35,33367.55,2423.08,4880.200000000004,17685.969999999998,53.0035019052942,demo,True
2026-05-30 01:00:00,2026-05-30,2026,5,30,1,Saturday,True,26415.82,33641.05,2518.76,7225.230000000003,17505.47,52.03603930317276,demo,True
2026-05-30 02:00:00,2026-05-30,2026,5,30,2,Saturday,True,25970.63,33654.17,2418.87,7683.539999999997,18145.71,53.91816229608396,demo,True
2026-05-30 03:00:00,2026-05-30,2026,5,30,3,Saturday,True,25739.43,34024.15,2278.35,8284.720000000001,17862.24,52.49871047476572,demo,True
2026-05-30 04:00:00,2026-05-30,2026,5,30,4,Saturday,True,26776.47,34645.23,2329.67,7868.760000000002,18078.35,52.181353681300415,demo,True
2026-05-30 05:00:00,2026-05-30,2026,5,30,5,Saturday,True,28556.41,34821.54,2606.16,6265.130000000001,18047.660000000003,51.829011583060385,demo,True
2026-05-30 06:00:00,2026-05-30,2026,5,30,6,Saturday,True,31015.87,33096.05,2779.52,2080.180000000004,17286.879999999997,52.23245674332736,demo,True
2026-05-30 07:00:00,2026-05-30,2026,5,30,7,Saturday,True,33709.09,34677.91,2695.02,968.820000000007,18982.989999999998,54.74087106172199,demo,True
2026-05-30 08:00:00,2026-05-30,2026,5,30,8,Saturday,True,34520.25,36014.28,2890.33,1494.0299999999988,20410.96,56.67463017447524,demo,True
2026-05-30 09:00:00,2026-05-30,2026,5,30,9,Saturday,True,34938.09,36643.79,2865.62,1705.7000000000044,20869.92,56.953497441176246,demo,True
2026-05-30 10:00:00,2026-05-30,2026,5,30,10,Saturday,True,36821.27,36996.96,3002.61,175.69000000000233,20125.86,54.39868572985456,demo,True
2026-05-30 11:00:00,2026-05-30,2026,5,30,11,Saturday,True,37128.48,38423.79,2900.89,1295.3099999999977,21971.8,57.18280263347265,demo,True
2026-05-30 12:00:00,2026-05-30,2026,5,30,12,Saturday,True,36916.4,37873.16,2818.22,956.760000000002,21732.010000000002,57.38103184418728,demo,True
2026-05-30 13:00:00,2026-05-30,2026,5,30,13,Saturday,True,36871.01,38904.24,2794.43,2033.229999999996,21596.52,55.511995607676695,demo,True
2026-05-30 14:00:00,2026-05-30,2026,5,30,14,Saturday,True,36106.18,38328.0,2723.8,2221.8199999999997,21608.97,56.379070131496555,demo,True
2026-05-30 15:00:00,2026-05-30,2026,5,30,15,Saturday,True,35699.7,36059.49,2991.52,359.7900000000009,20293.43,56.27764008864241,demo,True
2026-05-30 16:00:00,2026-05-30,2026,5,30,16,Saturday,True,35852.07,36243.01,2831.3,390.9400000000023,20272.870000000003,55.935944613871754,demo,True
2026-05-30 17:00:00,2026-05-30,2026,5,30,17,Saturday,True,35341.35,35786.79,2705.73,445.4400000000023,19683.290000000005,55.00155224874878,demo,True
2026-05-30 18:00:00,2026-05-30,2026,5,30,18,Saturday,True,36413.36,36525.89,3018.84,112.52999999999884,16912.33,46.302307760331104,demo,True
2026-05-30 19:00:00,2026-05-30,2026,5,30,19,Saturday,True,35521.85,35972.03,2803.9,450.1800000000003,18330.670000000002,50.95811940554926,demo,True
2026-05-30 20:00:00,2026-05-30,2026,5,30,20,Saturday,True,34090.34,34495.2,2694.13,404.8600000000006,18344.12,53.178761102994045,demo,True
2026-05-30 21:00:00,2026-05-30,2026,5,30,21,Saturday,True,30665.16,34662.35,2751.46,3997.1899999999987,18383.280000000002,53.0352962219815,demo,True
2026-05-30 22:00:00,2026-05-30,2026,5,30,22,Saturday,True,29876.04,33551.44,2393.22,3675.4000000000015,18222.96,54.31349593340852,demo,True
2026-05-30 23:00:00,2026-05-30,2026,5,30,23,Saturday,True,29495.08,33730.52,2532.22,4235.439999999995,17403.29,51.595083621598484,demo,True
2026-05-31 00:00:00,2026-05-31,2026,5,31,0,Sunday,True,26471.62,34283.57,2294.56,7811.950000000001,17543.35,51.17130450533593,demo,True
2026-05-31 01:00:00,2026-05-31,2026,5,31,1,Sunday,True,25981.39,34216.71,2233.98,8235.32,18449.97,53.92093512205002,demo,True
2026-05-31 02:00:00,2026-05-31,2026,5,31,2,Sunday,True,24327.35,33669.58,2073.13,9342.230000000003,18428.05,54.73204595958725,demo,True
2026-05-31 03:00:00,2026-05-31,2026,5,31,3,Sunday,True,26736.91,34087.21,2354.02,7350.299999999999,18108.76,53.12479372761807,demo,True
2026-05-31 04:00:00,2026-05-31,2026,5,31,4,Sunday,True,26837.71,33369.34,2266.73,6531.629999999997,18147.72,54.38441395604469,demo,True
2026-05-31 05:00:00,2026-05-31,2026,5,31,5,Sunday,True,28916.02,34086.95,2520.62,5170.929999999997,18162.53,53.282942592399735,demo,True
2026-05-31 06:00:00,2026-05-31,2026,5,31,6,Sunday,True,32380.55,34677.16,2667.61,2296.610000000004,17788.73,51.298116685449436,demo,True
2026-05-31 07:00:00,2026-05-31,2026,5,31,7,Sunday,True,33799.77,35982.46,2686.06,2182.6900000000023,20293.650000000005,56.398728713934524,demo,True
2026-05-31 08:00:00,2026-05-31,2026,5,31,8,Sunday,True,34188.74,36093.56,2664.73,1904.8199999999997,19979.18,55.35386368094475,demo,True
2026-05-31 09:00:00,2026-05-31,2026,5,31,9,Sunday,True,35170.85,37131.59,2919.97,1960.739999999998,20856.69,56.16966577515264,demo,True
2026-05-31 10:00:00,2026-05-31,2026,5,31,10,Sunday,True,36026.29,38607.7,2880.75,2581.409999999996,22993.99,59.55804153057551,demo,True
2026-05-31 11:00:00,2026-05-31,2026,5,31,11,Sunday,True,36850.6,37825.1,2807.23,974.5,22059.190000000002,58.318920505167206,demo,True
2026-05-31 12:00:00,2026-05-31,2026,5,31,12,Sunday,True,36394.48,37654.32,2726.06,1259.8399999999965,21694.699999999997,57.61543429810974,demo,True
2026-05-31 13:00:00,2026-05-31,2026,5,31,13,Sunday,True,36082.49,38571.52,2660.13,2489.029999999999,22288.16,57.78398154908078,demo,True
2026-05-31 14:00:00,2026-05-31,2026,5,31,14,Sunday,True,37332.86,37717.02,3007.29,384.1599999999962,21465.46,56.91186631393467,demo,True
2026-05-31 15:00:00,2026-05-31,2026,5,31,15,Sunday,True,36280.05,37104.68,2926.72,824.6299999999974,21229.66,57.21558574282274,demo,True
2026-05-31 16:00:00,2026-05-31,2026,5,31,16,Sunday,True,38079.52,38115.93,3061.75,36.41000000000349,20517.97,53.830432577665036,demo,True
2026-05-31 17:00:00,2026-05-31,2026,5,31,17,Sunday,True,36559.69,36547.6,2891.94,-12.090000000003783,18692.58,51.14584815418797,demo,True
2026-05-31 18:00:00,2026-05-31,2026,5,31,18,Sunday,True,37507.22,37639.64,3035.12,132.41999999999825,18836.84,50.045218285828454,demo,True
2026-05-31 19:00:00,2026-05-31,2026,5,31,19,Sunday,True,35840.39,36256.23,2966.32,415.8400000000038,17990.66,49.620878949631546,demo,True
2026-05-31 20:00:00,2026-05-31,2026,5,31,20,Sunday,True,35082.41,35639.24,2816.44,556.8299999999945,18166.129999999997,50.97227101363553,demo,True
2026-05-31 21:00:00,2026-05-31,2026,5,31,21,Sunday,True,32236.86,34673.1,2625.47,2436.239999999998,18095.52,52.18893032350727,demo,True
2026-05-31 22:00:00,2026-05-31,2026,5,31,22,Sunday,True,30161.54,34313.89,2462.5,4152.3499999999985,17574.34,51.21640245393338,demo,True
2026-05-31 23:00:00,2026-05-31,2026,5,31,23,Sunday,True,29042.29,34308.33,2514.7,5266.040000000001,18182.31,52.99677949932276,demo,True
2026-06-01 00:00:00,2026-06-01,2026,6,1,0,Monday,False,30138.85,34402.93,2579.39,4264.080000000002,18606.000000000004,54.08260284807138,demo,True
2026-06-01 01:00:00,2026-06-01,2026,6,1,1,Monday,False,28267.16,34830.84,2402.41,6563.679999999997,18196.27,52.24183510934563,demo,True
2026-06-01 02:00:00,2026-06-01,2026,6,1,2,Monday,False,26910.36,34603.72,2329.01,7693.360000000001,18541.08,53.581175665506485,demo,True
2026-06-01 03:00:00,2026-06-01,2026,6,1,3,Monday,False,27287.63,34110.72,2372.9,6823.09,17462.989999999998,51.19502021651844,demo,True
2026-06-01 04:00:00,2026-06-01,2026,6,1,4,Monday,False,28449.53,33015.67,2517.49,4566.139999999999,17377.84,52.63512750157729,demo,True
2026-06-01 05:00:00,2026-06-01,2026,6,1,5,Monday,False,29985.66,33335.26,2406.42,3349.600000000002,17577.32,52.72891226887086,demo,True
2026-06-01 06:00:00,2026-06-01,2026,6,1,6,Monday,False,33339.14,33742.82,2625.62,403.6800000000003,17283.8,51.22215629873259,demo,True
2026-06-01 07:00:00,2026-06-01,2026,6,1,7,Monday,False,36035.79,35926.95,2788.44,-108.84000000000378,17748.550000000003,49.401772207214925,demo,True
2026-06-01 08:00:00,2026-06-01,2026,6,1,8,Monday,False,36903.94,36914.42,2899.68,10.479999999995925,19336.49,52.38194179943773,demo,True
2026-06-01 09:00:00,2026-06-01,2026,6,1,9,Monday,False,36513.81,36589.26,2905.54,75.45000000000437,19919.879999999997,54.44187720659012,demo,True
2026-06-01 10:00:00,2026-06-01,2026,6,1,10,Monday,False,38630.63,39015.34,2909.67,384.7099999999991,20556.58,52.68845536140401,demo,True
2026-06-01 11:00:00,2026-06-01,2026,6,1,11,Monday,False,38889.71,39004.51,3080.37,114.80000000000291,21751.85,55.767525345145984,demo,True
2026-06-01 12:00:00,2026-06-01,2026,6,1,12,Monday,False,40445.34,40767.58,3249.16,322.24000000000524,20790.07,50.99657620099108,demo,True
2026-06-01 13:00:00,2026-06-01,2026,6,1,13,Monday,False,37849.17,38066.45,2982.66,217.27999999999884,21006.440000000002,55.18360656168359,demo,True
2026-06-01 14:00:00,2026-06-01,2026,6,1,14,Monday,False,38542.36,38805.17,3098.64,262.8099999999977,20635.36,53.176831849982875,demo,True
2026-06-01 15:00:00,2026-06-01,2026,6,1,15,Monday,False,40064.09,40403.36,3036.99,339.2700000000041,19288.01,47.73862866850677,demo,True
2026-06-01 16:00:00,2026-06-01,2026,6,1,16,Monday,False,39294.79,39593.81,3010.14,299.0199999999968,18148.43,45.836533538954704,demo,True
2026-06-01 17:00:00,2026-06-01,2026,6,1,17,Monday,False,39400.49,39647.07,3130.07,246.58000000000175,18876.27,47.61075660824368,demo,True
2026-06-01 18:00:00,2026-06-01,2026,6,1,18,Monday,False,38847.71,39156.58,3088.66,308.8700000000026,16474.24,42.07272443098964,demo,True
2026-06-01 19:00:00,2026-06-01,2026,6,1,19,Monday,False,38331.23,38620.28,2978.44,289.04999999999563,16517.89,42.7699902745397,demo,True
2026-06-01 20:00:00,2026-06-01,2026,6,1,20,Monday,False,37462.66,37674.92,3136.36,212.25999999999476,16272.239999999998,43.19117333228577,demo,True
2026-06-01 21:00:00,2026-06-01,2026,6,1,21,Monday,False,34687.45,34859.83,2861.22,172.38000000000466,16109.13,46.21115478761658,demo,True
2026-06-01 22:00:00,2026-06-01,2026,6,1,22,Monday,False,33883.81,34472.29,2826.66,588.4800000000032,17243.27,50.020668774833354,demo,True
2026-06-01 23:00:00,2026-06-01,2026,6,1,23,Monday,False,30269.39,32998.1,2492.19,2728.709999999999,17062.22,51.706674020625435,demo,True
2026-06-02 00:00:00,2026-06-02,2026,6,2,0,Tuesday,False,29686.72,33098.83,2687.63,3412.1100000000006,16375.969999999998,49.47597845603605,demo,True
2026-06-02 01:00:00,2026-06-02,2026,6,2,1,Tuesday,False,28374.1,32629.49,2453.26,4255.390000000003,16001.65,49.040453896153444,demo,True
2026-06-02 02:00:00,2026-06-02,2026,6,2,2,Tuesday,False,27389.43,31674.22,2483.91,4284.790000000001,16480.55,52.03143123966431,demo,True
2026-06-02 03:00:00,2026-06-02,2026,6,2,3,Tuesday,False,28233.93,31625.87,2394.42,3391.9399999999987,16083.550000000001,50.85567606519599,demo,True
2026-06-02 04:00:00,2026-06-02,2026,6,2,4,Tuesday,False,29022.75,31276.7,2500.85,2253.9500000000007,16111.240000000002,51.51195618463586,demo,True
2026-06-02 05:00:00,2026-06-02,2026,6,2,5,Tuesday,False,30482.81,32598.92,2632.83,2116.109999999997,16016.9,49.13322281842466,demo,True
2026-06-02 06:00:00,2026-06-02,2026,6,2,6,Tuesday,False,33024.97,33197.71,2923.59,172.73999999999796,15288.359999999999,46.0524536180357,demo,True
2026-06-02 07:00:00,2026-06-02,2026,6,2,7,Tuesday,False,34485.47,34731.98,2762.47,246.51000000000204,17100.81,49.23649616290232,demo,True
2026-06-02 08:00:00,2026-06-02,2026,6,2,8,Tuesday,False,37149.29,37457.23,2980.78,307.9400000000023,17693.550000000003,47.23667500239607,demo,True
2026-06-02 09:00:00,2026-06-02,2026,6,2,9,Tuesday,False,37301.04,37543.84,3000.9,242.79999999999563,18982.28,50.56030496614092,demo,True
2026-06-02 10:00:00,2026-06-02,2026,6,2,10,Tuesday,False,39272.55,39446.95,2942.49,174.39999999999418,19169.39,48.595366688679356,demo,True
2026-06-02 11:00:00,2026-06-02,2026,6,2,11,Tuesday,False,38186.64,38788.45,2801.7,601.8099999999977,19553.559999999998,50.410779497505054,demo,True
2026-06-02 12:00:00,2026-06-02,2026,6,2,12,Tuesday,False,38591.73,38805.65,2938.24,213.91999999999825,19107.8,49.239736997060994,demo,True
2026-06-02 13:00:00,2026-06-02,2026,6,2,13,Tuesday,False,38441.94,38580.32,3093.34,138.37999999999738,19731.999999999996,51.14524711044386,demo,True
2026-06-02 14:00:00,2026-06-02,2026,6,2,14,Tuesday,False,39753.44,40152.93,3261.22,399.48999999999796,18911.84,47.099526734412656,demo,True
2026-06-02 15:00:00,2026-06-02,2026,6,2,15,Tuesday,False,39111.2,39513.56,3000.77,402.3600000000006,17909.399999999998,45.32469359885568,demo,True
2026-06-02 16:00:00,2026-06-02,2026,6,2,16,Tuesday,False,38841.59,39345.84,2959.44,504.25,17837.39,45.334881654578986,demo,True
2026-06-02 17:00:00,2026-06-02,2026,6,2,17,Tuesday,False,39365.27,39962.29,3277.62,597.0200000000041,15733.499999999998,39.3708668847556,demo,True
2026-06-02 18:00:00,2026-06-02,2026,6,2,18,Tuesday,False,37302.47,37614.79,2976.7,312.3199999999997,14726.029999999999,39.149573877722034,demo,True
2026-06-02 19:00:00,2026-06-02,2026,6,2,19,Tuesday,False,38080.07,38278.19,3031.48,198.12000000000262,15282.029999999999,39.92359617839819,demo,True
2026-06-02 20:00:00,2026-06-02,2026,6,2,20,Tuesday,False,38326.59,38234.19,3203.52,-92.39999999999418,15608.6,40.82367116970439,demo,True
2026-06-02 21:00:00,2026-06-02,2026,6,2,21,Tuesday,False,35356.73,35437.92,3003.44,81.18999999999505,15577.449999999999,43.95700989222844,demo,True
2026-06-02 22:00:00,2026-06-02,2026,6,2,22,Tuesday,False,33326.71,33614.25,2857.7,287.5400000000009,14854.27,44.1903954424091,demo,True
2026-06-02 23:00:00,2026-06-02,2026,6,2,23,Tuesday,False,31624.19,31661.62,2488.61,37.43000000000029,15681.039999999999,49.52696671869601,demo,True
2026-06-03 00:00:00,2026-06-03,2026,6,3,0,Wednesday,False,30093.78,31182.96,2451.36,1089.1800000000003,15170.119999999999,48.64874918865945,demo,True
2026-06-03 01:00:00,2026-06-03,2026,6,3,1,Wednesday,False,26860.75,31736.66,2487.01,4875.91,15468.539999999999,48.740289620898984,demo,True
2026-06-03 02:00:00,2026-06-03,2026,6,3,2,Wednesday,False,26653.2,32252.6,2399.73,5599.399999999998,15886.95,49.25788928644513,demo,True
2026-06-03 03:00:00,2026-06-03,2026,6,3,3,Wednesday,False,28407.02,31397.76,2407.12,2990.739999999998,15037.960000000001,47.89500907071078,demo,True
2026-06-03 04:00:00,2026-06-03,2026,6,3,4,Wednesday,False,28968.11,30342.1,2470.94,1373.989999999998,14793.769999999999,48.756579142511555,demo,True
2026-06-03 05:00:00,2026-06-03,2026,6,3,5,Wednesday,False,32161.41,32522.4,2813.43,360.9900000000016,14190.84,43.63404914766438,demo,True
2026-06-03 06:00:00,2026-06-03,2026,6,3,6,Wednesday,False,33061.88,33518.74,2870.27,456.8600000000006,16070.61,47.945149489509454,demo,True
2026-06-03 07:00:00,2026-06-03,2026,6,3,7,Wednesday,False,33914.09,34555.31,2782.64,641.2200000000012,16393.71,47.441941629231515,demo,True
2026-06-03 08:00:00,2026-06-03,2026,6,3,8,Wednesday,False,36045.72,36766.25,2860.41,720.5299999999988,16297.099999999999,44.3262502974875,demo,True
2026-06-03 09:00:00,2026-06-03,2026,6,3,9,Wednesday,False,36191.33,36573.03,2882.34,381.6999999999971,17418.410000000003,47.62637932924892,demo,True
2026-06-03 10:00:00,2026-06-03,2026,6,3,10,Wednesday,False,38620.28,38787.51,3166.02,167.2300000000032,18228.73,46.99639136412726,demo,True
2026-06-03 11:00:00,2026-06-03,2026,6,3,11,Wednesday,False,38891.8,39152.93,3176.38,261.1299999999974,18557.739999999998,47.398087448372316,demo,True
2026-06-03 12:00:00,2026-06-03,2026,6,3,12,Wednesday,False,38701.02,39234.2,3056.6,533.1800000000003,19025.050000000003,48.49098490602587,demo,True
2026-06-03 13:00:00,2026-06-03,2026,6,3,13,Wednesday,False,39644.38,39733.6,3053.61,89.22000000000116,18684.879999999997,47.02538909134837,demo,True
2026-06-03 14:00:00,2026-06-03,2026,6,3,14,Wednesday,False,39674.8,40185.38,3217.96,510.57999999999447,17888.199999999997,44.514198944989445,demo,True
2026-06-03 15:00:00,2026-06-03,2026,6,3,15,Wednesday,False,38770.72,38990.14,3214.72,219.41999999999825,17475.2,44.81953642638883,demo,True
2026-06-03 16:00:00,2026-06-03,2026,6,3,16,Wednesday,False,37505.52,37796.4,2876.52,290.88000000000466,16493.75,43.63841529881152,demo,True
2026-06-03 17:00:00,2026-06-03,2026,6,3,17,Wednesday,False,39458.27,39562.88,3119.39,104.61000000000058,15819.199999999999,39.98495559473931,demo,True
2026-06-03 18:00:00,2026-06-03,2026,6,3,18,Wednesday,False,39176.25,39187.98,3229.11,11.730000000003201,15654.12,39.94622840983383,demo,True
2026-06-03 19:00:00,2026-06-03,2026,6,3,19,Wednesday,False,38336.84,38536.65,3103.23,199.81000000000495,14419.43,37.41744547074019,demo,True
2026-06-03 20:00:00,2026-06-03,2026,6,3,20,Wednesday,False,37625.37,38109.91,2995.7,484.5400000000009,15229.11,39.96102326140366,demo,True
2026-06-03 21:00:00,2026-06-03,2026,6,3,21,Wednesday,False,34458.71,34582.36,2861.29,123.65000000000146,14850.839999999998,42.94339657559518,demo,True
2026-06-03 22:00:00,2026-06-03,2026,6,3,22,Wednesday,False,34695.3,35235.55,2881.43,540.25,15612.97,44.310277546398446,demo,True
2026-06-03 23:00:00,2026-06-03,2026,6,3,23,Wednesday,False,30578.9,31105.46,2499.24,526.5599999999977,14716.550000000001,47.31179027733395,demo,True
2026-06-04 00:00:00,2026-06-04,2026,6,4,0,Thursday,False,30001.32,31561.76,2577.69,1560.4399999999987,14904.07,47.221922985283456,demo,True
2026-06-04 01:00:00,2026-06-04,2026,6,4,1,Thursday,False,27087.84,30754.11,2435.88,3666.2700000000004,14806.439999999999,48.14458945487285,demo,True
2026-06-04 02:00:00,2026-06-04,2026,6,4,2,Thursday,False,27189.65,30257.48,2363.79,3067.829999999998,14587.070000000002,48.209798040021845,demo,True
2026-06-04 03:00:00,2026-06-04,2026,6,4,3,Thursday,False,29331.27,30522.38,2442.73,1191.1100000000006,15275.69,50.04750612501384,demo,True
2026-06-04 04:00:00,2026-06-04,2026,6,4,4,Thursday,False,29295.9,31309.84,2482.66,2013.9399999999987,14769.319999999998,47.17149624526985,demo,True
2026-06-04 05:00:00,2026-06-04,2026,6,4,5,Thursday,False,31840.94,32379.47,2570.37,538.5300000000025,15888.87,49.07081555071778,demo,True
2026-06-04 06:00:00,2026-06-04,2026,6,4,6,Thursday,False,33458.37,33725.45,2839.57,267.07999999999447,15764.21,46.742771408535695,demo,True
2026-06-04 07:00:00,2026-06-04,2026,6,4,7,Thursday,False,35204.79,35370.11,2763.25,165.3199999999997,16901.24,47.78396222120882,demo,True
2026-06-04 08:00:00,2026-06-04,2026,6,4,8,Thursday,False,37898.03,37944.09,3038.9,46.05999999999767,16939.62,44.64363224944913,demo,True
2026-06-04 09:00:00,2026-06-04,2026,6,4,9,Thursday,False,37960.44,38439.69,2976.02,479.25,18018.54,46.8748317169051,demo,True
2026-06-04 10:00:00,2026-06-04,2026,6,4,10,Thursday,False,37547.65,37721.03,2892.75,173.37999999999738,19335.31,51.25870104819514,demo,True
2026-06-04 11:00:00,2026-06-04,2026,6,4,11,Thursday,False,38471.4,38662.34,3120.67,190.93999999999505,20362.45,52.667401921352926,demo,True
2026-06-04 12:00:00,2026-06-04,2026,6,4,12,Thursday,False,39393.97,39833.31,3047.04,439.3399999999965,20363.98,51.12299228961892,demo,True
2026-06-04 13:00:00,2026-06-04,2026,6,4,13,Thursday,False,39176.02,39795.77,3003.34,619.75,19391.670000000002,48.72796782170568,demo,True
2026-06-04 14:00:00,2026-06-04,2026,6,4,14,Thursday,False,37748.89,38044.13,2879.01,295.23999999999796,20560.96,54.04502613149519,demo,True
2026-06-04 15:00:00,2026-06-04,2026,6,4,15,Thursday,False,38392.96,38618.3,3054.34,225.34000000000378,18635.63,48.25595637301486,demo,True
2026-06-04 16:00:00,2026-06-04,2026,6,4,16,Thursday,False,38602.6,38851.58,3116.27,248.9800000000032,18385.999999999996,47.32368670720726,demo,True
2026-06-04 17:00:00,2026-06-04,2026,6,4,17,Thursday,False,38780.34,38948.35,3201.53,168.01000000000204,16455.86,42.2504676064583,demo,True
2026-06-04 18:00:00,2026-06-04,2026,6,4,18,Thursday,False,37834.36,38020.31,3020.54,185.9499999999971,16037.020000000002,42.180140035680935,demo,True
2026-06-04 19:00:00,2026-06-04,2026,6,4,19,Thursday,False,37690.41,37877.32,3027.33,186.90999999999622,14888.54,39.3072688352819,demo,True
2026-06-04 20:00:00,2026-06-04,2026,6,4,20,Thursday,False,36438.31,36852.24,2976.94,413.9300000000003,15212.39,41.279417479100324,demo,True
2026-06-04 21:00:00,2026-06-04,2026,6,4,21,Thursday,False,35824.16,36058.29,2920.71,234.12999999999738,16208.48,44.95077276265735,demo,True
2026-06-04 22:00:00,2026-06-04,2026,6,4,22,Thursday,False,33865.55,34360.23,2729.09,494.6800000000003,15414.400000000001,44.861166528862,demo,True
2026-06-04 23:00:00,2026-06-04,2026,6,4,23,Thursday,False,31158.43,32941.6,2744.05,1783.1699999999983,16530.95,50.182595866624574,demo,True
2026-06-05 00:00:00,2026-06-05,2026,6,5,0,Friday,False,29212.43,32893.66,2494.83,3681.230000000003,17097.91,51.97934799593599,demo,True
2026-06-05 01:00:00,2026-06-05,2026,6,5,1,Friday,False,28376.93,33603.16,2521.93,5226.230000000003,16174.15,48.132824412942114,demo,True
2026-06-05 02:00:00,2026-06-05,2026,6,5,2,Friday,False,27279.23,32090.75,2438.66,4811.52,16040.55,49.9849645146966,demo,True
2026-06-05 03:00:00,2026-06-05,2026,6,5,3,Friday,False,27477.03,32227.21,2446.75,4750.18,16152.32,50.12013140448708,demo,True
2026-06-05 04:00:00,2026-06-05,2026,6,5,4,Friday,False,28830.37,30923.53,2384.36,2093.16,15945.189999999999,51.56329177167031,demo,True
2026-06-05 05:00:00,2026-06-05,2026,6,5,5,Friday,False,30818.63,31934.94,2586.54,1116.3099999999977,16328.19,51.129546509246616,demo,True
2026-06-05 06:00:00,2026-06-05,2026,6,5,6,Friday,False,32488.07,32793.16,2898.7,305.0900000000038,16087.85,49.058553673997864,demo,True
2026-06-05 07:00:00,2026-06-05,2026,6,5,7,Friday,False,35401.7,35876.61,2995.33,474.9100000000035,17661.93,49.22965129648537,demo,True
2026-06-05 08:00:00,2026-06-05,2026,6,5,8,Friday,False,37464.13,37671.9,2969.06,207.77000000000407,19137.23,50.799747291747956,demo,True
2026-06-05 09:00:00,2026-06-05,2026,6,5,9,Friday,False,37025.13,37471.22,2900.65,446.0900000000038,18880.710000000003,50.38723051984964,demo,True
2026-06-05 10:00:00,2026-06-05,2026,6,5,10,Friday,False,38821.76,39114.54,2811.74,292.77999999999884,20890.48,53.408476745476236,demo,True
2026-06-05 11:00:00,2026-06-05,2026,6,5,11,Friday,False,38889.72,39298.58,2983.44,408.8600000000006,20251.940000000002,51.5335159692793,demo,True
2026-06-05 12:00:00,2026-06-05,2026,6,5,12,Friday,False,39257.2,39681.19,3034.41,423.99000000000524,20842.9,52.5258945107241,demo,True
2026-06-05 13:00:00,2026-06-05,2026,6,5,13,Friday,False,38900.11,38980.61,2968.85,80.5,21834.74,56.01436201229278,demo,True
2026-06-05 14:00:00,2026-06-05,2026,6,5,14,Friday,False,37838.31,38101.27,2927.15,262.9599999999991,20774.19,54.52361561701224,demo,True
2026-06-05 15:00:00,2026-06-05,2026,6,5,15,Friday,False,38026.32,38448.62,3041.34,422.3000000000029,19561.02,50.87574014359943,demo,True
2026-06-05 16:00:00,2026-06-05,2026,6,5,16,Friday,False,39040.4,39491.37,2965.75,450.97000000000116,19263.04,48.7778469068052,demo,True
2026-06-05 17:00:00,2026-06-05,2026,6,5,17,Friday,False,39766.32,40241.94,3147.33,475.6200000000026,18071.84,44.90797411854398,demo,True
2026-06-05 18:00:00,2026-06-05,2026,6,5,18,Friday,False,37257.57,37526.42,2977.57,268.84999999999854,16708.48,44.524577617582494,demo,True
2026-06-05 19:00:00,2026-06-05,2026,6,5,19,Friday,False,38382.28,38909.51,2954.44,527.2300000000032,18186.120000000003,46.73952460465321,demo,True
2026-06-05 20:00:00,2026-06-05,2026,6,5,20,Friday,False,37791.07,37922.77,3144.49,131.6999999999971,18131.91,47.81272570542711,demo,True
2026-06-05 21:00:00,2026-06-05,2026,6,5,21,Friday,False,35186.97,35167.92,2905.55,-19.05000000000291,17434.870000000003,49.57606250241698,demo,True
2026-06-05 22:00:00,2026-06-05,2026,6,5,22,Friday,False,33694.31,33894.34,2671.02,200.02999999999884,17498.89,51.62776439960183,demo,True
2026-06-05 23:00:00,2026-06-05,2026,6,5,23,Friday,False,30778.35,33856.72,2621.93,3078.3700000000026,17771.32,52.489786370327664,demo,True
2026-06-06 00:00:00,2026-06-06,2026,6,6,0,Saturday,True,26913.3,32701.69,2245.54,5788.389999999999,16801.37,51.37768109232275,demo,True
2026-06-06 01:00:00,2026-06-06,2026,6,6,1,Saturday,True,24654.34,34306.36,2182.11,9652.02,17847.35,52.02344404944155,demo,True
2026-06-06 02:00:00,2026-06-06,2026,6,6,2,Saturday,True,23719.79,32970.02,2314.48,9250.229999999996,16936.71,51.37003253258567,demo,True
2026-06-06 03:00:00,2026-06-06,2026,6,6,3,Saturday,True,26449.75,32922.23,2363.81,6472.480000000003,17522.49,53.223885502288276,demo,True
2026-06-06 04:00:00,2026-06-06,2026,6,6,4,Saturday,True,26309.03,34041.61,2340.5,7732.580000000002,18523.78,54.41511138867991,demo,True
2026-06-06 05:00:00,2026-06-06,2026,6,6,5,Saturday,True,28454.13,33664.07,2545.11,5209.939999999999,17250.280000000002,51.24240770649539,demo,True
2026-06-06 06:00:00,2026-06-06,2026,6,6,6,Saturday,True,29841.99,32954.35,2584.79,3112.359999999997,17020.039999999997,51.64732425309557,demo,True
2026-06-06 07:00:00,2026-06-06,2026,6,6,7,Saturday,True,31811.28,35280.12,2587.17,3468.840000000004,19580.989999999998,55.50148355504459,demo,True
2026-06-06 08:00:00,2026-06-06,2026,6,6,8,Saturday,True,34341.65,35716.8,2848.16,1375.1500000000015,19129.16,53.55787752542221,demo,True
2026-06-06 09:00:00,2026-06-06,2026,6,6,9,Saturday,True,35135.4,36214.88,2646.94,1079.479999999996,19840.590000000004,54.78574000521334,demo,True
2026-06-06 10:00:00,2026-06-06,2026,6,6,10,Saturday,True,36578.75,37801.42,2805.83,1222.6699999999983,21381.0,56.56136727138822,demo,True
2026-06-06 11:00:00,2026-06-06,2026,6,6,11,Saturday,True,36870.45,37119.55,2881.99,249.10000000000582,20530.01,55.30780949661296,demo,True
2026-06-06 12:00:00,2026-06-06,2026,6,6,12,Saturday,True,36752.73,37074.99,2934.66,322.25999999999476,20445.91,55.1474457579085,demo,True
2026-06-06 13:00:00,2026-06-06,2026,6,6,13,Saturday,True,36586.18,37273.16,2825.75,686.9800000000032,21684.719999999998,58.17784164261896,demo,True
2026-06-06 14:00:00,2026-06-06,2026,6,6,14,Saturday,True,37470.27,37888.45,2766.75,418.1800000000003,20760.26,54.79310977355896,demo,True
2026-06-06 15:00:00,2026-06-06,2026,6,6,15,Saturday,True,35672.68,36774.96,2639.24,1102.2799999999988,20990.85,57.07919192842086,demo,True
2026-06-06 16:00:00,2026-06-06,2026,6,6,16,Saturday,True,36491.35,36552.34,2886.37,60.98999999999796,19034.85,52.07559899037928,demo,True
2026-06-06 17:00:00,2026-06-06,2026,6,6,17,Saturday,True,37349.05,37682.88,2906.64,333.82999999999447,19087.049999999996,50.65178139250502,demo,True
2026-06-06 18:00:00,2026-06-06,2026,6,6,18,Saturday,True,37202.68,37570.79,2876.35,368.1100000000006,18136.170000000002,48.271995345320136,demo,True
2026-06-06 19:00:00,2026-06-06,2026,6,6,19,Saturday,True,34655.03,34872.35,2718.61,217.3199999999997,16961.08,48.637616908524954,demo,True
2026-06-06 20:00:00,2026-06-06,2026,6,6,20,Saturday,True,34249.68,34447.86,2800.2,198.1800000000003,17005.99,49.36733370374822,demo,True
2026-06-06 21:00:00,2026-06-06,2026,6,6,21,Saturday,True,33754.78,34450.31,2871.29,695.5299999999988,17344.38,50.34607816301218,demo,True
2026-06-06 22:00:00,2026-06-06,2026,6,6,22,Saturday,True,31174.82,32947.27,2614.47,1772.449999999997,17047.36,51.741343061200524,demo,True
2026-06-06 23:00:00,2026-06-06,2026,6,6,23,Saturday,True,28917.18,32449.9,2594.9,3532.720000000001,16871.68,51.99301076428586,demo,True
2026-06-07 00:00:00,2026-06-07,2026,6,7,0,Sunday,True,26854.48,33284.1,2331.06,6429.619999999999,17226.04,51.75456148731677,demo,True
2026-06-07 01:00:00,2026-06-07,2026,6,7,1,Sunday,True,25530.32,33781.45,2341.0,8251.129999999997,17039.36,50.43998999450883,demo,True
2026-06-07 02:00:00,2026-06-07,2026,6,7,2,Sunday,True,25572.59,32916.32,2409.77,7343.73,17323.61,52.62924288012755,demo,True
2026-06-07 03:00:00,2026-06-07,2026,6,7,3,Sunday,True,25623.15,31852.71,2274.16,6229.559999999998,16877.44,52.985884089611204,demo,True
2026-06-07 04:00:00,2026-06-07,2026,6,7,4,Sunday,True,26978.72,32726.48,2371.04,5747.759999999998,17070.57,52.16133846353167,demo,True
2026-06-07 05:00:00,2026-06-07,2026,6,7,5,Sunday,True,28838.02,32939.5,2443.96,4101.48,16866.35,51.204025562015204,demo,True
2026-06-07 06:00:00,2026-06-07,2026,6,7,6,Sunday,True,30347.85,33336.34,2613.78,2988.489999999998,17081.63,51.24026812781488,demo,True
2026-06-07 07:00:00,2026-06-07,2026,6,7,7,Sunday,True,33180.75,33990.65,2782.28,809.9000000000015,18154.22,53.4094523052663,demo,True
2026-06-07 08:00:00,2026-06-07,2026,6,7,8,Sunday,True,36513.3,36681.81,2936.4,168.50999999999476,18521.3,50.49178325715116,demo,True
2026-06-07 09:00:00,2026-06-07,2026,6,7,9,Sunday,True,34412.21,35373.85,2739.68,961.6399999999994,19321.32,54.62034808198712,demo,True
2026-06-07 10:00:00,2026-06-07,2026,6,7,10,Sunday,True,36550.98,37214.99,2727.25,664.0099999999948,21163.739999999998,56.86885848954951,demo,True
2026-06-07 11:00:00,2026-06-07,2026,6,7,11,Sunday,True,36031.54,36301.06,2856.15,269.5199999999968,19251.059999999998,53.031674557161686,demo,True
2026-06-07 12:00:00,2026-06-07,2026,6,7,12,Sunday,True,36942.32,37457.06,2882.33,514.739999999998,20452.98,54.60380499697521,demo,True
2026-06-07 13:00:00,2026-06-07,2026,6,7,13,Sunday,True,36461.75,36566.76,2878.6,105.01000000000204,20792.5,56.86175094539412,demo,True
2026-06-07 14:00:00,2026-06-07,2026,6,7,14,Sunday,True,36909.13,37235.66,2927.57,326.5300000000061,19306.47,51.84940994734617,demo,True
2026-06-07 15:00:00,2026-06-07,2026,6,7,15,Sunday,True,37252.85,37731.15,3051.02,478.3000000000029,20989.57,55.629287737055456,demo,True
2026-06-07 16:00:00,2026-06-07,2026,6,7,16,Sunday,True,36674.5,36846.02,2854.23,171.5199999999968,18433.06,50.02727567319348,demo,True
2026-06-07 17:00:00,2026-06-07,2026,6,7,17,Sunday,True,37358.61,37521.67,2830.24,163.05999999999767,17834.1,47.530133919945456,demo,True
2026-06-07 18:00:00,2026-06-07,2026,6,7,18,Sunday,True,34686.49,34763.0,2733.95,76.51000000000204,15940.45,45.854644305727355,demo,True
2026-06-07 19:00:00,2026-06-07,2026,6,7,19,Sunday,True,36773.58,36726.12,2899.48,-47.45999999999913,16581.559999999998,45.149228941145964,demo,True
2026-06-07 20:00:00,2026-06-07,2026,6,7,20,Sunday,True,34740.88,35060.86,2942.75,319.9800000000032,15796.23,45.053743690257456,demo,True
2026-06-07 21:00:00,2026-06-07,2026,6,7,21,Sunday,True,33568.58,33806.72,2647.65,238.13999999999942,16027.689999999999,47.40977533460802,demo,True
2026-06-07 22:00:00,2026-06-07,2026,6,7,22,Sunday,True,29975.25,32371.71,2450.7,2396.459999999999,15871.27,49.02821012544595,demo,True
2026-06-07 23:00:00,2026-06-07,2026,6,7,23,Sunday,True,28208.96,32003.32,2492.05,3794.3600000000006,15850.689999999999,49.528267692226926,demo,True
2026-06-08 00:00:00,2026-06-08,2026,6,8,0,Monday,False,29619.02,30702.74,2617.26,1083.7200000000012,14835.019999999999,48.3182282753917,demo,True
2026-06-08 01:00:00,2026-06-08,2026,6,8,1,Monday,False,28297.05,31854.86,2324.26,3557.8100000000013,15592.720000000001,48.94926551238963,demo,True
2026-06-08 02:00:00,2026-06-08,2026,6,8,2,Monday,False,28078.98,33524.04,2288.25,5445.060000000001,16599.43,49.515004754796855,demo,True
2026-06-08 03:00:00,2026-06-08,2026,6,8,3,Monday,False,29068.97,32162.14,2430.33,3093.1699999999983,15974.079999999998,49.66734178758005,demo,True
2026-06-08 04:00:00,2026-06-08,2026,6,8,4,Monday,False,28282.87,32507.85,2505.88,4224.98,16664.34,51.262510439786084,demo,True
2026-06-08 05:00:00,2026-06-08,2026,6,8,5,Monday,False,31974.67,32573.2,2675.72,598.5300000000025,16090.1,49.39674333501161,demo,True
2026-06-08 06:00:00,2026-06-08,2026,6,8,6,Monday,False,33338.3,33633.24,2685.96,294.93999999999505,15862.66,47.16363930445001,demo,True
2026-06-08 07:00:00,2026-06-08,2026,6,8,7,Monday,False,35175.61,35202.72,2914.54,27.110000000000582,16930.850000000002,48.095289227650596,demo,True
2026-06-08 08:00:00,2026-06-08,2026,6,8,8,Monday,False,35953.55,36144.07,2911.8,190.5199999999968,16876.05,46.691061631963414,demo,True
2026-06-08 09:00:00,2026-06-08,2026,6,8,9,Monday,False,38518.23,38663.12,3015.55,144.88999999999942,18959.969999999998,49.03890322353705,demo,True
2026-06-08 10:00:00,2026-06-08,2026,6,8,10,Monday,False,37144.29,37933.48,2797.39,789.1900000000023,18980.690000000002,50.03677490174906,demo,True
2026-06-08 11:00:00,2026-06-08,2026,6,8,11,Monday,False,39527.55,39652.9,2993.62,125.34999999999854,20452.1,51.57781650270219,demo,True
2026-06-08 12:00:00,2026-06-08,2026,6,8,12,Monday,False,38003.67,38211.54,3159.38,207.87000000000262,19484.79,50.991899305811806,demo,True
2026-06-08 13:00:00,2026-06-08,2026,6,8,13,Monday,False,38976.58,38964.92,3002.74,-11.660000000003492,20078.34,51.52927299735249,demo,True
2026-06-08 14:00:00,2026-06-08,2026,6,8,14,Monday,False,38802.42,39148.49,2962.59,346.0699999999997,18759.54,47.91893633700815,demo,True
2026-06-08 15:00:00,2026-06-08,2026,6,8,15,Monday,False,39758.67,39846.63,3074.53,87.95999999999913,18659.539999999997,46.828401799600115,demo,True
2026-06-08 16:00:00,2026-06-08,2026,6,8,16,Monday,False,38924.75,39340.09,3087.11,415.3399999999965,17673.48,44.92485909412002,demo,True
2026-06-08 17:00:00,2026-06-08,2026,6,8,17,Monday,False,38590.27,38518.38,3181.47,-71.88999999999942,14884.45,38.64246107961966,demo,True
2026-06-08 18:00:00,2026-06-08,2026,6,8,18,Monday,False,38482.88,38710.99,3156.46,228.11000000000058,14709.740000000002,37.998873188208314,demo,True
2026-06-08 19:00:00,2026-06-08,2026,6,8,19,Monday,False,39061.29,38979.04,3079.21,-82.25,14381.210000000001,36.89472598606841,demo,True
2026-06-08 20:00:00,2026-06-08,2026,6,8,20,Monday,False,37363.74,37525.45,3146.71,161.70999999999913,14620.830000000002,38.96243749242182,demo,True
2026-06-08 21:00:00,2026-06-08,2026,6,8,21,Monday,False,35054.15,35252.45,2957.07,198.29999999999563,14817.42,42.03231264777342,demo,True
2026-06-08 22:00:00,2026-06-08,2026,6,8,22,Monday,False,33173.65,33315.83,2733.04,142.1800000000003,14347.18,43.06415298673333,demo,True
2026-06-08 23:00:00,2026-06-08,2026,6,8,23,Monday,False,30203.47,30908.51,2568.97,705.0399999999972,14601.130000000001,47.23983783106983,demo,True
2026-06-09 00:00:00,2026-06-09,2026,6,9,0,Tuesday,False,29798.79,31043.31,2606.81,1244.5200000000004,14909.149999999998,48.02693398352172,demo,True
2026-06-09 01:00:00,2026-06-09,2026,6,9,1,Tuesday,False,27087.11,29735.58,2509.18,2648.470000000001,13904.769999999999,46.761388209007514,demo,True
2026-06-09 02:00:00,2026-06-09,2026,6,9,2,Tuesday,False,28417.09,31268.62,2337.84,2851.529999999999,15117.06,48.34578564708004,demo,True
2026-06-09 03:00:00,2026-06-09,2026,6,9,3,Tuesday,False,28409.85,29664.14,2493.4,1254.2900000000009,13793.21,46.49792645261248,demo,True
2026-06-09 04:00:00,2026-06-09,2026,6,9,4,Tuesday,False,36503.29,31460.93,3499.88,-5042.360000000001,14010.869999999999,44.5341889130423,demo,True
2026-06-09 05:00:00,2026-06-09,2026,6,9,5,Tuesday,False,30532.9,31084.61,2544.6,551.7099999999991,14802.85,47.62115400514917,demo,True
2026-06-09 06:00:00,2026-06-09,2026,6,9,6,Tuesday,False,33270.64,33680.73,2713.78,410.0900000000038,15121.62,44.89694849250595,demo,True
2026-06-09 07:00:00,2026-06-09,2026,6,9,7,Tuesday,False,36587.06,36888.87,3066.22,301.81000000000495,15333.44,41.566575500957335,demo,True
2026-06-09 08:00:00,2026-06-09,2026,6,9,8,Tuesday,False,37827.31,37793.3,3088.5,-34.00999999999476,15663.66,41.44560014605763,demo,True
2026-06-09 09:00:00,2026-06-09,2026,6,9,9,Tuesday,False,37688.75,38136.38,3195.27,447.6299999999974,17281.58,45.315208208015555,demo,True
2026-06-09 10:00:00,2026-06-09,2026,6,9,10,Tuesday,False,39000.94,39424.98,3028.3,424.0400000000009,17767.92,45.06767029431593,demo,True
2026-06-09 11:00:00,2026-06-09,2026,6,9,11,Tuesday,False,39085.07,39604.18,3100.71,519.1100000000006,17612.9,44.47232590095288,demo,True
2026-06-09 12:00:00,2026-06-09,2026,6,9,12,Tuesday,False,39255.51,39412.55,3110.0,157.04000000000087,18407.13,46.70372761975563,demo,True
2026-06-09 13:00:00,2026-06-09,2026,6,9,13,Tuesday,False,38460.09,38764.26,3126.43,304.17000000000553,17694.590000000004,45.646660093601696,demo,True
2026-06-09 14:00:00,2026-06-09,2026,6,9,14,Tuesday,False,38833.31,38870.05,3207.23,36.74000000000524,16706.36,42.980032184162354,demo,True
2026-06-09 15:00:00,2026-06-09,2026,6,9,15,Tuesday,False,37831.36,38072.14,3026.61,240.77999999999884,16998.47,44.64805498193692,demo,True
2026-06-09 16:00:00,2026-06-09,2026,6,9,16,Tuesday,False,39154.39,39475.85,3026.82,321.4599999999991,15685.81,39.73520519507497,demo,True
2026-06-09 17:00:00,2026-06-09,2026,6,9,17,Tuesday,False,39401.19,39536.7,3089.5,135.50999999999476,14887.529999999999,37.654963616083286,demo,True
2026-06-09 18:00:00,2026-06-09,2026,6,9,18,Tuesday,False,38688.31,38999.93,3149.9,311.6200000000026,13415.869999999999,34.39972840976894,demo,True
2026-06-09 19:00:00,2026-06-09,2026,6,9,19,Tuesday,False,37049.73,37329.97,3115.76,280.23999999999796,14559.720000000003,39.00276373112543,demo,True
2026-06-09 20:00:00,2026-06-09,2026,6,9,20,Tuesday,False,37690.31,37859.34,2927.84,169.02999999999884,14329.69,37.84981460321284,demo,True
2026-06-09 21:00:00,2026-06-09,2026,6,9,21,Tuesday,False,35589.26,36090.8,2839.93,501.5400000000009,13517.470000000001,37.45406031453999,demo,True
2026-06-09 22:00:00,2026-06-09,2026,6,9,22,Tuesday,False,32840.96,33048.76,2832.57,207.8000000000029,13777.960000000001,41.689794110278264,demo,True
2026-06-09 23:00:00,2026-06-09,2026,6,9,23,Tuesday,False,31114.08,31387.99,2529.41,273.90999999999985,14144.38,45.063032070546726,demo,True
2026-06-10 00:00:00,2026-06-10,2026,6,10,0,Wednesday,False,28486.39,29903.33,2382.58,1416.9400000000023,14221.84,47.55938552662864,demo,True
2026-06-10 01:00:00,2026-06-10,2026,6,10,1,Wednesday,False,27611.19,30130.24,2537.36,2519.050000000003,14356.6,47.64847541871555,demo,True
2026-06-10 02:00:00,2026-06-10,2026,6,10,2,Wednesday,False,27524.37,30720.12,2422.37,3195.75,14111.72,45.93640910256861,demo,True
2026-06-10 03:00:00,2026-06-10,2026,6,10,3,Wednesday,False,29189.71,30211.98,2498.78,1022.2700000000004,14236.53,47.122134994131464,demo,True
2026-06-10 04:00:00,2026-06-10,2026,6,10,4,Wednesday,False,29090.87,29563.91,2646.16,473.0400000000009,13809.86,46.711886215321314,demo,True
2026-06-10 05:00:00,2026-06-10,2026,6,10,5,Wednesday,False,31761.15,32088.67,2600.56,327.5199999999968,13781.52,42.94824310262781,demo,True
2026-06-10 06:00:00,2026-06-10,2026,6,10,6,Wednesday,False,32975.68,32832.91,2647.33,-142.7699999999968,14191.800000000001,43.2243136535872,demo,True
2026-06-10 07:00:00,2026-06-10,2026,6,10,7,Wednesday,False,35511.82,35872.68,3061.37,360.8600000000006,14780.05,41.20141009815826,demo,True
2026-06-10 08:00:00,2026-06-10,2026,6,10,8,Wednesday,False,36904.36,37122.89,3012.43,218.52999999999884,15289.66,41.18661020195356,demo,True
2026-06-10 09:00:00,2026-06-10,2026,6,10,9,Wednesday,False,38797.24,39119.12,3147.41,321.88000000000466,16631.66,42.51542468235481,demo,True
2026-06-10 10:00:00,2026-06-10,2026,6,10,10,Wednesday,False,38479.8,38621.77,3034.05,141.9699999999939,16791.75,43.47742218960965,demo,True
2026-06-10 11:00:00,2026-06-10,2026,6,10,11,Wednesday,False,37992.9,38072.03,3004.76,79.12999999999738,17690.189999999995,46.46505584283264,demo,True
2026-06-10 12:00:00,2026-06-10,2026,6,10,12,Wednesday,False,38100.78,38272.56,2953.86,171.77999999999884,17952.03,46.90574657143395,demo,True
2026-06-10 13:00:00,2026-06-10,2026,6,10,13,Wednesday,False,38586.85,38871.41,3079.59,284.56000000000495,17842.769999999997,45.90203957098545,demo,True
2026-06-10 14:00:00,2026-06-10,2026,6,10,14,Wednesday,False,38031.49,38385.27,3094.76,353.77999999999884,17646.109999999997,45.971045664131054,demo,True
2026-06-10 15:00:00,2026-06-10,2026,6,10,15,Wednesday,False,39247.14,39551.84,3135.26,304.6999999999971,16440.85,41.567851204899696,demo,True
2026-06-10 16:00:00,2026-06-10,2026,6,10,16,Wednesday,False,38743.77,38825.15,3176.07,81.38000000000466,16656.879999999997,42.90229400272761,demo,True
2026-06-10 17:00:00,2026-06-10,2026,6,10,17,Wednesday,False,40758.4,41339.18,3291.9,580.7799999999988,15320.539999999999,37.060580301786345,demo,True
2026-06-10 18:00:00,2026-06-10,2026,6,10,18,Wednesday,False,37641.1,37951.01,2953.77,309.9100000000035,14753.849999999999,38.87604045320532,demo,True
2026-06-10 19:00:00,2026-06-10,2026,6,10,19,Wednesday,False,38332.81,38470.78,3073.88,137.97000000000116,14915.369999999999,38.77064618913368,demo,True
2026-06-10 20:00:00,2026-06-10,2026,6,10,20,Wednesday,False,36218.77,36545.13,2941.49,326.3600000000006,13583.490000000002,37.16908381499807,demo,True
2026-06-10 21:00:00,2026-06-10,2026,6,10,21,Wednesday,False,34998.71,35294.79,2949.44,296.08000000000175,14788.6,41.90023513385403,demo,True
2026-06-10 22:00:00,2026-06-10,2026,6,10,22,Wednesday,False,33458.16,33676.6,2842.38,218.43999999999505,13920.83,41.3368035965626,demo,True
2026-06-10 23:00:00,2026-06-10,2026,6,10,23,Wednesday,False,29692.74,31173.85,2565.62,1481.109999999997,14649.2,46.99194998372033,demo,True
2026-06-11 00:00:00,2026-06-11,2026,6,11,0,Thursday,False,29712.64,30511.07,2651.8,798.4300000000003,14105.48,46.230695940850325,demo,True
2026-06-11 01:00:00,2026-06-11,2026,6,11,1,Thursday,False,29671.01,30846.68,2368.68,1175.670000000002,15217.020000000002,49.33114357849857,demo,True
2026-06-11 02:00:00,2026-06-11,2026,6,11,2,Thursday,False,27593.43,28821.15,2369.83,1227.7200000000012,14143.960000000001,49.07493281843368,demo,True
2026-06-11 03:00:00,2026-06-11,2026,6,11,3,Thursday,False,28521.68,31134.15,2430.35,2612.470000000001,15197.910000000002,48.81427628504392,demo,True
2026-06-11 04:00:00,2026-06-11,2026,6,11,4,Thursday,False,30265.97,31728.66,2590.85,1462.6899999999987,15702.839999999998,49.4910279854239,demo,True
2026-06-11 05:00:00,2026-06-11,2026,6,11,5,Thursday,False,31208.23,31500.83,2678.42,292.6000000000022,15200.789999999999,48.255204704130016,demo,True
2026-06-11 06:00:00,2026-06-11,2026,6,11,6,Thursday,False,32955.83,33449.12,2771.12,493.2900000000009,13921.189999999999,41.61900223384052,demo,True
2026-06-11 07:00:00,2026-06-11,2026,6,11,7,Thursday,False,33755.24,33527.38,2642.13,-227.86000000000058,16575.079999999998,49.43744485850072,demo,True
2026-06-11 08:00:00,2026-06-11,2026,6,11,8,Thursday,False,37462.03,37858.69,3035.07,396.6600000000035,16871.309999999998,44.56390329406537,demo,True
2026-06-11 09:00:00,2026-06-11,2026,6,11,9,Thursday,False,38116.88,38597.73,3018.46,480.8500000000058,18719.81,48.4997692869503,demo,True
2026-06-11 10:00:00,2026-06-11,2026,6,11,10,Thursday,False,38155.29,38281.34,2894.3,126.04999999999563,17612.51,46.00808122181721,demo,True
2026-06-11 11:00:00,2026-06-11,2026,6,11,11,Thursday,False,39192.29,39191.38,3042.63,-0.9100000000034925,18831.77,48.05079586378434,demo,True
2026-06-11 12:00:00,2026-06-11,2026,6,11,12,Thursday,False,38669.56,39214.75,3028.56,545.1900000000023,21396.039999999997,54.56120464876098,demo,True
2026-06-11 13:00:00,2026-06-11,2026,6,11,13,Thursday,False,38599.26,38533.11,3175.27,-66.15000000000146,19072.859999999997,49.49732840147083,demo,True
2026-06-11 14:00:00,2026-06-11,2026,6,11,14,Thursday,False,39340.24,39665.59,2998.12,325.34999999999854,17995.6,45.368290248550444,demo,True
2026-06-11 15:00:00,2026-06-11,2026,6,11,15,Thursday,False,38033.13,38467.29,3082.46,434.1600000000035,18160.81,47.211046060172166,demo,True
2026-06-11 16:00:00,2026-06-11,2026,6,11,16,Thursday,False,39812.93,40134.31,3061.38,321.3799999999974,16136.93,40.207318875047314,demo,True
2026-06-11 17:00:00,2026-06-11,2026,6,11,17,Thursday,False,38127.79,38479.42,2924.5,351.6299999999974,16940.65,44.025221793883595,demo,True
2026-06-11 18:00:00,2026-06-11,2026,6,11,18,Thursday,False,38403.61,38605.91,2957.73,202.3000000000029,16293.119999999999,42.203693683169234,demo,True
2026-06-11 19:00:00,2026-06-11,2026,6,11,19,Thursday,False,39546.33,39879.62,3207.21,333.2900000000009,15512.6,38.8985652320659,demo,True
2026-06-11 20:00:00,2026-06-11,2026,6,11,20,Thursday,False,37807.48,37929.96,3050.55,122.47999999999593,15743.97,41.508005808600906,demo,True
2026-06-11 21:00:00,2026-06-11,2026,6,11,21,Thursday,False,35422.41,35568.2,2851.34,145.7899999999936,16187.169999999998,45.51023104908317,demo,True
2026-06-11 22:00:00,2026-06-11,2026,6,11,22,Thursday,False,32710.8,32967.19,2765.21,256.39000000000306,15310.59,46.44190178174118,demo,True
2026-06-11 23:00:00,2026-06-11,2026,6,11,23,Thursday,False,30960.01,30950.84,2610.05,-9.169999999998254,15317.33,49.48922226343453,demo,True
2026-06-12 00:00:00,2026-06-12,2026,6,12,0,Friday,False,29608.15,31399.14,2536.19,1790.989999999998,15798.279999999997,50.31437166750426,demo,True
2026-06-12 01:00:00,2026-06-12,2026,6,12,1,Friday,False,28375.25,31530.1,2440.63,3154.8499999999985,15436.04,48.95652091176368,demo,True
2026-06-12 02:00:00,2026-06-12,2026,6,12,2,Friday,False,27857.22,32472.27,2350.17,4615.049999999999,15749.060000000001,48.50002786993334,demo,True
2026-06-12 03:00:00,2026-06-12,2026,6,12,3,Friday,False,28328.23,32014.87,2625.41,3686.6399999999994,15314.84,47.836645908604346,demo,True
2026-06-12 04:00:00,2026-06-12,2026,6,12,4,Friday,False,29408.46,32498.15,2641.21,3089.6900000000023,16355.77,50.3283109961644,demo,True
2026-06-12 05:00:00,2026-06-12,2026,6,12,5,Friday,False,30323.61,32415.97,2707.64,2092.3600000000006,16359.690000000002,50.467994633509356,demo,True
2026-06-12 06:00:00,2026-06-12,2026,6,12,6,Friday,False,33010.94,33187.47,2675.02,176.52999999999884,16216.31,48.86274850116625,demo,True
2026-06-12 07:00:00,2026-06-12,2026,6,12,7,Friday,False,35998.49,36363.64,2829.74,365.15000000000146,17600.179999999997,48.40049015995098,demo,True
2026-06-12 08:00:00,2026-06-12,2026,6,12,8,Friday,False,36065.5,36377.73,2844.64,312.2300000000032,18275.13,50.23713684168858,demo,True
2026-06-12 09:00:00,2026-06-12,2026,6,12,9,Friday,False,38073.41,38123.34,3095.86,49.929999999993015,18781.28,49.26451879609709,demo,True
2026-06-12 10:00:00,2026-06-12,2026,6,12,10,Friday,False,38300.34,38569.36,2988.63,269.0200000000041,20269.17,52.552518372096394,demo,True
2026-06-12 11:00:00,2026-06-12,2026,6,12,11,Friday,False,39191.62,39488.77,2992.12,297.1499999999942,20564.170000000002,52.07599527663182,demo,True
2026-06-12 12:00:00,2026-06-12,2026,6,12,12,Friday,False,38816.1,39105.62,3058.65,289.5200000000041,20054.41,51.2826800853688,demo,True
2026-06-12 13:00:00,2026-06-12,2026,6,12,13,Friday,False,40013.34,40085.75,3017.61,72.41000000000349,21007.26,52.40580505541246,demo,True
2026-06-12 14:00:00,2026-06-12,2026,6,12,14,Friday,False,39280.44,39558.47,2942.69,278.02999999999884,19538.85,49.392329885357036,demo,True
2026-06-12 15:00:00,2026-06-12,2026,6,12,15,Friday,False,38061.73,38476.93,2985.61,415.1999999999971,20305.51,52.77320721793552,demo,True
2026-06-12 16:00:00,2026-06-12,2026,6,12,16,Friday,False,39559.67,39906.32,3038.64,346.65000000000146,19422.55,48.67036098542787,demo,True
2026-06-12 17:00:00,2026-06-12,2026,6,12,17,Friday,False,38573.91,38897.98,3040.8,324.0699999999997,18311.76,47.076377745065415,demo,True
2026-06-12 18:00:00,2026-06-12,2026,6,12,18,Friday,False,38473.6,39019.29,2838.76,545.6900000000023,15922.69,40.807226374441974,demo,True
2026-06-12 19:00:00,2026-06-12,2026,6,12,19,Friday,False,38429.94,38710.14,3006.84,280.1999999999971,15291.43,39.50238877978742,demo,True
2026-06-12 20:00:00,2026-06-12,2026,6,12,20,Friday,False,36684.11,36782.57,2933.61,98.45999999999913,17338.43,47.1376252393457,demo,True
2026-06-12 21:00:00,2026-06-12,2026,6,12,21,Friday,False,35989.09,36088.12,2768.7,99.03000000000611,16715.359999999997,46.31817894642336,demo,True
2026-06-12 22:00:00,2026-06-12,2026,6,12,22,Friday,False,32837.01,33118.69,2572.82,281.6800000000003,16549.79,49.97114922117994,demo,True
2026-06-12 23:00:00,2026-06-12,2026,6,12,23,Friday,False,30907.23,33491.81,2591.15,2584.579999999998,17331.27,51.74778550338128,demo,True
2026-06-13 00:00:00,2026-06-13,2026,6,13,0,Saturday,True,26607.4,32228.63,2426.0,5621.23,16139.630000000001,50.07854817285128,demo,True
2026-06-13 01:00:00,2026-06-13,2026,6,13,1,Saturday,True,25463.03,31232.27,2202.54,5769.240000000002,16404.63,52.524616366341604,demo,True
2026-06-13 02:00:00,2026-06-13,2026,6,13,2,Saturday,True,26200.27,33206.51,2303.93,7006.240000000002,17243.54,51.92819118901685,demo,True
2026-06-13 03:00:00,2026-06-13,2026,6,13,3,Saturday,True,26299.97,32412.95,2319.18,6112.98,16475.17,50.8289742217231,demo,True
2026-06-13 04:00:00,2026-06-13,2026,6,13,4,Saturday,True,28265.49,32749.85,2301.79,4484.359999999997,16945.98,51.74368737566737,demo,True
2026-06-13 05:00:00,2026-06-13,2026,6,13,5,Saturday,True,30430.35,33332.29,2669.3,2901.9400000000023,17186.239999999998,51.56033383844913,demo,True
2026-06-13 06:00:00,2026-06-13,2026,6,13,6,Saturday,True,30161.0,33362.37,2528.83,3201.3700000000026,17327.59,51.93752722003862,demo,True
2026-06-13 07:00:00,2026-06-13,2026,6,13,7,Saturday,True,32917.55,34206.24,2665.46,1288.689999999995,18544.61,54.21411414993288,demo,True
2026-06-13 08:00:00,2026-06-13,2026,6,13,8,Saturday,True,33709.99,35290.24,2762.07,1580.25,18933.129999999997,53.649762653923574,demo,True
2026-06-13 09:00:00,2026-06-13,2026,6,13,9,Saturday,True,35171.78,35672.37,2666.94,500.5900000000038,19217.649999999998,53.872647093534844,demo,True
2026-06-13 10:00:00,2026-06-13,2026,6,13,10,Saturday,True,35943.11,36417.03,2940.9,473.91999999999825,19184.78,52.68079247538858,demo,True
2026-06-13 11:00:00,2026-06-13,2026,6,13,11,Saturday,True,35883.66,36519.45,2937.12,635.7899999999936,19878.739999999998,54.43329513451051,demo,True
2026-06-13 12:00:00,2026-06-13,2026,6,13,12,Saturday,True,35861.82,37073.96,2837.68,1212.1399999999994,21045.879999999997,56.76728355967368,demo,True
2026-06-13 13:00:00,2026-06-13,2026,6,13,13,Saturday,True,36388.16,36564.24,2906.52,176.07999999999447,20184.969999999998,55.20412840523965,demo,True
2026-06-13 14:00:00,2026-06-13,2026,6,13,14,Saturday,True,35584.13,35659.93,2784.86,75.80000000000291,20016.19,56.13076077266556,demo,True
2026-06-13 15:00:00,2026-06-13,2026,6,13,15,Saturday,True,37079.49,37235.99,2998.54,156.5,19603.72,52.647237256213685,demo,True
2026-06-13 16:00:00,2026-06-13,2026,6,13,16,Saturday,True,35957.38,36336.0,2779.23,378.6200000000026,19432.359999999997,53.47963452223689,demo,True
2026-06-13 17:00:00,2026-06-13,2026,6,13,17,Saturday,True,38592.87,38999.2,3057.85,406.32999999999447,17373.56,44.548503559047376,demo,True
2026-06-13 18:00:00,2026-06-13,2026,6,13,18,Saturday,True,36071.53,36443.12,2926.96,371.5900000000038,16109.07,44.203322876855765,demo,True
2026-06-13 19:00:00,2026-06-13,2026,6,13,19,Saturday,True,35770.68,35901.08,2899.72,130.40000000000146,16113.529999999999,44.88313443495293,demo,True
2026-06-13 20:00:00,2026-06-13,2026,6,13,20,Saturday,True,33631.59,33762.96,2851.8,131.37000000000262,16599.59,49.1650909754358,demo,True
2026-06-13 21:00:00,2026-06-13,2026,6,13,21,Saturday,True,34068.36,34670.52,2989.04,602.1599999999962,16426.88,47.37996430396775,demo,True
2026-06-13 22:00:00,2026-06-13,2026,6,13,22,Saturday,True,31672.82,32525.87,2610.54,853.0499999999993,17265.79,53.08325342258332,demo,True
2026-06-13 23:00:00,2026-06-13,2026,6,13,23,Saturday,True,29058.34,31462.42,2545.77,2404.079999999998,15496.250000000002,49.25320429897002,demo,True
2026-06-14 00:00:00,2026-06-14,2026,6,14,0,Sunday,True,26134.1,32045.27,2255.86,5911.170000000002,16448.2,51.32801190316075,demo,True
2026-06-14 01:00:00,2026-06-14,2026,6,14,1,Sunday,True,26016.45,32074.7,2419.9,6058.25,16215.150000000001,50.55433098361014,demo,True
2026-06-14 02:00:00,2026-06-14,2026,6,14,2,Sunday,True,24655.83,31078.84,2210.32,6423.009999999998,15503.07,49.88303939271864,demo,True
2026-06-14 03:00:00,2026-06-14,2026,6,14,3,Sunday,True,26893.46,32427.14,2655.67,5533.68,16516.25,50.93341565121069,demo,True
2026-06-14 04:00:00,2026-06-14,2026,6,14,4,Sunday,True,27644.96,32824.21,2270.02,5179.25,16416.0,50.01186624141145,demo,True
2026-06-14 05:00:00,2026-06-14,2026,6,14,5,Sunday,True,28919.8,32437.8,2679.34,3518.0,16428.13,50.645019082675155,demo,True
2026-06-14 06:00:00,2026-06-14,2026,6,14,6,Sunday,True,29187.04,32242.7,2599.14,3055.66,15907.660000000002,49.33724532995066,demo,True
2026-06-14 07:00:00,2026-06-14,2026,6,14,7,Sunday,True,32189.87,32402.45,2557.19,212.58000000000175,16768.17,51.749697939507655,demo,True
2026-06-14 08:00:00,2026-06-14,2026,6,14,8,Sunday,True,35024.77,35400.85,3043.5,376.08000000000175,17276.260000000002,48.801822555108146,demo,True
2026-06-14 09:00:00,2026-06-14,2026,6,14,9,Sunday,True,36575.12,36936.67,2832.33,361.54999999999563,18243.99,49.392622561806476,demo,True
2026-06-14 10:00:00,2026-06-14,2026,6,14,10,Sunday,True,37170.59,37712.53,2896.45,541.9400000000023,19914.62,52.80637496344053,demo,True
2026-06-14 11:00:00,2026-06-14,2026,6,14,11,Sunday,True,35519.26,35690.43,2702.4,171.16999999999825,19602.26,54.92301437668304,demo,True
2026-06-14 12:00:00,2026-06-14,2026,6,14,12,Sunday,True,36819.23,37088.32,2912.45,269.0899999999965,18513.77,49.91806045676914,demo,True
2026-06-14 13:00:00,2026-06-14,2026,6,14,13,Sunday,True,37210.02,37207.77,2921.85,-2.25,19664.510000000002,52.85054707659181,demo,True
2026-06-14 14:00:00,2026-06-14,2026,6,14,14,Sunday,True,35285.0,35553.57,2905.03,268.5699999999997,18302.17,51.47772783436375,demo,True
2026-06-14 15:00:00,2026-06-14,2026,6,14,15,Sunday,True,36494.46,36949.67,3130.59,455.2099999999991,18266.6,49.43643610348888,demo,True
2026-06-14 16:00:00,2026-06-14,2026,6,14,16,Sunday,True,36801.5,37091.0,2902.34,289.5,17251.14,46.51031247472433,demo,True
2026-06-14 17:00:00,2026-06-14,2026,6,14,17,Sunday,True,36425.64,37091.92,2705.82,666.2799999999988,15888.73,42.83609476133886,demo,True
2026-06-14 18:00:00,2026-06-14,2026,6,14,18,Sunday,True,35100.99,35444.53,2941.06,343.5400000000009,15082.309999999998,42.551869075425735,demo,True
2026-06-14 19:00:00,2026-06-14,2026,6,14,19,Sunday,True,35502.28,35655.0,2885.34,152.72000000000116,13638.63,38.25166175851914,demo,True
2026-06-14 20:00:00,2026-06-14,2026,6,14,20,Sunday,True,34319.22,34651.26,3006.58,332.0400000000009,14584.89,42.09050406825033,demo,True
2026-06-14 21:00:00,2026-06-14,2026,6,14,21,Sunday,True,32780.44,32767.03,2713.69,-13.410000000003492,15733.93,48.01756521723208,demo,True
2026-06-14 22:00:00,2026-06-14,2026,6,14,22,Sunday,True,30504.74,31386.41,2518.46,881.6699999999983,15288.880000000001,48.7117832208271,demo,True
2026-06-14 23:00:00,2026-06-14,2026,6,14,23,Sunday,True,28550.39,31084.45,2382.51,2534.0600000000013,15390.94,49.51330970951714,demo,True
2026-06-15 00:00:00,2026-06-15,2026,6,15,0,Monday,False,29559.07,31607.94,2595.54,2048.869999999999,15183.789999999999,48.03789807244635,demo,True
2026-06-15 01:00:00,2026-06-15,2026,6,15,1,Monday,False,28688.7,30431.1,2460.67,1742.3999999999978,14886.779999999999,48.919624988909376,demo,True
2026-06-15 02:00:00,2026-06-15,2026,6,15,2,Monday,False,27737.73,30725.87,2582.2,2988.1399999999994,14286.27,46.495900685643726,demo,True
2026-06-15 03:00:00,2026-06-15,2026,6,15,3,Monday,False,28093.06,30039.08,2441.08,1946.0200000000004,14379.349999999999,47.868809564074525,demo,True
2026-06-15 04:00:00,2026-06-15,2026,6,15,4,Monday,False,29653.17,29722.72,2687.09,69.55000000000291,13636.400000000001,45.87870827434367,demo,True
2026-06-15 05:00:00,2026-06-15,2026,6,15,5,Monday,False,30018.35,30549.03,2465.91,530.6800000000003,13567.38,44.41181929508073,demo,True
2026-06-15 06:00:00,2026-06-15,2026,6,15,6,Monday,False,33736.42,33456.39,2646.38,-280.02999999999884,14464.84,43.234909683919874,demo,True
2026-06-15 07:00:00,2026-06-15,2026,6,15,7,Monday,False,35387.86,35644.79,2952.65,256.9300000000003,16208.8,45.473125244951646,demo,True
2026-06-15 08:00:00,2026-06-15,2026,6,15,8,Monday,False,37081.12,37370.29,2939.99,289.16999999999825,16425.25,43.95269611233951,demo,True
2026-06-15 09:00:00,2026-06-15,2026,6,15,9,Monday,False,38908.61,39156.76,3058.01,248.15000000000146,17242.670000000002,44.034976336142215,demo,True
2026-06-15 10:00:00,2026-06-15,2026,6,15,10,Monday,False,37537.2,37877.21,2890.49,340.01000000000204,18016.579999999998,47.56575259899026,demo,True
2026-06-15 11:00:00,2026-06-15,2026,6,15,11,Monday,False,37761.99,38031.91,2915.69,269.92000000000553,17034.41,44.789783105818245,demo,True
2026-06-15 12:00:00,2026-06-15,2026,6,15,12,Monday,False,39309.8,39649.74,3140.94,339.93999999999505,18596.5,46.90194689801245,demo,True
2026-06-15 13:00:00,2026-06-15,2026,6,15,13,Monday,False,39004.18,39145.78,3097.86,141.59999999999854,16534.58,42.238473725648085,demo,True
2026-06-15 14:00:00,2026-06-15,2026,6,15,14,Monday,False,39074.96,39062.33,2981.23,-12.62999999999738,17995.4,46.06842448978338,demo,True
2026-06-15 15:00:00,2026-06-15,2026,6,15,15,Monday,False,38686.51,38928.16,3136.23,241.65000000000146,17388.23,44.66748492607921,demo,True
2026-06-15 16:00:00,2026-06-15,2026,6,15,16,Monday,False,39584.85,39650.08,3248.67,65.2300000000032,16100.19,40.60569360767998,demo,True
2026-06-15 17:00:00,2026-06-15,2026,6,15,17,Monday,False,39799.02,39917.88,3175.7,118.86000000000058,14453.27,36.20750901600987,demo,True
2026-06-15 18:00:00,2026-06-15,2026,6,15,18,Monday,False,39246.29,39705.35,3278.42,459.0599999999977,12502.06,31.48709178989733,demo,True
2026-06-15 19:00:00,2026-06-15,2026,6,15,19,Monday,False,38057.69,38588.13,3005.95,530.439999999995,13619.54,35.294635941156,demo,True
2026-06-15 20:00:00,2026-06-15,2026,6,15,20,Monday,False,35582.95,36038.64,2993.73,455.6900000000023,13657.48,37.89676857950244,demo,True
2026-06-15 21:00:00,2026-06-15,2026,6,15,21,Monday,False,35932.56,36354.89,2978.1,422.33000000000175,13645.89,37.53522566015191,demo,True
2026-06-15 22:00:00,2026-06-15,2026,6,15,22,Monday,False,34264.38,34525.17,2768.81,260.7900000000009,14524.74,42.07000284140527,demo,True
2026-06-15 23:00:00,2026-06-15,2026,6,15,23,Monday,False,31821.69,32254.47,2900.33,432.7800000000025,13115.349999999999,40.6621159795836,demo,True
2026-06-16 00:00:00,2026-06-16,2026,6,16,0,Tuesday,False,28981.11,29520.57,2529.79,539.4599999999991,14132.799999999997,47.87441434904542,demo,True
2026-06-16 01:00:00,2026-06-16,2026,6,16,1,Tuesday,False,28860.63,29750.84,2453.23,890.2099999999991,14065.0,47.27597607328062,demo,True
2026-06-16 02:00:00,2026-06-16,2026,6,16,2,Tuesday,False,28563.2,30018.95,2484.19,1455.75,14518.740000000002,48.36524928420215,demo,True
2026-06-16 03:00:00,2026-06-16,2026,6,16,3,Tuesday,False,29480.98,29973.03,2477.21,492.0499999999993,13529.330000000002,45.13834603975642,demo,True
2026-06-16 04:00:00,2026-06-16,2026,6,16,4,Tuesday,False,28985.25,29514.35,2403.09,529.0999999999985,14208.13,48.139735416839606,demo,True
2026-06-16 05:00:00,2026-06-16,2026,6,16,5,Tuesday,False,31214.48,31586.58,2631.34,372.1000000000022,13311.640000000001,42.143340621238515,demo,True
2026-06-16 06:00:00,2026-06-16,2026,6,16,6,Tuesday,False,33935.59,33876.15,2790.22,-59.43999999999505,14125.55,41.69762502527589,demo,True
2026-06-16 07:00:00,2026-06-16,2026,6,16,7,Tuesday,False,35438.44,35470.01,2845.42,31.56999999999971,14255.03,40.18896526953333,demo,True
2026-06-16 08:00:00,2026-06-16,2026,6,16,8,Tuesday,False,36281.2,36300.33,3089.29,19.130000000004657,13937.880000000001,38.39601458168562,demo,True
2026-06-16 09:00:00,2026-06-16,2026,6,16,9,Tuesday,False,38536.33,38831.72,3007.04,295.3899999999994,16283.640000000001,41.933862316683374,demo,True
2026-06-16 10:00:00,2026-06-16,2026,6,16,10,Tuesday,False,39319.23,39633.04,3022.44,313.8099999999977,17337.7,43.74557187639404,demo,True
2026-06-16 11:00:00,2026-06-16,2026,6,16,11,Tuesday,False,39215.24,39906.33,2994.93,691.0900000000038,17399.059999999998,43.5997497138925,demo,True
2026-06-16 12:00:00,2026-06-16,2026,6,16,12,Tuesday,False,39281.85,39515.42,2980.77,233.5699999999997,17745.46,44.90768413950807,demo,True
2026-06-16 13:00:00,2026-06-16,2026,6,16,13,Tuesday,False,38838.07,39227.13,3145.07,389.0599999999977,18688.84,47.64263916325258,demo,True
2026-06-16 14:00:00,2026-06-16,2026,6,16,14,Tuesday,False,40000.63,40279.59,3172.75,278.9599999999991,17292.36,42.93082427105142,demo,True
2026-06-16 15:00:00,2026-06-16,2026,6,16,15,Tuesday,False,38389.51,38763.51,3113.31,374.0,17180.140000000003,44.320393070699744,demo,True
2026-06-16 16:00:00,2026-06-16,2026,6,16,16,Tuesday,False,38718.68,38994.54,3175.41,275.8600000000006,16476.31,42.25286411892537,demo,True
2026-06-16 17:00:00,2026-06-16,2026,6,16,17,Tuesday,False,39163.86,39611.79,3094.32,447.9300000000003,15827.43,39.95636147722686,demo,True
2026-06-16 18:00:00,2026-06-16,2026,6,16,18,Tuesday,False,39532.77,39593.29,3322.04,60.520000000004075,13278.53,33.53732412739633,demo,True
2026-06-16 19:00:00,2026-06-16,2026,6,16,19,Tuesday,False,37202.11,37011.56,2986.59,-190.5500000000029,13382.73,36.15824353256118,demo,True
2026-06-16 20:00:00,2026-06-16,2026,6,16,20,Tuesday,False,36151.13,36476.26,2885.55,325.13000000000466,13243.52,36.30723105932461,demo,True
2026-06-16 21:00:00,2026-06-16,2026,6,16,21,Tuesday,False,33977.68,33902.77,2842.91,-74.91000000000349,14989.089999999998,44.211992117458244,demo,True
2026-06-16 22:00:00,2026-06-16,2026,6,16,22,Tuesday,False,33442.05,33928.17,2806.65,486.11999999999534,14331.009999999998,42.23926607300069,demo,True
2026-06-16 23:00:00,2026-06-16,2026,6,16,23,Tuesday,False,30597.68,30749.02,2631.88,151.34000000000015,13786.81,44.83658340981273,demo,True
2026-06-17 00:00:00,2026-06-17,2026,6,17,0,Wednesday,False,29337.68,30615.97,2609.77,1278.2900000000009,15097.290000000003,49.31181340979888,demo,True
2026-06-17 01:00:00,2026-06-17,2026,6,17,1,Wednesday,False,28861.94,30118.3,2523.65,1256.3600000000006,13911.23,46.18862950432129,demo,True
2026-06-17 02:00:00,2026-06-17,2026,6,17,2,Wednesday,False,27521.75,28717.12,2476.47,1195.369999999999,12939.050000000001,45.056920749713065,demo,True
2026-06-17 03:00:00,2026-06-17,2026,6,17,3,Wednesday,False,28561.71,30485.89,2615.0,1924.1800000000003,14295.93,46.893595692958286,demo,True
2026-06-17 04:00:00,2026-06-17,2026,6,17,4,Wednesday,False,29398.99,29863.42,2562.48,464.42999999999665,14013.210000000001,46.9243308368566,demo,True
2026-06-17 05:00:00,2026-06-17,2026,6,17,5,Wednesday,False,31853.48,32250.26,2749.94,396.77999999999884,13659.66,42.355193415494945,demo,True
2026-06-17 06:00:00,2026-06-17,2026,6,17,6,Wednesday,False,33755.09,34210.13,2692.71,455.0400000000009,13988.160000000002,40.88894137496702,demo,True
2026-06-17 07:00:00,2026-06-17,2026,6,17,7,Wednesday,False,34923.9,34933.97,3198.36,10.069999999999709,15329.980000000001,43.88273076320842,demo,True
2026-06-17 08:00:00,2026-06-17,2026,6,17,8,Wednesday,False,36955.28,37301.78,2855.94,346.5,15103.22,40.48927423838755,demo,True
2026-06-17 09:00:00,2026-06-17,2026,6,17,9,Wednesday,False,38986.72,39183.95,3032.13,197.22999999999593,17554.41,44.80000102082613,demo,True
2026-06-17 10:00:00,2026-06-17,2026,6,17,10,Wednesday,False,39199.53,39283.75,3035.02,84.22000000000116,17941.170000000002,45.670716263085886,demo,True
2026-06-17 11:00:00,2026-06-17,2026,6,17,11,Wednesday,False,38185.8,38444.46,3203.7,258.6599999999962,18466.329999999998,48.03378692274517,demo,True
2026-06-17 12:00:00,2026-06-17,2026,6,17,12,Wednesday,False,39597.07,39521.05,3032.71,-76.0199999999968,19256.75,48.725299555553306,demo,True
2026-06-17 13:00:00,2026-06-17,2026,6,17,13,Wednesday,False,38269.94,38686.06,3050.27,416.11999999999534,19030.329999999998,49.191698508454984,demo,True
2026-06-17 14:00:00,2026-06-17,2026,6,17,14,Wednesday,False,39964.59,40162.27,3073.35,197.6800000000003,18592.75,46.29407152533958,demo,True
2026-06-17 15:00:00,2026-06-17,2026,6,17,15,Wednesday,False,39746.87,39910.92,3030.25,164.04999999999563,17801.54,44.603181284721074,demo,True
2026-06-17 16:00:00,2026-06-17,2026,6,17,16,Wednesday,False,39342.73,39567.94,3166.46,225.20999999999913,16885.18,42.673892044923235,demo,True
2026-06-17 17:00:00,2026-06-17,2026,6,17,17,Wednesday,False,39276.23,39496.08,3063.0,219.84999999999854,15938.83,40.35547325202906,demo,True
2026-06-17 18:00:00,2026-06-17,2026,6,17,18,Wednesday,False,38781.18,39236.5,3137.02,455.3199999999997,14832.93,37.80390707631924,demo,True
2026-06-17 19:00:00,2026-06-17,2026,6,17,19,Wednesday,False,38735.23,38788.01,3172.85,52.779999999998836,14628.300000000001,37.71345835994164,demo,True
2026-06-17 20:00:00,2026-06-17,2026,6,17,20,Wednesday,False,36818.79,36999.99,3169.57,181.1999999999971,14645.34,39.58201069784073,demo,True
2026-06-17 21:00:00,2026-06-17,2026,6,17,21,Wednesday,False,35578.99,35790.01,2788.88,211.02000000000407,15562.15,43.481826353219795,demo,True
2026-06-17 22:00:00,2026-06-17,2026,6,17,22,Wednesday,False,34039.52,34097.79,2812.18,58.270000000004075,14430.39,42.32060200969036,demo,True
2026-06-17 23:00:00,2026-06-17,2026,6,17,23,Wednesday,False,30997.23,31720.84,2610.29,723.6100000000006,15159.140000000001,47.789213652601894,demo,True
2026-06-18 00:00:00,2026-06-18,2026,6,18,0,Thursday,False,29185.53,31681.97,2513.25,2496.4400000000023,15480.71,48.862839021689624,demo,True
2026-06-18 01:00:00,2026-06-18,2026,6,18,1,Thursday,False,27572.92,30838.85,2645.31,3265.9300000000003,15525.05,50.342506286713025,demo,True
2026-06-18 02:00:00,2026-06-18,2026,6,18,2,Thursday,False,27235.7,30728.85,2401.13,3493.149999999998,14540.79,47.319668650144735,demo,True
2026-06-18 03:00:00,2026-06-18,2026,6,18,3,Thursday,False,27129.94,30943.28,2173.94,3813.34,15089.380000000001,48.7646429208539,demo,True
2026-06-18 04:00:00,2026-06-18,2026,6,18,4,Thursday,False,30129.41,31478.48,2556.64,1349.0699999999997,14957.69,47.51719269799558,demo,True
2026-06-18 05:00:00,2026-06-18,2026,6,18,5,Thursday,False,32659.24,32890.64,2722.78,231.39999999999782,14698.75,44.689765842197055,demo,True
2026-06-18 06:00:00,2026-06-18,2026,6,18,6,Thursday,False,34430.23,34657.82,2813.69,227.5899999999965,15263.38,44.04021949447484,demo,True
2026-06-18 07:00:00,2026-06-18,2026,6,18,7,Thursday,False,34280.0,34437.13,2735.51,157.12999999999738,16490.96,47.88714971311489,demo,True
2026-06-18 08:00:00,2026-06-18,2026,6,18,8,Thursday,False,37590.73,38051.35,2860.75,460.61999999999534,18363.800000000003,48.26057419776172,demo,True
2026-06-18 09:00:00,2026-06-18,2026,6,18,9,Thursday,False,39261.57,39528.5,3271.92,266.9300000000003,18737.780000000002,47.40321540154573,demo,True
2026-06-18 10:00:00,2026-06-18,2026,6,18,10,Thursday,False,38614.4,38472.24,3076.85,-142.1600000000035,17894.24,46.51208247817128,demo,True
2026-06-18 11:00:00,2026-06-18,2026,6,18,11,Thursday,False,39244.68,39710.5,3036.46,465.8199999999997,20121.850000000002,50.671358960476454,demo,True
2026-06-18 12:00:00,2026-06-18,2026,6,18,12,Thursday,False,37742.61,38164.3,3147.87,421.6900000000023,20142.920000000002,52.77948239585162,demo,True
2026-06-18 13:00:00,2026-06-18,2026,6,18,13,Thursday,False,39225.88,39584.17,2971.77,358.2900000000009,20214.6,51.06738375466758,demo,True
2026-06-18 14:00:00,2026-06-18,2026,6,18,14,Thursday,False,38241.34,37995.37,3048.06,-245.9699999999939,19509.460000000003,51.346940429847116,demo,True
2026-06-18 15:00:00,2026-06-18,2026,6,18,15,Thursday,False,39179.74,39429.21,2964.13,249.47000000000116,18494.38,46.9052765703396,demo,True
2026-06-18 16:00:00,2026-06-18,2026,6,18,16,Thursday,False,38056.96,38467.78,3081.21,410.8199999999997,18107.010000000002,47.07058738507916,demo,True
2026-06-18 17:00:00,2026-06-18,2026,6,18,17,Thursday,False,39556.17,39874.48,3026.52,318.31000000000495,16915.95,42.422998368881544,demo,True
2026-06-18 18:00:00,2026-06-18,2026,6,18,18,Thursday,False,39654.66,39941.59,3172.83,286.929999999993,17147.64,42.931791148023905,demo,True
2026-06-18 19:00:00,2026-06-18,2026,6,18,19,Thursday,False,37722.04,38133.23,3200.06,411.1900000000023,16366.75,42.91991525501511,demo,True
2026-06-18 20:00:00,2026-06-18,2026,6,18,20,Thursday,False,36292.49,36567.56,2931.97,275.0699999999997,16848.449999999997,46.074854324434,demo,True
2026-06-18 21:00:00,2026-06-18,2026,6,18,21,Thursday,False,33914.87,34381.53,2578.96,466.6599999999962,16651.75,48.432254178333544,demo,True
2026-06-18 22:00:00,2026-06-18,2026,6,18,22,Thursday,False,33252.68,34074.43,2734.66,821.75,16913.63,49.63730867985172,demo,True
2026-06-18 23:00:00,2026-06-18,2026,6,18,23,Thursday,False,30993.38,32091.21,2661.64,1097.829999999998,15414.810000000001,48.03436828963446,demo,True
2026-06-19 00:00:00,2026-06-19,2026,6,19,0,Friday,False,28541.15,33841.81,2541.45,5300.659999999996,17375.36,51.34288030102409,demo,True
2026-06-19 01:00:00,2026-06-19,2026,6,19,1,Friday,False,28736.09,31669.97,2604.54,2933.880000000001,16222.789999999999,51.22451963168894,demo,True
2026-06-19 02:00:00,2026-06-19,2026,6,19,2,Friday,False,27675.85,32680.92,2544.76,5005.07,17023.1,52.08880288559808,demo,True
2026-06-19 03:00:00,2026-06-19,2026,6,19,3,Friday,False,27666.8,32007.59,2407.69,4340.790000000001,16104.3,50.314003647259916,demo,True
2026-06-19 04:00:00,2026-06-19,2026,6,19,4,Friday,False,29240.33,31903.79,2452.59,2663.459999999999,15782.430000000002,49.468824863754435,demo,True
2026-06-19 05:00:00,2026-06-19,2026,6,19,5,Friday,False,32152.91,32954.81,2552.57,801.8999999999978,17191.559999999998,52.167073638112306,demo,True
2026-06-19 06:00:00,2026-06-19,2026,6,19,6,Friday,False,33864.56,34282.12,2730.99,417.56000000000495,16306.599999999997,47.56590315884781,demo,True
2026-06-19 07:00:00,2026-06-19,2026,6,19,7,Friday,False,35337.24,35574.88,2880.31,237.63999999999942,18098.6,50.874662121137156,demo,True
2026-06-19 08:00:00,2026-06-19,2026,6,19,8,Friday,False,37526.71,37745.86,2842.77,219.15000000000146,18863.21,49.97424883152748,demo,True
2026-06-19 09:00:00,2026-06-19,2026,6,19,9,Friday,False,37463.46,37606.88,2873.93,143.41999999999825,18972.36,50.44917313002302,demo,True
2026-06-19 10:00:00,2026-06-19,2026,6,19,10,Friday,False,38966.83,39261.8,3088.16,294.97000000000116,19945.98,50.80251032810518,demo,True
2026-06-19 11:00:00,2026-06-19,2026,6,19,11,Friday,False,39286.8,39241.39,2997.66,-45.41000000000349,19896.949999999997,50.70398882404522,demo,True
2026-06-19 12:00:00,2026-06-19,2026,6,19,12,Friday,False,38829.25,39083.35,3059.66,254.09999999999854,20058.1,51.32134272010971,demo,True
2026-06-19 13:00:00,2026-06-19,2026,6,19,13,Friday,False,39353.98,40116.93,2993.09,762.9499999999971,19949.03,49.72720993356172,demo,True
2026-06-19 14:00:00,2026-06-19,2026,6,19,14,Friday,False,38449.53,38428.83,3024.09,-20.69999999999709,20122.47,52.362952502066804,demo,True
2026-06-19 15:00:00,2026-06-19,2026,6,19,15,Friday,False,39406.87,39685.1,2991.94,278.2299999999959,20180.92,50.852637387835735,demo,True
2026-06-19 16:00:00,2026-06-19,2026,6,19,16,Friday,False,39546.11,39864.12,2917.69,318.01000000000204,19144.34,48.0239874854882,demo,True
2026-06-19 17:00:00,2026-06-19,2026,6,19,17,Friday,False,37144.16,37485.32,3066.89,341.1599999999962,16711.719999999998,44.58203904888633,demo,True
2026-06-19 18:00:00,2026-06-19,2026,6,19,18,Friday,False,39780.71,39856.72,3074.35,76.01000000000204,17136.03,42.99407979382147,demo,True
2026-06-19 19:00:00,2026-06-19,2026,6,19,19,Friday,False,36146.92,36489.73,2900.67,342.81000000000495,16422.27,45.00518365030379,demo,True
2026-06-19 20:00:00,2026-06-19,2026,6,19,20,Friday,False,36667.1,36820.89,2899.45,153.79000000000087,16045.38,43.57683912583319,demo,True
2026-06-19 21:00:00,2026-06-19,2026,6,19,21,Friday,False,36151.83,36144.87,2951.15,-6.959999999999127,17360.16,48.029388402835586,demo,True
2026-06-19 22:00:00,2026-06-19,2026,6,19,22,Friday,False,33227.07,33648.42,2763.26,421.34999999999854,16545.92,49.1729477936854,demo,True
2026-06-19 23:00:00,2026-06-19,2026,6,19,23,Friday,False,30384.17,32484.69,2619.97,2100.5200000000004,16239.720000000001,49.99191927027778,demo,True
2026-06-20 00:00:00,2026-06-20,2026,6,20,0,Saturday,True,26371.24,33249.21,2273.46,6877.9699999999975,17930.67,53.92810836708601,demo,True
2026-06-20 01:00:00,2026-06-20,2026,6,20,1,Saturday,True,26647.81,32419.89,2361.53,5772.079999999998,16192.65,49.94665311942761,demo,True
2026-06-20 02:00:00,2026-06-20,2026,6,20,2,Saturday,True,24155.78,32939.01,2267.69,8783.230000000003,16394.809999999998,49.77323240740993,demo,True
2026-06-20 03:00:00,2026-06-20,2026,6,20,3,Saturday,True,26720.11,31501.38,2493.73,4781.27,16423.230000000003,52.13495408772569,demo,True
2026-06-20 04:00:00,2026-06-20,2026,6,20,4,Saturday,True,27099.96,32420.98,2404.34,5321.02,16846.91,51.962988163837124,demo,True
2026-06-20 05:00:00,2026-06-20,2026,6,20,5,Saturday,True,28078.32,31757.05,2346.9,3678.7299999999996,16201.11,51.015790194618205,demo,True
2026-06-20 06:00:00,2026-06-20,2026,6,20,6,Saturday,True,30544.32,32119.35,2606.91,1575.0299999999988,15928.26,49.59085411130674,demo,True
2026-06-20 07:00:00,2026-06-20,2026,6,20,7,Saturday,True,32226.2,32497.05,2645.62,270.84999999999854,16804.34,51.71035524763017,demo,True
2026-06-20 08:00:00,2026-06-20,2026,6,20,8,Saturday,True,35209.69,35480.34,2631.02,270.6499999999942,19039.14,53.66109794889226,demo,True
2026-06-20 09:00:00,2026-06-20,2026,6,20,9,Saturday,True,36298.8,36592.79,2704.03,293.98999999999796,19673.48,53.763268665767214,demo,True
2026-06-20 10:00:00,2026-06-20,2026,6,20,10,Saturday,True,35250.75,35941.12,2792.91,690.3700000000026,20019.180000000004,55.699933669290225,demo,True
2026-06-20 11:00:00,2026-06-20,2026,6,20,11,Saturday,True,36411.16,36749.08,2862.6,337.91999999999825,20559.04,55.944366498426625,demo,True
2026-06-20 12:00:00,2026-06-20,2026,6,20,12,Saturday,True,36063.91,37391.79,2817.17,1327.8799999999974,20823.019999999997,55.68874878683261,demo,True
2026-06-20 13:00:00,2026-06-20,2026,6,20,13,Saturday,True,37464.62,37837.27,3030.27,372.6499999999942,19451.37,51.40796362951133,demo,True
2026-06-20 14:00:00,2026-06-20,2026,6,20,14,Saturday,True,35560.76,35619.09,2743.47,58.32999999999447,19245.049999999996,54.03015630101723,demo,True
2026-06-20 15:00:00,2026-06-20,2026,6,20,15,Saturday,True,37682.96,37698.94,2849.48,15.980000000003201,18759.53,49.76142565281676,demo,True
2026-06-20 16:00:00,2026-06-20,2026,6,20,16,Saturday,True,36646.5,36891.45,2851.3,244.9499999999971,17916.06,48.56426082466263,demo,True
2026-06-20 17:00:00,2026-06-20,2026,6,20,17,Saturday,True,35882.82,36123.73,2835.04,240.9100000000035,17217.55,47.6627136787923,demo,True
2026-06-20 18:00:00,2026-06-20,2026,6,20,18,Saturday,True,35983.41,36252.08,2915.53,268.66999999999825,15967.52,44.04580371664191,demo,True
2026-06-20 19:00:00,2026-06-20,2026,6,20,19,Saturday,True,35229.13,35318.44,2810.9,89.31000000000495,15384.43,43.55920023647703,demo,True
2026-06-20 20:00:00,2026-06-20,2026,6,20,20,Saturday,True,33716.1,34002.61,2582.31,286.51000000000204,15996.6,47.04521211754039,demo,True
2026-06-20 21:00:00,2026-06-20,2026,6,20,21,Saturday,True,33010.47,33313.93,2505.93,303.4599999999991,15629.550000000001,46.91595978018805,demo,True
2026-06-20 22:00:00,2026-06-20,2026,6,20,22,Saturday,True,30099.63,31646.83,2561.13,1547.2000000000007,16069.02,50.7760808902503,demo,True
2026-06-20 23:00:00,2026-06-20,2026,6,20,23,Saturday,True,27394.24,30834.47,2318.73,3440.2299999999996,14815.64,48.04895300616485,demo,True
2026-06-21 00:00:00,2026-06-21,2026,6,21,0,Sunday,True,26881.09,31101.47,2203.86,4220.380000000001,15289.240000000002,49.15921980536612,demo,True
2026-06-21 01:00:00,2026-06-21,2026,6,21,1,Sunday,True,24676.98,30247.62,2316.19,5570.639999999999,15006.47,49.61206865201295,demo,True
2026-06-21 02:00:00,2026-06-21,2026,6,21,2,Sunday,True,24984.32,31383.54,2417.42,6399.220000000001,15502.64,49.39735925265282,demo,True
2026-06-21 03:00:00,2026-06-21,2026,6,21,3,Sunday,True,25303.44,31419.52,2306.47,6116.080000000002,14664.88,46.67442405230888,demo,True
2026-06-21 04:00:00,2026-06-21,2026,6,21,4,Sunday,True,26538.68,31642.35,2381.83,5103.669999999998,15909.43,50.27891417672834,demo,True
2026-06-21 05:00:00,2026-06-21,2026,6,21,5,Sunday,True,30323.67,31395.29,2595.41,1071.6200000000026,15577.22,49.61642335522303,demo,True
2026-06-21 06:00:00,2026-06-21,2026,6,21,6,Sunday,True,31001.99,31297.94,2424.62,295.9499999999971,14410.69,46.04357347480377,demo,True
2026-06-21 07:00:00,2026-06-21,2026,6,21,7,Sunday,True,33120.02,33338.66,2807.68,218.6400000000067,16378.699999999999,49.12824930576093,demo,True
2026-06-21 08:00:00,2026-06-21,2026,6,21,8,Sunday,True,33369.85,33749.14,2850.88,379.2900000000009,16684.239999999998,49.43604488884753,demo,True
2026-06-21 09:00:00,2026-06-21,2026,6,21,9,Sunday,True,35338.33,35744.22,2995.06,405.8899999999994,18579.84,51.979984456228166,demo,True
2026-06-21 10:00:00,2026-06-21,2026,6,21,10,Sunday,True,36614.88,36456.96,2876.39,-157.91999999999825,18126.67,49.720739194930125,demo,True
2026-06-21 11:00:00,2026-06-21,2026,6,21,11,Sunday,True,35986.5,36422.28,2779.45,435.77999999999884,18088.72,49.66388704935551,demo,True
2026-06-21 12:00:00,2026-06-21,2026,6,21,12,Sunday,True,37313.78,37609.18,3072.15,295.40000000000146,18932.38,50.339784063359,demo,True
2026-06-21 13:00:00,2026-06-21,2026,6,21,13,Sunday,True,35727.28,35881.63,2888.9,154.34999999999854,19017.41,53.00040717213795,demo,True
2026-06-21 14:00:00,2026-06-21,2026,6,21,14,Sunday,True,36315.38,36474.75,2996.77,159.37000000000262,17158.69,47.04265279405615,demo,True
2026-06-21 15:00:00,2026-06-21,2026,6,21,15,Sunday,True,36159.76,36415.47,2833.41,255.70999999999913,18059.02,49.59161587094715,demo,True
2026-06-21 16:00:00,2026-06-21,2026,6,21,16,Sunday,True,36794.83,36954.16,2983.69,159.33000000000175,16601.219999999998,44.92381913159438,demo,True
2026-06-21 17:00:00,2026-06-21,2026,6,21,17,Sunday,True,36257.83,36339.17,2870.78,81.33999999999651,14462.79,39.799450565326616,demo,True
2026-06-21 18:00:00,2026-06-21,2026,6,21,18,Sunday,True,36277.87,36400.47,2989.23,122.59999999999854,13290.539999999999,36.51200108130472,demo,True
2026-06-21 19:00:00,2026-06-21,2026,6,21,19,Sunday,True,35634.98,35697.75,2913.01,62.7699999999968,13544.699999999999,37.942727482824544,demo,True
2026-06-21 20:00:00,2026-06-21,2026,6,21,20,Sunday,True,34104.26,34596.64,3043.43,492.3799999999974,14492.490000000002,41.88987716726249,demo,True
2026-06-21 21:00:00,2026-06-21,2026,6,21,21,Sunday,True,33293.66,33553.72,2846.79,260.0599999999977,13600.54,40.53362786600115,demo,True
2026-06-21 22:00:00,2026-06-21,2026,6,21,22,Sunday,True,31136.04,31791.55,2449.2,655.5099999999984,14514.96,45.65666033898945,demo,True
2026-06-21 23:00:00,2026-06-21,2026,6,21,23,Sunday,True,28868.47,29373.66,2500.38,505.1899999999987,14151.509999999998,48.17755090785417,demo,True
2026-06-22 00:00:00,2026-06-22,2026,6,22,0,Monday,False,29355.54,29711.54,2584.96,356.0,13273.750000000002,44.67540221745491,demo,True
2026-06-22 01:00:00,2026-06-22,2026,6,22,1,Monday,False,29006.56,30302.66,2482.77,1296.0999999999985,13849.970000000001,45.705459520715344,demo,True
2026-06-22 02:00:00,2026-06-22,2026,6,22,2,Monday,False,27855.75,30497.86,2354.46,2642.1100000000006,14305.93,46.90797977300702,demo,True
2026-06-22 03:00:00,2026-06-22,2026,6,22,3,Monday,False,28235.12,30523.81,2541.46,2288.6900000000023,13993.630000000001,45.844964963417084,demo,True
2026-06-22 04:00:00,2026-06-22,2026,6,22,4,Monday,False,29731.81,30074.05,2480.69,342.23999999999796,13663.66,45.43338858584062,demo,True
2026-06-22 05:00:00,2026-06-22,2026,6,22,5,Monday,False,32620.61,32786.94,2795.76,166.33000000000175,14059.08,42.8801223901956,demo,True
2026-06-22 06:00:00,2026-06-22,2026,6,22,6,Monday,False,32534.25,32859.88,2652.77,325.6299999999974,13730.18,41.78402355699413,demo,True
2026-06-22 07:00:00,2026-06-22,2026,6,22,7,Monday,False,35997.16,36326.31,2898.55,329.1499999999942,14698.800000000001,40.463234498631984,demo,True
2026-06-22 08:00:00,2026-06-22,2026,6,22,8,Monday,False,35798.11,35807.46,3002.11,9.349999999998545,15491.530000000002,43.26341494202605,demo,True
2026-06-22 09:00:00,2026-06-22,2026,6,22,9,Monday,False,38458.19,38759.27,3100.77,301.07999999999447,17079.29,44.06504560070404,demo,True
2026-06-22 10:00:00,2026-06-22,2026,6,22,10,Monday,False,40076.72,40426.27,3150.52,349.54999999999563,17702.340000000004,43.78919944877429,demo,True
2026-06-22 11:00:00,2026-06-22,2026,6,22,11,Monday,False,39555.74,39699.49,3114.33,143.75,17498.52,44.07744280845925,demo,True
2026-06-22 12:00:00,2026-06-22,2026,6,22,12,Monday,False,39307.58,39433.03,3096.93,125.44999999999709,18203.300000000003,46.16256980505937,demo,True
2026-06-22 13:00:00,2026-06-22,2026,6,22,13,Monday,False,38686.85,39016.31,2976.63,329.4599999999991,18388.26,47.12967474371615,demo,True
2026-06-22 14:00:00,2026-06-22,2026,6,22,14,Monday,False,39047.57,38834.41,2955.69,-213.15999999999622,16944.120000000003,43.63171733521895,demo,True
2026-06-22 15:00:00,2026-06-22,2026,6,22,15,Monday,False,38903.55,39153.93,3127.93,250.37999999999738,17507.129999999997,44.71359579996184,demo,True
2026-06-22 16:00:00,2026-06-22,2026,6,22,16,Monday,False,38639.62,39183.82,3224.29,544.1999999999971,16155.059999999998,41.22890519607327,demo,True
2026-06-22 17:00:00,2026-06-22,2026,6,22,17,Monday,False,39013.26,38795.91,3182.33,-217.34999999999854,14841.3,38.254805725655096,demo,True
2026-06-22 18:00:00,2026-06-22,2026,6,22,18,Monday,False,39116.37,39514.48,3179.96,398.1100000000006,13791.24,34.901737287191935,demo,True
2026-06-22 19:00:00,2026-06-22,2026,6,22,19,Monday,False,37773.22,38121.21,2986.03,347.98999999999796,12674.449999999999,33.24776417117925,demo,True
2026-06-22 20:00:00,2026-06-22,2026,6,22,20,Monday,False,36563.94,36555.08,3075.38,-8.860000000000582,13817.070000000002,37.7979476450332,demo,True
2026-06-22 21:00:00,2026-06-22,2026,6,22,21,Monday,False,34511.92,34855.61,2923.71,343.6900000000023,13333.47,38.25344040744087,demo,True
2026-06-22 22:00:00,2026-06-22,2026,6,22,22,Monday,False,33752.67,34182.93,2895.88,430.26000000000204,13620.82,39.846847534719814,demo,True
2026-06-22 23:00:00,2026-06-22,2026,6,22,23,Monday,False,31822.22,31860.43,2805.41,38.20999999999913,13102.07,41.12333072717474,demo,True
2026-06-23 00:00:00,2026-06-23,2026,6,23,0,Tuesday,False,29829.02,29951.72,2713.09,122.70000000000073,13702.64,45.74909220572307,demo,True
2026-06-23 01:00:00,2026-06-23,2026,6,23,1,Tuesday,False,29134.6,30509.43,2424.19,1374.8300000000017,14291.060000000001,46.84145197075134,demo,True
2026-06-23 02:00:00,2026-06-23,2026,6,23,2,Tuesday,False,28092.34,29427.4,2357.39,1335.0600000000013,13523.26,45.954654505664784,demo,True
2026-06-23 03:00:00,2026-06-23,2026,6,23,3,Tuesday,False,28734.22,29705.98,2533.15,971.7599999999984,13179.449999999999,44.36631950873191,demo,True
2026-06-23 04:00:00,2026-06-23,2026,6,23,4,Tuesday,False,29881.21,30123.64,2502.51,242.4300000000003,13251.5,43.99036769792761,demo,True
2026-06-23 05:00:00,2026-06-23,2026,6,23,5,Tuesday,False,31378.92,31509.24,2586.37,130.32000000000335,13092.41,41.55101805057818,demo,True
2026-06-23 06:00:00,2026-06-23,2026,6,23,6,Tuesday,False,33110.92,33365.35,2887.61,254.4300000000003,13980.26,41.90053453657762,demo,True
2026-06-23 07:00:00,2026-06-23,2026,6,23,7,Tuesday,False,37018.16,37456.57,2902.42,438.4099999999962,15665.56,41.82326358233015,demo,True
2026-06-23 08:00:00,2026-06-23,2026,6,23,8,Tuesday,False,36816.97,37086.03,2972.44,269.0599999999977,15973.210000000001,43.07069265704634,demo,True
2026-06-23 09:00:00,2026-06-23,2026,6,23,9,Tuesday,False,37849.99,38035.64,2878.57,185.65000000000146,16646.15,43.764611296142256,demo,True
2026-06-23 10:00:00,2026-06-23,2026,6,23,10,Tuesday,False,39287.97,39532.08,3092.61,244.11000000000058,18292.37,46.27221739913508,demo,True
2026-06-23 11:00:00,2026-06-23,2026,6,23,11,Tuesday,False,39399.97,39505.86,3212.61,105.88999999999942,17542.84,44.40566538736279,demo,True
2026-06-23 12:00:00,2026-06-23,2026,6,23,12,Tuesday,False,38214.79,38285.8,3136.93,71.01000000000204,17723.999999999996,46.29392620762788,demo,True
2026-06-23 13:00:00,2026-06-23,2026,6,23,13,Tuesday,False,39875.04,40341.65,3219.12,466.6100000000006,18330.08,45.43711028180553,demo,True
2026-06-23 14:00:00,2026-06-23,2026,6,23,14,Tuesday,False,38969.9,39514.68,3072.0,544.7799999999988,17741.41,44.898275780039214,demo,True
2026-06-23 15:00:00,2026-06-23,2026,6,23,15,Tuesday,False,38312.34,38239.87,3142.24,-72.46999999999389,17206.66,44.9966487856784,demo,True
2026-06-23 16:00:00,2026-06-23,2026,6,23,16,Tuesday,False,40031.96,40386.74,3207.36,354.77999999999884,16333.65,40.44310087914994,demo,True
2026-06-23 17:00:00,2026-06-23,2026,6,23,17,Tuesday,False,39664.14,40068.75,3111.18,404.6100000000006,16075.929999999998,40.120867259397905,demo,True
2026-06-23 18:00:00,2026-06-23,2026,6,23,18,Tuesday,False,38102.32,38134.22,3122.63,31.900000000001455,14019.87,36.76453851684917,demo,True
2026-06-23 19:00:00,2026-06-23,2026,6,23,19,Tuesday,False,39564.3,39729.38,3248.99,165.07999999999447,14572.4,36.67915280832472,demo,True
2026-06-23 20:00:00,2026-06-23,2026,6,23,20,Tuesday,False,37599.49,37745.62,2928.65,146.13000000000466,14549.74,38.54683006929016,demo,True
2026-06-23 21:00:00,2026-06-23,2026,6,23,21,Tuesday,False,35466.95,36059.12,2820.53,592.1700000000055,14666.7,40.67403752504221,demo,True
2026-06-23 22:00:00,2026-06-23,2026,6,23,22,Tuesday,False,34602.32,35149.76,2873.3,547.4400000000023,13402.069999999998,38.12848224283749,demo,True
2026-06-23 23:00:00,2026-06-23,2026,6,23,23,Tuesday,False,31562.0,31646.19,2547.55,84.18999999999869,14846.789999999999,46.91493667958134,demo,True
2026-06-24 00:00:00,2026-06-24,2026,6,24,0,Wednesday,False,29657.2,31871.59,2441.8,2214.3899999999994,14938.61,46.8712417548042,demo,True
2026-06-24 01:00:00,2026-06-24,2026,6,24,1,Wednesday,False,28006.77,30244.81,2412.04,2238.040000000001,14711.03,48.639849283232394,demo,True
2026-06-24 02:00:00,2026-06-24,2026,6,24,2,Wednesday,False,28448.13,32007.88,2567.19,3559.75,15397.29,48.104685471202714,demo,True
2026-06-24 03:00:00,2026-06-24,2026,6,24,3,Wednesday,False,28803.43,29497.81,2587.0,694.380000000001,14107.170000000002,47.82446561287093,demo,True
2026-06-24 04:00:00,2026-06-24,2026,6,24,4,Wednesday,False,29688.8,30983.52,2584.22,1294.7200000000012,14498.529999999999,46.794328081509136,demo,True
2026-06-24 05:00:00,2026-06-24,2026,6,24,5,Wednesday,False,30900.01,31280.24,2646.0,380.2300000000032,14287.45,45.675640596107954,demo,True
2026-06-24 06:00:00,2026-06-24,2026,6,24,6,Wednesday,False,33583.45,33701.73,2986.99,118.28000000000611,14346.2,42.56814116070599,demo,True
2026-06-24 07:00:00,2026-06-24,2026,6,24,7,Wednesday,False,35429.4,35791.57,2824.38,362.16999999999825,16652.88,46.52738060945636,demo,True
2026-06-24 08:00:00,2026-06-24,2026,6,24,8,Wednesday,False,36209.9,36453.22,2912.6,243.3199999999997,18259.850000000002,50.09118536030562,demo,True
2026-06-24 09:00:00,2026-06-24,2026,6,24,9,Wednesday,False,37295.83,37887.94,2916.2,592.1100000000006,17973.14,47.437627910094875,demo,True
2026-06-24 10:00:00,2026-06-24,2026,6,24,10,Wednesday,False,39389.77,39720.3,2981.3,330.5300000000061,18116.46,45.61007847372753,demo,True
2026-06-24 11:00:00,2026-06-24,2026,6,24,11,Wednesday,False,37412.35,37605.83,3074.78,193.4800000000032,18240.81,48.50527165601717,demo,True
2026-06-24 12:00:00,2026-06-24,2026,6,24,12,Wednesday,False,39351.93,39626.76,3027.46,274.83000000000175,20346.97,51.34653956064033,demo,True
2026-06-24 13:00:00,2026-06-24,2026,6,24,13,Wednesday,False,38764.5,38996.41,3087.37,231.9100000000035,19899.98,51.030287146945064,demo,True
2026-06-24 14:00:00,2026-06-24,2026,6,24,14,Wednesday,False,39961.61,40003.81,3094.25,42.19999999999709,18943.8,47.3549894372561,demo,True
2026-06-24 15:00:00,2026-06-24,2026,6,24,15,Wednesday,False,38754.57,39351.05,3175.65,596.4800000000032,17879.55,45.43601759038196,demo,True
2026-06-24 16:00:00,2026-06-24,2026,6,24,16,Wednesday,False,39671.45,40209.21,3042.39,537.760000000002,17220.149999999998,42.826382313902705,demo,True
2026-06-24 17:00:00,2026-06-24,2026,6,24,17,Wednesday,False,38958.33,39176.6,3197.35,218.2699999999968,16796.350000000002,42.87342444214149,demo,True
2026-06-24 18:00:00,2026-06-24,2026,6,24,18,Wednesday,False,39077.12,39453.1,3193.05,375.9799999999959,16157.26,40.95308099997212,demo,True
2026-06-24 19:00:00,2026-06-24,2026,6,24,19,Wednesday,False,38846.05,39465.31,2965.25,619.2599999999948,14645.5,37.109806054988546,demo,True
2026-06-24 20:00:00,2026-06-24,2026,6,24,20,Wednesday,False,36824.54,37297.19,2927.8,472.65000000000146,16039.37,43.004231686086804,demo,True
2026-06-24 21:00:00,2026-06-24,2026,6,24,21,Wednesday,False,36181.68,36376.35,3001.97,194.66999999999825,17143.28,47.12754303276717,demo,True
2026-06-24 22:00:00,2026-06-24,2026,6,24,22,Wednesday,False,32803.58,33037.75,2860.04,234.16999999999825,16118.689999999999,48.788703831223366,demo,True
2026-06-24 23:00:00,2026-06-24,2026,6,24,23,Wednesday,False,31666.71,33771.9,2696.64,2105.1900000000023,17340.82,51.34688898166819,demo,True
2026-06-25 00:00:00,2026-06-25,2026,6,25,0,Thursday,False,30332.71,32860.93,2528.07,2528.220000000001,16643.329999999998,50.64777533685138,demo,True
2026-06-25 01:00:00,2026-06-25,2026,6,25,1,Thursday,False,28941.01,32383.16,2414.92,3442.1500000000015,15714.450000000003,48.52661074459689,demo,True
2026-06-25 02:00:00,2026-06-25,2026,6,25,2,Thursday,False,29392.34,31646.85,2561.66,2254.5099999999984,16091.010000000002,50.845534389678605,demo,True
2026-06-25 03:00:00,2026-06-25,2026,6,25,3,Thursday,False,27945.4,31388.28,2391.42,3442.8799999999974,16018.73,51.03411209534259,demo,True
2026-06-25 04:00:00,2026-06-25,2026,6,25,4,Thursday,False,28723.12,32696.2,2445.66,3973.0800000000017,16328.950000000003,49.94143050262722,demo,True
2026-06-25 05:00:00,2026-06-25,2026,6,25,5,Thursday,False,30766.96,31528.4,2566.57,761.4400000000023,16009.09,50.77672828307177,demo,True
2026-06-25 06:00:00,2026-06-25,2026,6,25,6,Thursday,False,33964.81,34272.36,2843.05,307.5500000000029,17350.33,50.62484754478537,demo,True
2026-06-25 07:00:00,2026-06-25,2026,6,25,7,Thursday,False,35836.8,35973.1,3051.9,136.29999999999563,17046.12,47.385741012033996,demo,True
2026-06-25 08:00:00,2026-06-25,2026,6,25,8,Thursday,False,37224.91,37569.45,3035.59,344.5399999999936,19010.27,50.60034150087372,demo,True
2026-06-25 09:00:00,2026-06-25,2026,6,25,9,Thursday,False,37550.03,37662.53,2960.78,112.5,19117.86,50.76095525181128,demo,True
2026-06-25 10:00:00,2026-06-25,2026,6,25,10,Thursday,False,39540.97,39884.36,2984.22,343.3899999999994,20489.250000000004,51.371640412432356,demo,True
2026-06-25 11:00:00,2026-06-25,2026,6,25,11,Thursday,False,38386.38,38874.54,3044.65,488.1600000000035,20919.43,53.81267533969534,demo,True
2026-06-25 12:00:00,2026-06-25,2026,6,25,12,Thursday,False,40029.4,40347.29,3247.36,317.8899999999994,20412.760000000002,50.59264203370289,demo,True
2026-06-25 13:00:00,2026-06-25,2026,6,25,13,Thursday,False,41109.37,41418.49,3245.8,309.11999999999534,21036.42,50.78992498277943,demo,True
2026-06-25 14:00:00,2026-06-25,2026,6,25,14,Thursday,False,39312.35,39726.69,3083.48,414.3400000000038,19715.68,49.6282977514613,demo,True
2026-06-25 15:00:00,2026-06-25,2026,6,25,15,Thursday,False,39518.17,40086.83,3028.58,568.6600000000035,20095.46,50.129830670072934,demo,True
2026-06-25 16:00:00,2026-06-25,2026,6,25,16,Thursday,False,38874.8,39105.49,3105.29,230.68999999999505,17535.719999999998,44.84209250414711,demo,True
2026-06-25 17:00:00,2026-06-25,2026,6,25,17,Thursday,False,37979.02,38322.81,3104.09,343.7900000000009,18541.050000000003,48.38123822339751,demo,True
2026-06-25 18:00:00,2026-06-25,2026,6,25,18,Thursday,False,38585.6,39107.62,3077.89,522.0200000000041,17611.3,45.032911744565375,demo,True
2026-06-25 19:00:00,2026-06-25,2026,6,25,19,Thursday,False,37575.24,37945.71,2987.91,370.47000000000116,17315.19,45.63148245216652,demo,True
2026-06-25 20:00:00,2026-06-25,2026,6,25,20,Thursday,False,36145.43,36035.0,2864.41,-110.43000000000029,16047.92,44.53425835992785,demo,True
2026-06-25 21:00:00,2026-06-25,2026,6,25,21,Thursday,False,36699.74,36820.93,3181.63,121.19000000000233,16827.53,45.70099125687483,demo,True
2026-06-25 22:00:00,2026-06-25,2026,6,25,22,Thursday,False,33700.17,34085.36,2678.09,385.1900000000023,16810.83,49.31979594758572,demo,True
2026-06-25 23:00:00,2026-06-25,2026,6,25,23,Thursday,False,31736.28,32496.97,2543.03,760.6900000000023,16896.620000000003,51.994447482334515,demo,True
2026-06-26 00:00:00,2026-06-26,2026,6,26,0,Friday,False,29480.54,32433.61,2539.39,2953.0699999999997,16068.9,49.54397614079962,demo,True
2026-06-26 01:00:00,2026-06-26,2026,6,26,1,Friday,False,28367.97,33695.83,2419.92,5327.860000000001,17913.74,53.16307685550408,demo,True
2026-06-26 02:00:00,2026-06-26,2026,6,26,2,Friday,False,28736.02,32444.0,2551.15,3707.9799999999996,17215.27,53.06149056836395,demo,True
2026-06-26 03:00:00,2026-06-26,2026,6,26,3,Friday,False,28467.18,33825.76,2567.22,5358.580000000002,16604.52,49.08838707541234,demo,True
2026-06-26 04:00:00,2026-06-26,2026,6,26,4,Friday,False,30070.01,33635.63,2433.11,3565.619999999999,17368.14,51.636137036826725,demo,True
2026-06-26 05:00:00,2026-06-26,2026,6,26,5,Friday,False,31335.79,33349.11,2537.82,2013.3199999999997,17515.4,52.521341648997534,demo,True
2026-06-26 06:00:00,2026-06-26,2026,6,26,6,Friday,False,33272.99,33799.49,2641.93,526.5,17348.54,51.32781589308005,demo,True
2026-06-26 07:00:00,2026-06-26,2026,6,26,7,Friday,False,34513.42,34577.06,2858.37,63.63999999999942,17805.92,51.49633890215073,demo,True
2026-06-26 08:00:00,2026-06-26,2026,6,26,8,Friday,False,35778.91,36162.55,2881.68,383.6399999999994,19357.98,53.53046176223745,demo,True
2026-06-26 09:00:00,2026-06-26,2026,6,26,9,Friday,False,38163.01,38662.82,2952.14,499.8099999999977,20071.0,51.91292306148387,demo,True
2026-06-26 10:00:00,2026-06-26,2026,6,26,10,Friday,False,39053.71,39451.17,3060.52,397.4599999999991,20114.969999999998,50.98700494814222,demo,True
2026-06-26 11:00:00,2026-06-26,2026,6,26,11,Friday,False,38353.38,38681.94,2861.95,328.56000000000495,21889.8,56.589198990536666,demo,True
2026-06-26 12:00:00,2026-06-26,2026,6,26,12,Friday,False,39204.01,39424.81,2944.04,220.79999999999563,22266.67,56.47882640398267,demo,True
2026-06-26 13:00:00,2026-06-26,2026,6,26,13,Friday,False,39156.79,39739.61,2909.16,582.8199999999997,21429.089999999997,53.92375516518656,demo,True
2026-06-26 14:00:00,2026-06-26,2026,6,26,14,Friday,False,37556.63,37762.48,2937.48,205.85000000000582,21105.14,55.88917888867468,demo,True
2026-06-26 15:00:00,2026-06-26,2026,6,26,15,Friday,False,38479.41,38900.1,3029.41,420.68999999999505,19434.1,49.958997534710704,demo,True
2026-06-26 16:00:00,2026-06-26,2026,6,26,16,Friday,False,39514.89,39736.32,2992.72,221.4300000000003,19414.27,48.85774525673238,demo,True
2026-06-26 17:00:00,2026-06-26,2026,6,26,17,Friday,False,39527.11,39445.61,3147.48,-81.5,17717.8,44.917038930314426,demo,True
2026-06-26 18:00:00,2026-06-26,2026,6,26,18,Friday,False,38209.93,38411.39,3131.32,201.45999999999913,17305.18,45.05220977423624,demo,True
2026-06-26 19:00:00,2026-06-26,2026,6,26,19,Friday,False,38461.18,38683.05,2963.09,221.87000000000262,17105.42,44.21941909957978,demo,True
2026-06-26 20:00:00,2026-06-26,2026,6,26,20,Friday,False,37884.02,38108.21,2995.96,224.19000000000233,16783.75,44.042346780391945,demo,True
2026-06-26 21:00:00,2026-06-26,2026,6,26,21,Friday,False,36048.04,36179.19,2934.09,131.15000000000146,17819.579999999998,49.25367317510424,demo,True
2026-06-26 22:00:00,2026-06-26,2026,6,26,22,Friday,False,33452.47,33815.11,2736.0,362.6399999999994,17067.73,50.47367877851055,demo,True
2026-06-26 23:00:00,2026-06-26,2026,6,26,23,Friday,False,31152.91,33376.87,2486.76,2223.9600000000028,16839.63,50.45299334539158,demo,True
2026-06-27 00:00:00,2026-06-27,2026,6,27,0,Saturday,True,26766.32,34503.44,2309.97,7737.120000000003,18360.97,53.21489683347515,demo,True
2026-06-27 01:00:00,2026-06-27,2026,6,27,1,Saturday,True,26326.45,32621.8,2297.04,6295.3499999999985,16695.469999999998,51.17887424973483,demo,True
2026-06-27 02:00:00,2026-06-27,2026,6,27,2,Saturday,True,25707.41,32920.3,2290.54,7212.890000000003,16837.579999999998,51.14649623484596,demo,True
2026-06-27 03:00:00,2026-06-27,2026,6,27,3,Saturday,True,26440.4,33518.58,2334.66,7078.18,17145.18,51.15127192142388,demo,True
2026-06-27 04:00:00,2026-06-27,2026,6,27,4,Saturday,True,27300.84,33002.46,2532.79,5701.619999999999,16958.17,51.38456345375465,demo,True
2026-06-27 05:00:00,2026-06-27,2026,6,27,5,Saturday,True,29556.13,31863.05,2497.23,2306.9199999999983,16368.3,51.370788421070806,demo,True
2026-06-27 06:00:00,2026-06-27,2026,6,27,6,Saturday,True,31088.71,32916.31,2453.01,1827.5999999999985,16563.44,50.31985663034526,demo,True
2026-06-27 07:00:00,2026-06-27,2026,6,27,7,Saturday,True,33557.54,34165.95,2754.09,608.4099999999962,17071.85,49.967438341389595,demo,True
2026-06-27 08:00:00,2026-06-27,2026,6,27,8,Saturday,True,35282.91,35467.72,2996.55,184.80999999999767,17799.95,50.18633845085052,demo,True
2026-06-27 09:00:00,2026-06-27,2026,6,27,9,Saturday,True,35292.93,35394.23,2773.91,101.30000000000291,20334.31,57.450917847344044,demo,True
2026-06-27 10:00:00,2026-06-27,2026,6,27,10,Saturday,True,35258.47,35468.06,2760.63,209.5899999999965,19718.14,55.59407534553624,demo,True
2026-06-27 11:00:00,2026-06-27,2026,6,27,11,Saturday,True,37844.12,37900.39,2929.4,56.2699999999968,20280.320000000003,53.50952852991751,demo,True
2026-06-27 12:00:00,2026-06-27,2026,6,27,12,Saturday,True,36917.8,37227.88,2938.33,310.07999999999447,20992.12,56.38816929677436,demo,True
2026-06-27 13:00:00,2026-06-27,2026,6,27,13,Saturday,True,35429.02,35804.15,2777.18,375.13000000000466,20130.66,56.2243762245438,demo,True
2026-06-27 14:00:00,2026-06-27,2026,6,27,14,Saturday,True,36076.16,36212.4,2721.06,136.23999999999796,19488.49,53.81717312301864,demo,True
2026-06-27 15:00:00,2026-06-27,2026,6,27,15,Saturday,True,37170.31,37267.78,2888.13,97.47000000000116,18408.82,49.396073498340925,demo,True
2026-06-27 16:00:00,2026-06-27,2026,6,27,16,Saturday,True,36544.03,36598.53,2907.09,54.5,18143.07,49.573220563776744,demo,True
2026-06-27 17:00:00,2026-06-27,2026,6,27,17,Saturday,True,36407.73,36497.55,2974.71,89.81999999999971,16993.489999999998,46.56063215202115,demo,True
2026-06-27 18:00:00,2026-06-27,2026,6,27,18,Saturday,True,37508.12,37940.89,2949.17,432.7699999999968,16874.8,44.476552869476706,demo,True
2026-06-27 19:00:00,2026-06-27,2026,6,27,19,Saturday,True,35127.17,35701.77,2860.68,574.5999999999985,15028.179999999998,42.093655300563526,demo,True
2026-06-27 20:00:00,2026-06-27,2026,6,27,20,Saturday,True,34119.63,34705.35,2813.41,585.7200000000012,15727.01,45.31580865774297,demo,True
2026-06-27 21:00:00,2026-06-27,2026,6,27,21,Saturday,True,33162.06,33535.74,2676.23,373.6800000000003,15700.3,46.81662011931152,demo,True
2026-06-27 22:00:00,2026-06-27,2026,6,27,22,Saturday,True,31302.49,32856.4,2610.15,1553.9099999999999,16580.0,50.462010445453544,demo,True
2026-06-27 23:00:00,2026-06-27,2026,6,27,23,Saturday,True,29337.94,31347.52,2563.08,2009.5800000000017,15340.5,48.93688559732955,demo,True
2026-06-28 00:00:00,2026-06-28,2026,6,28,0,Sunday,True,27854.73,31929.86,2327.07,4075.130000000001,15880.880000000001,49.736766775676436,demo,True
2026-06-28 01:00:00,2026-06-28,2026,6,28,1,Sunday,True,26147.98,32657.52,2357.84,6509.540000000001,16696.34,51.12556005477452,demo,True
2026-06-28 02:00:00,2026-06-28,2026,6,28,2,Sunday,True,25923.4,32092.54,2235.12,6169.139999999999,15704.090000000002,48.93377090127488,demo,True
2026-06-28 03:00:00,2026-06-28,2026,6,28,3,Sunday,True,25828.37,31382.35,2237.33,5553.98,15104.029999999999,48.12905980591001,demo,True
2026-06-28 04:00:00,2026-06-28,2026,6,28,4,Sunday,True,27262.42,30227.26,2348.65,2964.84,14730.46,48.73236939107283,demo,True
2026-06-28 05:00:00,2026-06-28,2026,6,28,5,Sunday,True,29068.27,32071.43,2616.25,3003.16,16282.77,50.77032735989633,demo,True
2026-06-28 06:00:00,2026-06-28,2026,6,28,6,Sunday,True,31183.07,31230.23,2483.56,47.159999999999854,14595.369999999999,46.73475027241234,demo,True
2026-06-28 07:00:00,2026-06-28,2026,6,28,7,Sunday,True,33559.04,33889.57,2710.2,330.52999999999884,16644.170000000002,49.11295717236897,demo,True
2026-06-28 08:00:00,2026-06-28,2026,6,28,8,Sunday,True,35071.94,35378.41,2834.05,306.47000000000116,17311.34,48.93193334578913,demo,True
2026-06-28 09:00:00,2026-06-28,2026,6,28,9,Sunday,True,35897.05,35969.92,2968.28,72.86999999999534,18555.389999999996,51.58585284593348,demo,True
2026-06-28 10:00:00,2026-06-28,2026,6,28,10,Sunday,True,35967.78,36362.08,3030.94,394.3000000000029,19355.03,53.228610684537294,demo,True
2026-06-28 11:00:00,2026-06-28,2026,6,28,11,Sunday,True,36821.04,37346.59,2891.79,525.5499999999956,18427.19,49.341024173826845,demo,True
2026-06-28 12:00:00,2026-06-28,2026,6,28,12,Sunday,True,36728.53,37375.01,2968.18,646.4800000000032,18710.44,50.06136453207637,demo,True
2026-06-28 13:00:00,2026-06-28,2026,6,28,13,Sunday,True,36774.39,37098.42,2895.59,324.02999999999884,19528.999999999996,52.64105587246033,demo,True
2026-06-28 14:00:00,2026-06-28,2026,6,28,14,Sunday,True,38130.4,38038.38,3001.4,-92.02000000000407,18295.7,48.09799996740135,demo,True
2026-06-28 15:00:00,2026-06-28,2026,6,28,15,Sunday,True,36273.36,36609.21,2947.59,335.84999999999854,16842.02,46.00487145174671,demo,True
2026-06-28 16:00:00,2026-06-28,2026,6,28,16,Sunday,True,37045.41,37428.96,2816.91,383.54999999999563,17532.57,46.842257973505006,demo,True
2026-06-28 17:00:00,2026-06-28,2026,6,28,17,Sunday,True,37524.09,37731.76,3014.76,207.67000000000553,15888.279999999997,42.10850487758853,demo,True
2026-06-28 18:00:00,2026-06-28,2026,6,28,18,Sunday,True,36606.1,36894.82,3011.92,288.72000000000116,15389.79,41.71260355789783,demo,True
2026-06-28 19:00:00,2026-06-28,2026,6,28,19,Sunday,True,37506.76,37669.74,2937.22,162.97999999999593,16051.330000000002,42.61067371317137,demo,True
2026-06-28 20:00:00,2026-06-28,2026,6,28,20,Sunday,True,34423.71,34649.64,2881.63,225.9300000000003,14990.54,43.263191190442384,demo,True
2026-06-28 21:00:00,2026-06-28,2026,6,28,21,Sunday,True,33250.95,33684.1,2603.64,433.15000000000146,15379.22,45.65720918771765,demo,True
2026-06-28 22:00:00,2026-06-28,2026,6,28,22,Sunday,True,30480.0,30980.03,2602.5,500.02999999999884,14707.460000000001,47.47400180051472,demo,True
2026-06-28 23:00:00,2026-06-28,2026,6,28,23,Sunday,True,28754.43,31448.55,2596.18,2694.119999999999,15998.689999999999,50.872583950611386,demo,True
2026-06-29 00:00:00,2026-06-29,2026,6,29,0,Monday,False,29901.11,30875.77,2547.25,974.6599999999999,14451.429999999998,46.805083727466545,demo,True
2026-06-29 01:00:00,2026-06-29,2026,6,29,1,Monday,False,29111.39,30395.46,2426.54,1284.0699999999997,14613.63,48.07833143502352,demo,True
2026-06-29 02:00:00,2026-06-29,2026,6,29,2,Monday,False,28314.2,30838.52,2344.38,2524.3199999999997,14742.569999999998,47.80569884676696,demo,True
2026-06-29 03:00:00,2026-06-29,2026,6,29,3,Monday,False,29401.19,31143.91,2568.96,1742.7200000000012,14826.790000000003,47.60734923778036,demo,True
2026-06-29 04:00:00,2026-06-29,2026,6,29,4,Monday,False,29662.05,31443.89,2617.74,1781.8400000000001,15595.720000000001,49.59857066030953,demo,True
2026-06-29 05:00:00,2026-06-29,2026,6,29,5,Monday,False,31270.48,31508.86,2639.16,238.38000000000102,14658.98,46.52335882669192,demo,True
2026-06-29 06:00:00,2026-06-29,2026,6,29,6,Monday,False,35435.29,35634.27,2842.29,198.97999999999593,16031.339999999998,44.98854613831011,demo,True
2026-06-29 07:00:00,2026-06-29,2026,6,29,7,Monday,False,35804.22,35918.15,2714.95,113.93000000000029,16958.37,47.21392944792535,demo,True
2026-06-29 08:00:00,2026-06-29,2026,6,29,8,Monday,False,36689.7,37126.23,2954.67,436.5300000000061,17206.48,46.34588537538015,demo,True
2026-06-29 09:00:00,2026-06-29,2026,6,29,9,Monday,False,37890.12,38322.53,2935.8,432.4099999999962,18401.38,48.01713248055387,demo,True
2026-06-29 10:00:00,2026-06-29,2026,6,29,10,Monday,False,38384.29,38682.79,2954.08,298.5,19352.280000000002,50.028139128537525,demo,True
2026-06-29 11:00:00,2026-06-29,2026,6,29,11,Monday,False,39939.27,40073.77,3272.08,134.5,18322.55,45.722052105404615,demo,True
2026-06-29 12:00:00,2026-06-29,2026,6,29,12,Monday,False,39003.08,39139.09,2904.23,136.00999999999476,18383.7,46.9701773853199,demo,True
2026-06-29 13:00:00,2026-06-29,2026,6,29,13,Monday,False,39238.32,39496.22,2902.66,257.90000000000146,20049.74,50.76369333571669,demo,True
2026-06-29 14:00:00,2026-06-29,2026,6,29,14,Monday,False,45690.11,39219.09,4072.37,-6471.020000000004,18686.129999999997,47.6454961091652,demo,True
2026-06-29 15:00:00,2026-06-29,2026,6,29,15,Monday,False,39662.04,39910.99,3077.93,248.9499999999971,18176.71,45.54311982739591,demo,True
2026-06-29 16:00:00,2026-06-29,2026,6,29,16,Monday,False,38667.09,39017.54,3020.46,350.45000000000437,17253.59,44.22008665846181,demo,True
2026-06-29 17:00:00,2026-06-29,2026,6,29,17,Monday,False,38533.27,38507.23,3113.05,-26.039999999993597,15447.650000000001,40.116232717855844,demo,True
2026-06-29 18:00:00,2026-06-29,2026,6,29,18,Monday,False,39204.51,39318.03,3159.24,113.5199999999968,15167.489999999998,38.57642409856241,demo,True
2026-06-29 19:00:00,2026-06-29,2026,6,29,19,Monday,False,38800.94,39044.87,3032.45,243.9300000000003,14724.23,37.71104885225639,demo,True
2026-06-29 20:00:00,2026-06-29,2026,6,29,20,Monday,False,37431.11,37962.87,2971.3,531.760000000002,15410.82,40.59445452885938,demo,True
2026-06-29 21:00:00,2026-06-29,2026,6,29,21,Monday,False,34967.47,35369.63,2869.56,402.1599999999962,15568.49,44.016547529617924,demo,True
2026-06-29 22:00:00,2026-06-29,2026,6,29,22,Monday,False,34023.41,34272.76,2816.41,249.34999999999854,15663.1,45.70130914463848,demo,True
2026-06-29 23:00:00,2026-06-29,2026,6,29,23,Monday,False,30989.79,31767.92,2654.28,778.1299999999974,15595.87,49.09314176061889,demo,True
2026-06-30 00:00:00,2026-06-30,2026,6,30,0,Tuesday,False,29371.78,31811.33,2493.35,2439.550000000003,14524.670000000002,45.65879515254471,demo,True
2026-06-30 01:00:00,2026-06-30,2026,6,30,1,Tuesday,False,27868.21,31546.78,2470.21,3678.5699999999997,15492.73,49.110337093040876,demo,True
2026-06-30 02:00:00,2026-06-30,2026,6,30,2,Tuesday,False,29011.64,30820.97,2582.86,1809.3300000000017,15336.020000000002,49.7583950148227,demo,True
2026-06-30 03:00:00,2026-06-30,2026,6,30,3,Tuesday,False,28973.21,30560.49,2501.43,1587.2800000000025,15119.359999999999,49.47355228924666,demo,True
2026-06-30 04:00:00,2026-06-30,2026,6,30,4,Tuesday,False,30162.02,32823.3,2549.47,2661.2800000000025,16420.19,50.026018102993895,demo,True
2026-06-30 05:00:00,2026-06-30,2026,6,30,5,Tuesday,False,32386.04,32490.93,2684.43,104.88999999999942,15113.160000000002,46.51501203566657,demo,True
2026-06-30 06:00:00,2026-06-30,2026,6,30,6,Tuesday,False,35521.35,35820.78,2841.76,299.4300000000003,15676.789999999999,43.76451322388848,demo,True
2026-06-30 07:00:00,2026-06-30,2026,6,30,7,Tuesday,False,34341.8,34680.63,2723.89,338.82999999999447,16373.659999999998,47.212694809754026,demo,True
2026-06-30 08:00:00,2026-06-30,2026,6,30,8,Tuesday,False,36686.47,37368.53,2906.0,682.0599999999977,17879.2,47.84560698534302,demo,True
2026-06-30 09:00:00,2026-06-30,2026,6,30,9,Tuesday,False,37954.78,37879.38,3042.49,-75.40000000000146,18160.350000000002,47.94257456167446,demo,True
2026-06-30 10:00:00,2026-06-30,2026,6,30,10,Tuesday,False,38458.59,38702.64,2938.12,244.0500000000029,19189.95,49.58305169879884,demo,True
2026-06-30 11:00:00,2026-06-30,2026,6,30,11,Tuesday,False,38539.36,38775.34,2996.63,235.97999999999593,20287.68,52.321088609410005,demo,True
2026-06-30 12:00:00,2026-06-30,2026,6,30,12,Tuesday,False,39058.38,39351.19,3032.81,292.81000000000495,19573.069999999996,49.73946150040188,demo,True
2026-06-30 13:00:00,2026-06-30,2026,6,30,13,Tuesday,False,38307.54,38869.53,3171.9,561.989999999998,19157.889999999996,49.28768112194821,demo,True
2026-06-30 14:00:00,2026-06-30,2026,6,30,14,Tuesday,False,39340.36,39748.09,3141.0,407.7299999999959,19179.729999999996,48.25321166375541,demo,True
2026-06-30 15:00:00,2026-06-30,2026,6,30,15,Tuesday,False,39196.19,39157.46,3127.13,-38.7300000000032,19145.25,48.89298233337913,demo,True
2026-06-30 16:00:00,2026-06-30,2026,6,30,16,Tuesday,False,39606.53,40132.6,3204.3,526.0699999999997,17593.28,43.83787743629867,demo,True
2026-06-30 17:00:00,2026-06-30,2026,6,30,17,Tuesday,False,39651.58,40172.64,3080.97,521.0599999999977,17260.329999999998,42.96538639233069,demo,True
2026-06-30 18:00:00,2026-06-30,2026,6,30,18,Tuesday,False,39479.6,39776.96,3267.38,297.3600000000006,15791.78,39.70082178225787,demo,True
2026-06-30 19:00:00,2026-06-30,2026,6,30,19,Tuesday,False,38128.88,38087.68,3071.24,-41.19999999999709,15788.529999999999,41.45311554812475,demo,True
2026-06-30 20:00:00,2026-06-30,2026,6,30,20,Tuesday,False,38693.13,38915.84,3075.32,222.70999999999913,16610.45,42.68300517218696,demo,True
2026-06-30 21:00:00,2026-06-30,2026,6,30,21,Tuesday,False,35708.19,36042.56,2779.31,334.36999999999534,16750.18,46.47333596725649,demo,True
2026-06-30 22:00:00,2026-06-30,2026,6,30,22,Tuesday,False,32255.43,32684.81,2625.81,429.380000000001,16907.26,51.728188109400044,demo,True
2026-06-30 23:00:00,2026-06-30,2026,6,30,23,Tuesday,False,30818.83,32162.97,2432.61,1344.1399999999994,16241.949999999999,50.498912258413945,demo,True
2026-07-01 00:00:00,2026-07-01,2026,7,1,0,Wednesday,False,28528.51,32986.54,2442.16,4458.0300000000025,16708.71,50.65311487655268,demo,True
2026-07-01 01:00:00,2026-07-01,2026,7,1,1,Wednesday,False,28551.11,32334.52,2418.04,3783.41,16185.730000000001,50.05712161491806,demo,True
2026-07-01 02:00:00,2026-07-01,2026,7,1,2,Wednesday,False,28025.57,32875.54,2389.92,4849.970000000001,17172.219999999998,52.23403174518197,demo,True
2026-07-01 03:00:00,2026-07-01,2026,7,1,3,Wednesday,False,28211.91,33874.26,2318.99,5662.350000000002,17320.710000000003,51.13236421991211,demo,True
2026-07-01 04:00:00,2026-07-01,2026,7,1,4,Wednesday,False,31156.18,32630.25,2661.76,1474.0699999999997,17021.68,52.16533737865937,demo,True
2026-07-01 05:00:00,2026-07-01,2026,7,1,5,Wednesday,False,31907.28,34073.17,2695.87,2165.8899999999994,17638.23,51.76574413240682,demo,True
2026-07-01 06:00:00,2026-07-01,2026,7,1,6,Wednesday,False,34070.77,34494.12,2944.81,423.3500000000058,16318.7,47.30864274838726,demo,True
2026-07-01 07:00:00,2026-07-01,2026,7,1,7,Wednesday,False,34896.51,35172.63,2949.46,276.11999999999534,18560.28,52.7690991546552,demo,True
2026-07-01 08:00:00,2026-07-01,2026,7,1,8,Wednesday,False,36513.93,36850.32,2913.21,336.3899999999994,18905.100000000002,51.30240388685906,demo,True
2026-07-01 09:00:00,2026-07-01,2026,7,1,9,Wednesday,False,38421.86,38451.94,3080.92,30.080000000001746,20565.569999999996,53.48382942447115,demo,True
2026-07-01 10:00:00,2026-07-01,2026,7,1,10,Wednesday,False,39185.27,39565.26,3053.68,379.99000000000524,21197.5,53.576041203823756,demo,True
2026-07-01 11:00:00,2026-07-01,2026,7,1,11,Wednesday,False,38004.25,38111.35,2900.91,107.09999999999854,21824.760000000002,57.26577515621987,demo,True
2026-07-01 12:00:00,2026-07-01,2026,7,1,12,Wednesday,False,39151.92,39531.71,3005.39,379.7900000000009,21060.94,53.27606622632818,demo,True
2026-07-01 13:00:00,2026-07-01,2026,7,1,13,Wednesday,False,39179.01,39350.0,3099.54,170.98999999999796,20394.96,51.82963151207116,demo,True
2026-07-01 14:00:00,2026-07-01,2026,7,1,14,Wednesday,False,38965.23,39281.83,3384.54,316.59999999999854,21125.96,53.780488332646414,demo,True
2026-07-01 15:00:00,2026-07-01,2026,7,1,15,Wednesday,False,38600.62,38679.12,3113.29,78.5,20155.220000000005,52.108786342605526,demo,True
2026-07-01 16:00:00,2026-07-01,2026,7,1,16,Wednesday,False,38902.13,39061.48,3069.37,159.35000000000582,19108.18,48.918218152512395,demo,True
2026-07-01 17:00:00,2026-07-01,2026,7,1,17,Wednesday,False,39182.37,39498.6,3107.08,316.2299999999959,19269.06,48.784159438562384,demo,True
2026-07-01 18:00:00,2026-07-01,2026,7,1,18,Wednesday,False,39131.06,39516.84,3123.16,385.77999999999884,18165.87,45.96994597746176,demo,True
2026-07-01 19:00:00,2026-07-01,2026,7,1,19,Wednesday,False,38823.62,39270.5,3060.92,446.8799999999974,17741.86,45.17859461937078,demo,True
2026-07-01 20:00:00,2026-07-01,2026,7,1,20,Wednesday,False,37974.93,38017.92,3076.16,42.98999999999796,17952.3,47.220626483510934,demo,True
2026-07-01 21:00:00,2026-07-01,2026,7,1,21,Wednesday,False,35348.05,35327.84,2827.97,-20.210000000006403,17774.079999999998,50.31182206441152,demo,True
2026-07-01 22:00:00,2026-07-01,2026,7,1,22,Wednesday,False,33249.86,34297.32,2604.22,1047.4599999999991,18789.309999999998,54.78360991471053,demo,True
2026-07-01 23:00:00,2026-07-01,2026,7,1,23,Wednesday,False,31836.86,33177.42,2668.09,1340.5599999999977,17834.7,53.75553614476352,demo,True
2026-07-02 00:00:00,2026-07-02,2026,7,2,0,Thursday,False,30184.45,33992.21,2612.24,3807.7599999999984,17155.5,50.46891626051969,demo,True
2026-07-02 01:00:00,2026-07-02,2026,7,2,1,Thursday,False,28245.04,33611.49,2416.83,5366.449999999997,17935.170000000002,53.36023484826172,demo,True
2026-07-02 02:00:00,2026-07-02,2026,7,2,2,Thursday,False,28674.11,34859.07,2490.65,6184.959999999999,18142.23,52.044503769033426,demo,True
2026-07-02 03:00:00,2026-07-02,2026,7,2,3,Thursday,False,29235.52,34839.32,2564.73,5603.799999999999,18897.809999999998,54.24276363602963,demo,True
2026-07-02 04:00:00,2026-07-02,2026,7,2,4,Thursday,False,30662.71,33446.17,2562.14,2783.459999999999,17661.87,52.80685352014895,demo,True
2026-07-02 05:00:00,2026-07-02,2026,7,2,5,Thursday,False,32777.82,34669.04,2630.24,1891.2200000000012,18934.54,54.61512634904226,demo,True
2026-07-02 06:00:00,2026-07-02,2026,7,2,6,Thursday,False,32966.01,35093.22,2613.52,2127.209999999999,19340.13,55.11073079073393,demo,True
2026-07-02 07:00:00,2026-07-02,2026,7,2,7,Thursday,False,35567.99,35519.32,2813.22,-48.669999999998254,18783.48,52.88243130780657,demo,True
2026-07-02 08:00:00,2026-07-02,2026,7,2,8,Thursday,False,37231.23,37465.64,3053.55,234.40999999999622,20461.930000000004,54.615188743606154,demo,True
2026-07-02 09:00:00,2026-07-02,2026,7,2,9,Thursday,False,38337.45,38590.58,2962.42,253.13000000000466,20855.03,54.041763559915395,demo,True
2026-07-02 10:00:00,2026-07-02,2026,7,2,10,Thursday,False,38619.68,38872.48,3011.3,252.8000000000029,21942.58,56.44759480228686,demo,True
2026-07-02 11:00:00,2026-07-02,2026,7,2,11,Thursday,False,38273.78,38158.97,2926.6,-114.80999999999767,21764.58,57.036602403052285,demo,True
2026-07-02 12:00:00,2026-07-02,2026,7,2,12,Thursday,False,39353.02,39346.11,2983.1,-6.9099999999962165,22168.68,56.342749003649914,demo,True
2026-07-02 13:00:00,2026-07-02,2026,7,2,13,Thursday,False,38641.31,38938.14,2922.97,296.83000000000175,20757.9,53.30994238553768,demo,True
2026-07-02 14:00:00,2026-07-02,2026,7,2,14,Thursday,False,39186.03,39548.03,3012.41,362.0,22703.210000000003,57.40667739960753,demo,True
2026-07-02 15:00:00,2026-07-02,2026,7,2,15,Thursday,False,38624.17,38510.6,2952.84,-113.56999999999971,20627.95,53.564343323656345,demo,True
2026-07-02 16:00:00,2026-07-02,2026,7,2,16,Thursday,False,38520.05,38539.44,3116.26,19.389999999999418,20204.11,52.42450331400767,demo,True
2026-07-02 17:00:00,2026-07-02,2026,7,2,17,Thursday,False,39480.18,39914.21,3082.96,434.02999999999884,18746.56,46.96713275798269,demo,True
2026-07-02 18:00:00,2026-07-02,2026,7,2,18,Thursday,False,39183.15,39212.76,3071.4,29.610000000000582,18467.27,47.09505273283492,demo,True
2026-07-02 19:00:00,2026-07-02,2026,7,2,19,Thursday,False,38815.76,39063.12,3046.08,247.36000000000058,18000.66,46.0809582030314,demo,True
2026-07-02 20:00:00,2026-07-02,2026,7,2,20,Thursday,False,38758.44,38770.92,3094.52,12.479999999995925,17756.289999999997,45.79795888258519,demo,True
2026-07-02 21:00:00,2026-07-02,2026,7,2,21,Thursday,False,35758.19,36157.86,3000.6,399.66999999999825,18093.31,50.03977005276308,demo,True
2026-07-02 22:00:00,2026-07-02,2026,7,2,22,Thursday,False,33918.72,34464.92,2648.15,546.1999999999971,18404.49,53.400646222303735,demo,True
2026-07-02 23:00:00,2026-07-02,2026,7,2,23,Thursday,False,30786.2,35723.6,2583.76,4937.399999999998,19621.62,54.92621124410754,demo,True
2026-07-03 00:00:00,2026-07-03,2026,7,3,0,Friday,False,28866.03,33717.02,2313.08,4850.989999999998,18465.420000000002,54.76587195428304,demo,True
2026-07-03 01:00:00,2026-07-03,2026,7,3,1,Friday,False,29666.96,34832.07,2616.34,5165.110000000001,18681.420000000002,53.63281596528717,demo,True
2026-07-03 02:00:00,2026-07-03,2026,7,3,2,Friday,False,27484.4,33692.24,2388.41,6207.8399999999965,17495.78,51.92821848591842,demo,True
2026-07-03 03:00:00,2026-07-03,2026,7,3,3,Friday,False,27829.05,32988.08,2278.49,5159.0300000000025,17321.620000000003,52.50872436346705,demo,True
2026-07-03 04:00:00,2026-07-03,2026,7,3,4,Friday,False,29741.16,34647.47,2411.35,4906.310000000001,17798.44,51.37010003905046,demo,True
2026-07-03 05:00:00,2026-07-03,2026,7,3,5,Friday,False,31479.86,32876.2,2692.65,1396.3399999999965,17001.420000000002,51.713458368059584,demo,True
2026-07-03 06:00:00,2026-07-03,2026,7,3,6,Friday,False,32950.75,33929.24,2538.8,978.489999999998,18111.88,53.38133126471445,demo,True
2026-07-03 07:00:00,2026-07-03,2026,7,3,7,Friday,False,35354.78,35589.86,2851.7,235.08000000000175,18703.15,52.55190663857628,demo,True
2026-07-03 08:00:00,2026-07-03,2026,7,3,8,Friday,False,38093.9,38268.67,2956.55,174.7699999999968,19136.690000000002,50.00615385901836,demo,True
2026-07-03 09:00:00,2026-07-03,2026,7,3,9,Friday,False,37851.9,38281.97,2922.3,430.0699999999997,21439.429999999997,56.00398830049758,demo,True
2026-07-03 10:00:00,2026-07-03,2026,7,3,10,Friday,False,38108.6,38165.91,2895.81,57.31000000000495,21237.4,55.64494597403808,demo,True
2026-07-03 11:00:00,2026-07-03,2026,7,3,11,Friday,False,39983.49,39926.7,2993.54,-56.79000000000087,21092.629999999997,52.82838301186924,demo,True
2026-07-03 12:00:00,2026-07-03,2026,7,3,12,Friday,False,39642.75,39798.19,2996.67,155.44000000000233,22162.550000000003,55.68733150929729,demo,True
2026-07-03 13:00:00,2026-07-03,2026,7,3,13,Friday,False,38754.8,39027.12,3040.72,272.3199999999997,21870.370000000003,56.038903203720906,demo,True
2026-07-03 14:00:00,2026-07-03,2026,7,3,14,Friday,False,38028.32,39217.44,2912.92,1189.1200000000026,22539.089999999997,57.47210934726998,demo,True
2026-07-03 15:00:00,2026-07-03,2026,7,3,15,Friday,False,38668.76,38891.55,3062.64,222.79000000000087,19559.92,50.293495630798965,demo,True
2026-07-03 16:00:00,2026-07-03,2026,7,3,16,Friday,False,39261.51,39308.77,3044.35,47.25999999999476,19274.55,49.03371435941649,demo,True
2026-07-03 17:00:00,2026-07-03,2026,7,3,17,Friday,False,40142.14,40215.28,3189.11,73.13999999999942,18597.8,46.24560614771301,demo,True
2026-07-03 18:00:00,2026-07-03,2026,7,3,18,Friday,False,38361.89,38523.99,3068.36,162.09999999999854,18100.0,46.98371066963728,demo,True
2026-07-03 19:00:00,2026-07-03,2026,7,3,19,Friday,False,38361.1,38509.01,2989.09,147.9100000000035,17719.820000000003,46.01473784966168,demo,True
2026-07-03 20:00:00,2026-07-03,2026,7,3,20,Friday,False,37710.93,38158.59,2922.92,447.6599999999962,17190.3,45.04962054415533,demo,True
2026-07-03 21:00:00,2026-07-03,2026,7,3,21,Friday,False,33907.2,34204.71,2834.16,297.51000000000204,17920.49,52.391878194552746,demo,True
2026-07-03 22:00:00,2026-07-03,2026,7,3,22,Friday,False,34312.82,34466.96,2703.36,154.13999999999942,17757.59,51.52061568528237,demo,True
2026-07-03 23:00:00,2026-07-03,2026,7,3,23,Friday,False,30722.78,33218.41,2618.5,2495.6300000000047,17383.629999999997,52.3313126666809,demo,True
2026-07-04 00:00:00,2026-07-04,2026,7,4,0,Saturday,True,27509.26,32989.9,2402.07,5480.640000000003,17142.28,51.962206614751786,demo,True
2026-07-04 01:00:00,2026-07-04,2026,7,4,1,Saturday,True,26241.66,32597.98,2298.49,6356.32,16444.66,50.446868180175585,demo,True
2026-07-04 02:00:00,2026-07-04,2026,7,4,2,Saturday,True,26400.04,33633.19,2376.85,7233.1500000000015,17479.72,51.9716387294812,demo,True
2026-07-04 03:00:00,2026-07-04,2026,7,4,3,Saturday,True,26455.46,33067.61,2472.29,6612.1500000000015,16811.249999999996,50.839023443182,demo,True
2026-07-04 04:00:00,2026-07-04,2026,7,4,4,Saturday,True,25614.42,33154.77,2353.88,7540.3499999999985,17108.49,51.601896197741695,demo,True
2026-07-04 05:00:00,2026-07-04,2026,7,4,5,Saturday,True,28503.65,33234.57,2460.97,4730.919999999998,17489.45,52.62427045091903,demo,True
2026-07-04 06:00:00,2026-07-04,2026,7,4,6,Saturday,True,31189.24,32556.88,2772.96,1367.6399999999994,15738.24,48.340750096446584,demo,True
2026-07-04 07:00:00,2026-07-04,2026,7,4,7,Saturday,True,32941.77,34177.4,2539.53,1235.6300000000047,18142.26,53.082621849526284,demo,True
2026-07-04 08:00:00,2026-07-04,2026,7,4,8,Saturday,True,35077.66,35439.39,2717.04,361.7299999999959,18334.170000000002,51.733875780593294,demo,True
2026-07-04 09:00:00,2026-07-04,2026,7,4,9,Saturday,True,36478.66,36979.76,2841.1,501.09999999999854,19727.44,53.34658743052955,demo,True
2026-07-04 10:00:00,2026-07-04,2026,7,4,10,Saturday,True,37020.08,37441.15,3058.45,421.0699999999997,19009.110000000004,50.77063605151018,demo,True
2026-07-04 11:00:00,2026-07-04,2026,7,4,11,Saturday,True,36683.68,37177.02,2980.46,493.3399999999965,19757.0,53.14304374046118,demo,True
2026-07-04 12:00:00,2026-07-04,2026,7,4,12,Saturday,True,35515.7,36829.74,2657.62,1314.0400000000009,20586.71,55.89697347849863,demo,True
2026-07-04 13:00:00,2026-07-04,2026,7,4,13,Saturday,True,36380.33,36712.21,2819.32,331.8799999999974,20576.05,56.04688467406348,demo,True
2026-07-04 14:00:00,2026-07-04,2026,7,4,14,Saturday,True,36937.29,37126.58,2782.33,189.29000000000087,20158.29,54.296113458336315,demo,True
2026-07-04 15:00:00,2026-07-04,2026,7,4,15,Saturday,True,35936.68,36334.33,2863.89,397.65000000000146,18633.449999999997,51.28331800806564,demo,True
2026-07-04 16:00:00,2026-07-04,2026,7,4,16,Saturday,True,37251.7,37261.87,3066.1,10.17000000000553,16709.84,44.844340877148674,demo,True
2026-07-04 17:00:00,2026-07-04,2026,7,4,17,Saturday,True,37472.05,37697.08,3097.78,225.02999999999884,16209.240000000002,42.998661965329944,demo,True
2026-07-04 18:00:00,2026-07-04,2026,7,4,18,Saturday,True,36686.31,37033.49,2960.72,347.1800000000003,17519.43,47.30699159058463,demo,True
2026-07-04 19:00:00,2026-07-04,2026,7,4,19,Saturday,True,33785.62,34289.1,2759.76,503.4799999999959,15194.74,44.31361569711658,demo,True
2026-07-04 20:00:00,2026-07-04,2026,7,4,20,Saturday,True,33853.67,34017.64,2766.02,163.97000000000116,16394.0,48.19264358138895,demo,True
2026-07-04 21:00:00,2026-07-04,2026,7,4,21,Saturday,True,34404.42,34828.41,2902.1,423.99000000000524,15007.83,43.09076986287918,demo,True
2026-07-04 22:00:00,2026-07-04,2026,7,4,22,Saturday,True,30716.59,31116.72,2798.4,400.130000000001,15659.32,50.324455790970255,demo,True
2026-07-04 23:00:00,2026-07-04,2026,7,4,23,Saturday,True,27671.6,32341.84,2315.07,4670.240000000002,16180.619999999999,50.029992109292486,demo,True
2026-07-05 00:00:00,2026-07-05,2026,7,5,0,Sunday,True,28151.53,31134.42,2593.22,2982.8899999999994,15483.139999999998,49.72997730486066,demo,True
2026-07-05 01:00:00,2026-07-05,2026,7,5,1,Sunday,True,26088.33,32912.27,2351.47,6823.939999999995,16708.05,50.76541362841275,demo,True
2026-07-05 02:00:00,2026-07-05,2026,7,5,2,Sunday,True,26424.29,31310.87,2423.59,4886.579999999998,15815.279999999999,50.510509608963275,demo,True
2026-07-05 03:00:00,2026-07-05,2026,7,5,3,Sunday,True,26273.68,32419.03,2365.68,6145.3499999999985,16026.059999999998,49.43411323534356,demo,True
2026-07-05 04:00:00,2026-07-05,2026,7,5,4,Sunday,True,27609.52,30619.97,2550.25,3010.4500000000007,15076.02,49.235907154709814,demo,True
2026-07-05 05:00:00,2026-07-05,2026,7,5,5,Sunday,True,29317.1,31285.25,2539.85,1968.1500000000015,15743.880000000001,50.323650921760255,demo,True
2026-07-05 06:00:00,2026-07-05,2026,7,5,6,Sunday,True,31590.74,31657.28,2579.42,66.53999999999724,15814.25,49.954544420746195,demo,True
2026-07-05 07:00:00,2026-07-05,2026,7,5,7,Sunday,True,34682.46,34665.28,2866.33,-17.18000000000029,16427.16,47.38793397889762,demo,True
2026-07-05 08:00:00,2026-07-05,2026,7,5,8,Sunday,True,35433.04,35754.81,2947.11,321.7699999999968,18036.68,50.44546454029542,demo,True
2026-07-05 09:00:00,2026-07-05,2026,7,5,9,Sunday,True,34829.86,34777.86,2804.46,-52.0,17945.600000000002,51.600644778028325,demo,True
2026-07-05 10:00:00,2026-07-05,2026,7,5,10,Sunday,True,36916.83,37448.23,2737.07,531.4000000000015,19081.78,50.95509186949556,demo,True
2026-07-05 11:00:00,2026-07-05,2026,7,5,11,Sunday,True,37642.71,38169.58,2953.44,526.8700000000026,19443.01,50.93849604842389,demo,True
2026-07-05 12:00:00,2026-07-05,2026,7,5,12,Sunday,True,37660.03,38096.92,2993.54,436.8899999999994,18318.43,48.08375585217913,demo,True
2026-07-05 13:00:00,2026-07-05,2026,7,5,13,Sunday,True,36410.54,36658.52,2881.46,247.97999999999593,19223.37,52.439023724907614,demo,True
2026-07-05 14:00:00,2026-07-05,2026,7,5,14,Sunday,True,37471.29,38020.93,2924.22,549.6399999999994,18582.01,48.87310752261977,demo,True
2026-07-05 15:00:00,2026-07-05,2026,7,5,15,Sunday,True,37359.42,37851.6,3098.14,492.1800000000003,17611.510000000002,46.527782180938196,demo,True
2026-07-05 16:00:00,2026-07-05,2026,7,5,16,Sunday,True,38620.57,38774.68,2839.09,154.11000000000058,17807.24,45.92491801350779,demo,True
2026-07-05 17:00:00,2026-07-05,2026,7,5,17,Sunday,True,36321.17,36830.16,2955.7,508.99000000000524,15806.8,42.91808669851013,demo,True
2026-07-05 18:00:00,2026-07-05,2026,7,5,18,Sunday,True,36252.32,36338.22,2960.4,85.90000000000146,15220.359999999999,41.885265706465525,demo,True
2026-07-05 19:00:00,2026-07-05,2026,7,5,19,Sunday,True,35725.98,35940.52,3123.7,214.5399999999936,14364.24,39.966700537443536,demo,True
2026-07-05 20:00:00,2026-07-05,2026,7,5,20,Sunday,True,34415.18,34342.35,2834.62,-72.83000000000175,15057.349999999999,43.84484463060914,demo,True
2026-07-05 21:00:00,2026-07-05,2026,7,5,21,Sunday,True,32471.08,32747.34,2765.09,276.2599999999984,14545.829999999998,44.41835581149491,demo,True
2026-07-05 22:00:00,2026-07-05,2026,7,5,22,Sunday,True,29175.29,31093.56,2529.01,1918.2700000000004,14964.180000000002,48.1263001084469,demo,True
2026-07-05 23:00:00,2026-07-05,2026,7,5,23,Sunday,True,28766.21,30395.18,2511.58,1628.9700000000012,14288.41,47.00880205348348,demo,True
2026-07-06 00:00:00,2026-07-06,2026,7,6,0,Monday,False,30055.41,31851.2,2702.82,1795.7900000000009,16330.4,51.27090973024564,demo,True
2026-07-06 01:00:00,2026-07-06,2026,7,6,1,Monday,False,28243.72,31431.85,2378.78,3188.1299999999974,14574.550000000001,46.36873108009869,demo,True
2026-07-06 02:00:00,2026-07-06,2026,7,6,2,Monday,False,29515.6,30683.47,2484.69,1167.8700000000026,14404.510000000002,46.9455051856912,demo,True
2026-07-06 03:00:00,2026-07-06,2026,7,6,3,Monday,False,28599.18,29350.26,2553.15,751.0799999999981,14158.369999999999,48.239334166034645,demo,True
2026-07-06 04:00:00,2026-07-06,2026,7,6,4,Monday,False,30702.25,31976.75,2614.0,1274.5,15885.099999999999,49.67703096781254,demo,True
2026-07-06 05:00:00,2026-07-06,2026,7,6,5,Monday,False,31755.99,32161.25,2651.5,405.2599999999984,14683.380000000001,45.65550157409927,demo,True
2026-07-06 06:00:00,2026-07-06,2026,7,6,6,Monday,False,34190.99,34479.73,2815.62,288.74000000000524,15197.57,44.07682426747541,demo,True
2026-07-06 07:00:00,2026-07-06,2026,7,6,7,Monday,False,35793.73,36111.07,2991.52,317.3399999999965,15960.28,44.19774877897553,demo,True
2026-07-06 08:00:00,2026-07-06,2026,7,6,8,Monday,False,38221.48,38465.95,3085.16,244.4699999999939,17072.52,44.38346121699841,demo,True
2026-07-06 09:00:00,2026-07-06,2026,7,6,9,Monday,False,38485.26,38606.13,2961.05,120.86999999999534,18832.77,48.7818126292379,demo,True
2026-07-06 10:00:00,2026-07-06,2026,7,6,10,Monday,False,39461.45,39791.53,3106.28,330.08000000000175,19071.399999999998,47.92829026679798,demo,True
2026-07-06 11:00:00,2026-07-06,2026,7,6,11,Monday,False,39610.1,39953.49,3094.1,343.3899999999994,18833.81,47.13933626324009,demo,True
2026-07-06 12:00:00,2026-07-06,2026,7,6,12,Monday,False,39126.34,39232.26,3100.38,105.92000000000553,19274.44,49.1290585859698,demo,True
2026-07-06 13:00:00,2026-07-06,2026,7,6,13,Monday,False,39502.65,39511.72,3078.07,9.069999999999709,17818.39,45.096467579745955,demo,True
2026-07-06 14:00:00,2026-07-06,2026,7,6,14,Monday,False,40729.9,40995.26,3060.99,265.3600000000006,18764.69,45.7728283708897,demo,True
2026-07-06 15:00:00,2026-07-06,2026,7,6,15,Monday,False,39030.72,39416.57,3148.18,385.84999999999854,17400.94,44.146256257203504,demo,True
2026-07-06 16:00:00,2026-07-06,2026,7,6,16,Monday,False,39623.43,40054.35,3182.73,430.91999999999825,16933.68,42.27675645716383,demo,True
2026-07-06 17:00:00,2026-07-06,2026,7,6,17,Monday,False,40236.62,40703.21,3321.24,466.5899999999965,15650.509999999998,38.45030895597669,demo,True
2026-07-06 18:00:00,2026-07-06,2026,7,6,18,Monday,False,39915.68,40232.53,3057.42,316.84999999999854,15488.630000000001,38.49777779324343,demo,True
2026-07-06 19:00:00,2026-07-06,2026,7,6,19,Monday,False,38458.47,38661.09,3096.96,202.61999999999534,14465.82,37.41699988282793,demo,True
2026-07-06 20:00:00,2026-07-06,2026,7,6,20,Monday,False,35599.96,35849.57,2880.43,249.61000000000058,15713.980000000001,43.833105947993246,demo,True
2026-07-06 21:00:00,2026-07-06,2026,7,6,21,Monday,False,35965.78,35992.01,2894.72,26.2300000000032,15308.76,42.53377346805583,demo,True
2026-07-06 22:00:00,2026-07-06,2026,7,6,22,Monday,False,32065.53,32192.66,2549.87,127.13000000000102,14948.72,46.435181187264426,demo,True
2026-07-06 23:00:00,2026-07-06,2026,7,6,23,Monday,False,32609.45,32849.87,2595.42,240.4200000000019,16524.86,50.30418689632561,demo,True
2026-07-07 00:00:00,2026-07-07,2026,7,7,0,Tuesday,False,29925.49,30672.1,2569.53,746.609999999997,15367.52,50.102601386928185,demo,True
2026-07-07 01:00:00,2026-07-07,2026,7,7,1,Tuesday,False,29298.75,31502.84,2459.07,2204.09,16083.72,51.05482553319003,demo,True
2026-07-07 02:00:00,2026-07-07,2026,7,7,2,Tuesday,False,27539.36,32568.49,2342.99,5029.130000000001,16158.52,49.61396736538906,demo,True
2026-07-07 03:00:00,2026-07-07,2026,7,7,3,Tuesday,False,27513.06,31180.18,2549.38,3667.119999999999,15259.27,48.9390054836117,demo,True
2026-07-07 04:00:00,2026-07-07,2026,7,7,4,Tuesday,False,29991.06,32227.85,2757.19,2236.7899999999972,16388.0,50.850429054373784,demo,True
2026-07-07 05:00:00,2026-07-07,2026,7,7,5,Tuesday,False,31559.47,31659.47,2647.8,100.0,15055.84,47.555565522733005,demo,True
2026-07-07 06:00:00,2026-07-07,2026,7,7,6,Tuesday,False,33278.42,33406.71,2612.44,128.29000000000087,15876.490000000002,47.52485353990262,demo,True
2026-07-07 07:00:00,2026-07-07,2026,7,7,7,Tuesday,False,35667.52,35934.63,2923.89,267.1100000000006,16607.09,46.21472379150697,demo,True
2026-07-07 08:00:00,2026-07-07,2026,7,7,8,Tuesday,False,39210.54,39292.92,2907.28,82.37999999999738,17491.98,44.516874795764735,demo,True
2026-07-07 09:00:00,2026-07-07,2026,7,7,9,Tuesday,False,39040.27,39489.41,2937.15,449.1400000000067,19099.0,48.36486541581654,demo,True
2026-07-07 10:00:00,2026-07-07,2026,7,7,10,Tuesday,False,39858.82,39882.59,3129.46,23.7699999999968,19941.26,49.99991224240953,demo,True
2026-07-07 11:00:00,2026-07-07,2026,7,7,11,Tuesday,False,39954.43,40204.7,2970.65,250.2699999999968,20235.149999999998,50.33030964041517,demo,True
2026-07-07 12:00:00,2026-07-07,2026,7,7,12,Tuesday,False,40373.76,40489.02,3101.04,115.25999999999476,19832.11,48.98145225545099,demo,True
2026-07-07 13:00:00,2026-07-07,2026,7,7,13,Tuesday,False,39096.11,39374.23,2917.81,278.1200000000026,19628.07,49.850041511922896,demo,True
2026-07-07 14:00:00,2026-07-07,2026,7,7,14,Tuesday,False,37737.5,37897.96,2969.04,160.45999999999913,19576.4,51.65555085286913,demo,True
2026-07-07 15:00:00,2026-07-07,2026,7,7,15,Tuesday,False,39097.99,39343.73,3160.84,245.74000000000524,19145.95,48.66328129030978,demo,True
2026-07-07 16:00:00,2026-07-07,2026,7,7,16,Tuesday,False,39908.02,40377.85,3061.39,469.83000000000175,18942.89,46.914063032083185,demo,True
2026-07-07 17:00:00,2026-07-07,2026,7,7,17,Tuesday,False,38687.31,38813.57,3060.31,126.26000000000204,17507.21,45.10589981802756,demo,True
2026-07-07 18:00:00,2026-07-07,2026,7,7,18,Tuesday,False,39004.04,39128.81,3017.6,124.7699999999968,17004.100000000002,43.45672664208291,demo,True
2026-07-07 19:00:00,2026-07-07,2026,7,7,19,Tuesday,False,37976.03,38169.17,2988.96,193.13999999999942,15409.54,40.37169265142522,demo,True
2026-07-07 20:00:00,2026-07-07,2026,7,7,20,Tuesday,False,38329.75,38845.08,2987.97,515.3300000000017,16389.7,42.19247328104357,demo,True
2026-07-07 21:00:00,2026-07-07,2026,7,7,21,Tuesday,False,36138.71,36372.56,2995.84,233.84999999999854,16239.109999999999,44.64659622528631,demo,True
2026-07-07 22:00:00,2026-07-07,2026,7,7,22,Tuesday,False,34085.25,34557.4,2657.85,472.15000000000146,16766.33,48.517336373685524,demo,True
2026-07-07 23:00:00,2026-07-07,2026,7,7,23,Tuesday,False,32025.62,32524.17,2608.94,498.5499999999993,17312.109999999997,53.228445183997,demo,True
2026-07-08 00:00:00,2026-07-08,2026,7,8,0,Wednesday,False,29790.79,32838.9,2580.53,3048.1100000000006,16177.580000000002,49.263464975988846,demo,True
2026-07-08 01:00:00,2026-07-08,2026,7,8,1,Wednesday,False,28747.27,33421.58,2563.18,4674.310000000001,16701.53,49.97229335058366,demo,True
2026-07-08 02:00:00,2026-07-08,2026,7,8,2,Wednesday,False,27351.2,32865.86,2431.02,5514.66,17041.049999999996,51.850309104949616,demo,True
2026-07-08 03:00:00,2026-07-08,2026,7,8,3,Wednesday,False,27079.3,31828.05,2394.21,4748.75,15396.320000000002,48.37343161142452,demo,True
2026-07-08 04:00:00,2026-07-08,2026,7,8,4,Wednesday,False,29923.58,33819.57,2495.55,3895.989999999998,16863.510000000002,49.863170939192905,demo,True
2026-07-08 05:00:00,2026-07-08,2026,7,8,5,Wednesday,False,31819.79,34241.61,2735.87,2421.8199999999997,16998.58,49.643051246714165,demo,True
2026-07-08 06:00:00,2026-07-08,2026,7,8,6,Wednesday,False,34478.99,34919.38,2761.96,440.3899999999994,15281.560000000001,43.76240357073924,demo,True
2026-07-08 07:00:00,2026-07-08,2026,7,8,7,Wednesday,False,36718.19,37404.05,2871.11,685.8600000000006,17189.27,45.955638493692526,demo,True
2026-07-08 08:00:00,2026-07-08,2026,7,8,8,Wednesday,False,38382.33,38364.86,3127.47,-17.470000000001164,19471.75,50.75412760531382,demo,True
2026-07-08 09:00:00,2026-07-08,2026,7,8,9,Wednesday,False,37767.48,38104.93,2982.15,337.4499999999971,20548.89,53.927116517468995,demo,True
2026-07-08 10:00:00,2026-07-08,2026,7,8,10,Wednesday,False,38887.58,38953.29,3057.31,65.70999999999913,20428.670000000002,52.44401692385932,demo,True
2026-07-08 11:00:00,2026-07-08,2026,7,8,11,Wednesday,False,39709.9,39826.6,3115.58,116.69999999999709,21183.869999999995,53.19025475436014,demo,True
2026-07-08 12:00:00,2026-07-08,2026,7,8,12,Wednesday,False,41120.47,41280.07,3150.66,159.59999999999854,20783.3,50.347056097530846,demo,True
2026-07-08 13:00:00,2026-07-08,2026,7,8,13,Wednesday,False,40275.23,40594.06,2978.63,318.82999999999447,20709.95,51.01719315584596,demo,True
2026-07-08 14:00:00,2026-07-08,2026,7,8,14,Wednesday,False,39969.41,40099.89,3117.55,130.47999999999593,20243.399999999998,50.482432744827975,demo,True
2026-07-08 15:00:00,2026-07-08,2026,7,8,15,Wednesday,False,38968.54,39224.6,3046.49,256.0599999999977,19340.100000000002,49.306047735349765,demo,True
2026-07-08 16:00:00,2026-07-08,2026,7,8,16,Wednesday,False,38731.57,39131.33,2972.91,399.76000000000204,18448.06,47.14396367309775,demo,True
2026-07-08 17:00:00,2026-07-08,2026,7,8,17,Wednesday,False,39928.41,40381.44,3025.68,453.02999999999884,18596.49,46.05207243723849,demo,True
2026-07-08 18:00:00,2026-07-08,2026,7,8,18,Wednesday,False,38367.04,38741.7,3032.98,374.6599999999962,17877.530000000002,46.14544534700337,demo,True
2026-07-08 19:00:00,2026-07-08,2026,7,8,19,Wednesday,False,38303.36,38634.7,2908.25,331.3399999999965,18005.58,46.60468438993962,demo,True
2026-07-08 20:00:00,2026-07-08,2026,7,8,20,Wednesday,False,37207.99,37432.49,2974.49,224.5,16526.02,44.148866399216296,demo,True
2026-07-08 21:00:00,2026-07-08,2026,7,8,21,Wednesday,False,36739.13,36886.72,2918.72,147.59000000000378,17292.829999999998,46.880909986032904,demo,True
2026-07-08 22:00:00,2026-07-08,2026,7,8,22,Wednesday,False,33390.88,33964.52,2713.68,573.6399999999994,17569.02,51.727567473351606,demo,True
2026-07-08 23:00:00,2026-07-08,2026,7,8,23,Wednesday,False,29893.02,33454.39,2562.6,3561.369999999999,17575.93,52.53699140830247,demo,True
2026-07-09 00:00:00,2026-07-09,2026,7,9,0,Thursday,False,30179.97,32496.68,2609.26,2316.709999999999,16555.41,50.944927297188514,demo,True
2026-07-09 01:00:00,2026-07-09,2026,7,9,1,Thursday,False,28129.66,32572.09,2367.61,4442.43,17006.58,52.21212393800951,demo,True
2026-07-09 02:00:00,2026-07-09,2026,7,9,2,Thursday,False,28220.68,33770.88,2526.59,5550.199999999997,17069.95,50.54635828263878,demo,True
2026-07-09 03:00:00,2026-07-09,2026,7,9,3,Thursday,False,28559.12,32213.4,2440.88,3654.2800000000025,16572.59,51.446261493664124,demo,True
2026-07-09 04:00:00,2026-07-09,2026,7,9,4,Thursday,False,29636.93,32477.64,2676.88,2840.709999999999,16746.82,51.564153060382466,demo,True
2026-07-09 05:00:00,2026-07-09,2026,7,9,5,Thursday,False,32156.23,33381.74,2596.51,1225.5099999999984,17615.65,52.770316945731416,demo,True
2026-07-09 06:00:00,2026-07-09,2026,7,9,6,Thursday,False,32569.49,33975.91,2528.96,1406.420000000002,17829.73,52.47756425067055,demo,True
2026-07-09 07:00:00,2026-07-09,2026,7,9,7,Thursday,False,35266.35,35500.62,2905.07,234.27000000000407,18237.579999999998,51.372567577693,demo,True
2026-07-09 08:00:00,2026-07-09,2026,7,9,8,Thursday,False,37772.16,37585.88,3020.7,-186.2800000000061,18528.32,49.295959014395834,demo,True
2026-07-09 09:00:00,2026-07-09,2026,7,9,9,Thursday,False,38046.24,37971.79,3079.29,-74.44999999999709,20147.030000000002,53.05788850091081,demo,True
2026-07-09 10:00:00,2026-07-09,2026,7,9,10,Thursday,False,38018.0,38412.67,2973.54,394.66999999999825,21693.260000000002,56.474231028460146,demo,True
2026-07-09 11:00:00,2026-07-09,2026,7,9,11,Thursday,False,39851.66,40128.21,3298.74,276.54999999999563,20276.260000000002,50.52869290705966,demo,True
2026-07-09 12:00:00,2026-07-09,2026,7,9,12,Thursday,False,40144.31,40264.1,3081.75,119.79000000000087,20660.23,51.31178891369731,demo,True
2026-07-09 13:00:00,2026-07-09,2026,7,9,13,Thursday,False,39217.67,39642.97,3129.55,425.3000000000029,21044.15,53.084191219779946,demo,True
2026-07-09 14:00:00,2026-07-09,2026,7,9,14,Thursday,False,37823.24,37958.19,2901.48,134.95000000000437,20687.69,54.5012551968363,demo,True
2026-07-09 15:00:00,2026-07-09,2026,7,9,15,Thursday,False,39744.18,39889.83,3115.03,145.65000000000146,20809.010000000006,52.16620376672451,demo,True
2026-07-09 16:00:00,2026-07-09,2026,7,9,16,Thursday,False,38197.88,38306.88,3083.86,109.0,17952.13,46.86398370214437,demo,True
2026-07-09 17:00:00,2026-07-09,2026,7,9,17,Thursday,False,39602.33,40195.52,3204.52,593.189999999995,17142.63,42.64811103326938,demo,True
2026-07-09 18:00:00,2026-07-09,2026,7,9,18,Thursday,False,38526.28,38818.59,3140.94,292.3099999999977,16518.399999999998,42.55280781707939,demo,True
2026-07-09 19:00:00,2026-07-09,2026,7,9,19,Thursday,False,37668.38,37953.61,2735.51,285.2300000000032,15991.570000000002,42.13451632137233,demo,True
2026-07-09 20:00:00,2026-07-09,2026,7,9,20,Thursday,False,36989.0,37322.95,2969.29,333.9499999999971,16471.39,44.13206887451287,demo,True
2026-07-09 21:00:00,2026-07-09,2026,7,9,21,Thursday,False,35505.78,35422.29,2821.83,-83.48999999999796,16659.98,47.03247587888869,demo,True
2026-07-09 22:00:00,2026-07-09,2026,7,9,22,Thursday,False,33198.22,33341.3,2687.57,143.08000000000175,16876.680000000004,50.617942311787495,demo,True
2026-07-09 23:00:00,2026-07-09,2026,7,9,23,Thursday,False,32022.59,32354.49,2633.96,331.90000000000146,16259.230000000003,50.25339605105814,demo,True
2026-07-10 00:00:00,2026-07-10,2026,7,10,0,Friday,False,29524.61,31635.97,2603.18,2111.3600000000006,16208.62,51.234781168397866,demo,True
2026-07-10 01:00:00,2026-07-10,2026,7,10,1,Friday,False,29315.11,31999.69,2519.89,2684.579999999998,16487.75,51.52471789570462,demo,True
2026-07-10 02:00:00,2026-07-10,2026,7,10,2,Friday,False,28397.65,31808.28,2405.4,3410.6299999999974,16394.6,51.54192556152045,demo,True
2026-07-10 03:00:00,2026-07-10,2026,7,10,3,Friday,False,28141.52,33493.62,2298.78,5352.100000000002,17553.38,52.408130264808634,demo,True
2026-07-10 04:00:00,2026-07-10,2026,7,10,4,Friday,False,29232.37,32458.41,2641.22,3226.040000000001,16439.55,50.64804468241051,demo,True
2026-07-10 05:00:00,2026-07-10,2026,7,10,5,Friday,False,30459.75,32549.9,2518.36,2090.1500000000015,16212.96,49.80955394640229,demo,True
2026-07-10 06:00:00,2026-07-10,2026,7,10,6,Friday,False,33856.01,34164.41,2782.33,308.40000000000146,15519.91,45.42712723562327,demo,True
2026-07-10 07:00:00,2026-07-10,2026,7,10,7,Friday,False,35390.05,35587.81,3059.19,197.75999999999476,16764.94,47.10865883570806,demo,True
2026-07-10 08:00:00,2026-07-10,2026,7,10,8,Friday,False,35642.8,35537.63,2801.01,-105.17000000000553,17948.26,50.504943632988464,demo,True
2026-07-10 09:00:00,2026-07-10,2026,7,10,9,Friday,False,38111.1,38423.95,2988.61,312.84999999999854,18262.039999999997,47.527752872882665,demo,True
2026-07-10 10:00:00,2026-07-10,2026,7,10,10,Friday,False,38523.44,38850.56,3049.3,327.11999999999534,18891.88,48.62704681734318,demo,True
2026-07-10 11:00:00,2026-07-10,2026,7,10,11,Friday,False,40496.64,40852.06,2981.58,355.41999999999825,20496.280000000002,50.17196195246948,demo,True
2026-07-10 12:00:00,2026-07-10,2026,7,10,12,Friday,False,38176.19,38437.55,2825.95,261.3600000000006,20250.130000000005,52.683196509663084,demo,True
2026-07-10 13:00:00,2026-07-10,2026,7,10,13,Friday,False,38250.22,38674.89,2963.79,424.66999999999825,19151.09,49.51814989001908,demo,True
2026-07-10 14:00:00,2026-07-10,2026,7,10,14,Friday,False,39982.81,40076.93,3088.35,94.12000000000262,18347.920000000002,45.78175024883394,demo,True
2026-07-10 15:00:00,2026-07-10,2026,7,10,15,Friday,False,40209.73,40724.04,3152.34,514.3099999999977,18690.97,45.89664974300192,demo,True
2026-07-10 16:00:00,2026-07-10,2026,7,10,16,Friday,False,38848.32,38920.49,2997.95,72.16999999999825,16718.41,42.95529167284379,demo,True
2026-07-10 17:00:00,2026-07-10,2026,7,10,17,Friday,False,38953.71,39184.3,3154.84,230.59000000000378,15487.26,39.52414615037145,demo,True
2026-07-10 18:00:00,2026-07-10,2026,7,10,18,Friday,False,39588.86,39961.42,2955.84,372.5599999999977,15838.710000000001,39.635002960355266,demo,True
2026-07-10 19:00:00,2026-07-10,2026,7,10,19,Friday,False,36861.3,37018.61,2983.53,157.30999999999767,15204.989999999998,41.07390850169684,demo,True
2026-07-10 20:00:00,2026-07-10,2026,7,10,20,Friday,False,36005.5,36390.32,2999.78,384.8199999999997,13669.15,37.56259906480624,demo,True
2026-07-10 21:00:00,2026-07-10,2026,7,10,21,Friday,False,35447.58,35635.88,2952.47,188.29999999999563,14086.550000000001,39.52912065031087,demo,True
2026-07-10 22:00:00,2026-07-10,2026,7,10,22,Friday,False,34744.09,35015.35,2853.91,271.26000000000204,14624.580000000002,41.76619682510671,demo,True
2026-07-10 23:00:00,2026-07-10,2026,7,10,23,Friday,False,31315.48,31532.88,2573.04,217.40000000000146,15310.57,48.55430268342124,demo,True
2026-07-11 00:00:00,2026-07-11,2026,7,11,0,Saturday,True,27417.52,28880.75,2406.12,1463.2299999999996,13803.84,47.79598867757936,demo,True
2026-07-11 01:00:00,2026-07-11,2026,7,11,1,Saturday,True,26932.63,30210.73,2512.88,3278.0999999999985,14219.349999999999,47.06721750848125,demo,True
2026-07-11 02:00:00,2026-07-11,2026,7,11,2,Saturday,True,27185.65,30503.36,2348.69,3317.709999999999,14927.83,48.93831368085352,demo,True
2026-07-11 03:00:00,2026-07-11,2026,7,11,3,Saturday,True,25736.02,29550.51,2419.55,3814.489999999998,14097.970000000001,47.70804294071405,demo,True
2026-07-11 04:00:00,2026-07-11,2026,7,11,4,Saturday,True,27336.74,31507.63,2519.44,4170.889999999999,15142.96,48.0612473867441,demo,True
2026-07-11 05:00:00,2026-07-11,2026,7,11,5,Saturday,True,30398.43,30672.07,2443.79,273.6399999999994,14104.660000000002,45.98535410228264,demo,True
2026-07-11 06:00:00,2026-07-11,2026,7,11,6,Saturday,True,30096.96,30279.13,2580.77,182.1700000000019,13540.52,44.7189863116939,demo,True
2026-07-11 07:00:00,2026-07-11,2026,7,11,7,Saturday,True,33867.56,34300.91,2702.04,433.3500000000058,15811.920000000002,46.097669128894836,demo,True
2026-07-11 08:00:00,2026-07-11,2026,7,11,8,Saturday,True,34100.51,34527.31,2657.2,426.79999999999563,16433.260000000002,47.594961785322994,demo,True
2026-07-11 09:00:00,2026-07-11,2026,7,11,9,Saturday,True,36067.83,36260.52,2976.18,192.68999999999505,17033.690000000002,46.97585693751773,demo,True
2026-07-11 10:00:00,2026-07-11,2026,7,11,10,Saturday,True,36494.33,36441.53,2965.11,-52.80000000000291,17423.06,47.81100025163598,demo,True
2026-07-11 11:00:00,2026-07-11,2026,7,11,11,Saturday,True,36233.06,36252.1,2935.69,19.040000000000873,17133.620000000003,47.26242065976869,demo,True
2026-07-11 12:00:00,2026-07-11,2026,7,11,12,Saturday,True,36189.97,36434.17,2782.39,244.1999999999971,18756.37,51.480162715385035,demo,True
2026-07-11 13:00:00,2026-07-11,2026,7,11,13,Saturday,True,36962.65,36931.04,2979.83,-31.610000000000582,16991.57,46.00891282780014,demo,True
2026-07-11 14:00:00,2026-07-11,2026,7,11,14,Saturday,True,37412.71,37596.51,2864.17,183.8000000000029,17487.11,46.51258853547842,demo,True
2026-07-11 15:00:00,2026-07-11,2026,7,11,15,Saturday,True,36679.18,37185.02,2963.54,505.8399999999965,16508.33,44.39510856791257,demo,True
2026-07-11 16:00:00,2026-07-11,2026,7,11,16,Saturday,True,36928.89,37240.6,2920.91,311.7099999999991,15994.529999999999,42.9491737512285,demo,True
2026-07-11 17:00:00,2026-07-11,2026,7,11,17,Saturday,True,37305.99,37564.21,3129.63,258.22000000000116,14316.019999999999,38.1107974851594,demo,True
2026-07-11 18:00:00,2026-07-11,2026,7,11,18,Saturday,True,35987.37,36050.03,2941.54,62.65999999999622,13136.91,36.44077411308673,demo,True
2026-07-11 19:00:00,2026-07-11,2026,7,11,19,Saturday,True,36518.05,36800.76,3019.57,282.7099999999991,13654.919999999998,37.10499457076429,demo,True
2026-07-11 20:00:00,2026-07-11,2026,7,11,20,Saturday,True,35391.87,35595.34,2968.7,203.4699999999939,12654.32,35.550496216639594,demo,True
2026-07-11 21:00:00,2026-07-11,2026,7,11,21,Saturday,True,34976.63,35269.58,2916.7,292.95000000000437,12606.19,35.74238763262846,demo,True
2026-07-11 22:00:00,2026-07-11,2026,7,11,22,Saturday,True,30905.89,31286.77,2641.69,380.880000000001,14195.8,45.373172110767584,demo,True
2026-07-11 23:00:00,2026-07-11,2026,7,11,23,Saturday,True,28809.84,29787.67,2545.97,977.8299999999981,13443.27,45.13031734271261,demo,True
2026-07-12 00:00:00,2026-07-12,2026,7,12,0,Sunday,True,27895.14,28574.93,2392.42,679.7900000000009,12701.22,44.44882279676626,demo,True
2026-07-12 01:00:00,2026-07-12,2026,7,12,1,Sunday,True,26722.35,29772.0,2437.0,3049.6500000000015,13567.24,45.57046889695015,demo,True
2026-07-12 02:00:00,2026-07-12,2026,7,12,2,Sunday,True,25346.27,29265.58,2395.69,3919.3100000000013,13633.579999999998,46.585716052782814,demo,True
2026-07-12 03:00:00,2026-07-12,2026,7,12,3,Sunday,True,25867.6,29898.38,2375.64,4030.7800000000025,14216.27,47.54862972508878,demo,True
2026-07-12 04:00:00,2026-07-12,2026,7,12,4,Sunday,True,27737.32,30224.81,2423.49,2487.4900000000016,13825.330000000002,45.74166057619552,demo,True
2026-07-12 05:00:00,2026-07-12,2026,7,12,5,Sunday,True,28553.69,29614.55,2509.28,1060.8600000000006,13828.869999999997,46.69620169815175,demo,True
2026-07-12 06:00:00,2026-07-12,2026,7,12,6,Sunday,True,30885.13,31357.72,2620.01,472.59000000000015,13256.980000000001,42.276606845140535,demo,True
2026-07-12 07:00:00,2026-07-12,2026,7,12,7,Sunday,True,33220.97,33384.27,2754.89,163.29999999999563,14859.890000000001,44.511651744968525,demo,True
2026-07-12 08:00:00,2026-07-12,2026,7,12,8,Sunday,True,35520.49,35529.15,2811.8,8.660000000003492,14461.920000000002,40.70437936173537,demo,True
2026-07-12 09:00:00,2026-07-12,2026,7,12,9,Sunday,True,35582.88,35758.95,3023.55,176.0699999999997,15719.58,43.95984781432341,demo,True
2026-07-12 10:00:00,2026-07-12,2026,7,12,10,Sunday,True,35384.5,35885.01,3046.99,500.51000000000204,16576.37,46.19302042830697,demo,True
2026-07-12 11:00:00,2026-07-12,2026,7,12,11,Sunday,True,35572.05,35413.32,2812.72,-158.7300000000032,16714.31,47.19780579736665,demo,True
2026-07-12 12:00:00,2026-07-12,2026,7,12,12,Sunday,True,36006.55,36274.98,2952.02,268.4300000000003,18090.510000000002,49.87048924630696,demo,True
2026-07-12 13:00:00,2026-07-12,2026,7,12,13,Sunday,True,35859.95,35995.82,3013.59,135.87000000000262,17479.11,48.55872154044553,demo,True
2026-07-12 14:00:00,2026-07-12,2026,7,12,14,Sunday,True,36617.61,36837.43,2866.03,219.8199999999997,16406.0,44.53622307527968,demo,True
2026-07-12 15:00:00,2026-07-12,2026,7,12,15,Sunday,True,35947.78,36135.04,2721.93,187.26000000000204,16051.010000000004,44.41951634756736,demo,True
2026-07-12 16:00:00,2026-07-12,2026,7,12,16,Sunday,True,36397.88,36820.76,3101.05,422.88000000000466,15114.53,41.04893543750862,demo,True
2026-07-12 17:00:00,2026-07-12,2026,7,12,17,Sunday,True,36374.31,36634.0,2952.65,259.6900000000023,15543.470000000001,42.42908227329803,demo,True
2026-07-12 18:00:00,2026-07-12,2026,7,12,18,Sunday,True,36369.14,36801.04,2955.74,431.90000000000146,13027.76,35.400521289615725,demo,True
2026-07-12 19:00:00,2026-07-12,2026,7,12,19,Sunday,True,36936.02,37417.16,3044.29,481.1400000000067,12906.470000000001,34.49345166763057,demo,True
2026-07-12 20:00:00,2026-07-12,2026,7,12,20,Sunday,True,35291.7,35547.08,2902.49,255.38000000000466,12966.269999999999,36.47632942002549,demo,True
2026-07-12 21:00:00,2026-07-12,2026,7,12,21,Sunday,True,33175.38,33360.67,3083.69,185.29000000000087,12262.63,36.75774497334736,demo,True
2026-07-12 22:00:00,2026-07-12,2026,7,12,22,Sunday,True,30856.45,31174.34,2600.14,317.8899999999994,13324.97,42.74339087852381,demo,True
2026-07-12 23:00:00,2026-07-12,2026,7,12,23,Sunday,True,28837.23,29732.49,2558.65,895.260000000002,13033.72,43.83662451412579,demo,True
2026-07-13 00:00:00,2026-07-13,2026,7,13,0,Monday,False,30096.28,30138.69,2727.18,42.409999999999854,12676.349999999999,42.06005635945026,demo,True
2026-07-13 01:00:00,2026-07-13,2026,7,13,1,Monday,False,29067.9,30394.7,2635.27,1326.7999999999993,14300.15,47.0481695821969,demo,True
2026-07-13 02:00:00,2026-07-13,2026,7,13,2,Monday,False,27595.5,28480.44,2546.75,884.9399999999987,13005.01,45.66295324089094,demo,True
2026-07-13 03:00:00,2026-07-13,2026,7,13,3,Monday,False,28685.35,29462.41,2457.52,777.0600000000013,13967.93,47.40932598521302,demo,True
2026-07-13 04:00:00,2026-07-13,2026,7,13,4,Monday,False,28446.39,30146.23,2467.93,1699.8400000000001,14338.010000000002,47.56153588690859,demo,True
2026-07-13 05:00:00,2026-07-13,2026,7,13,5,Monday,False,31791.2,31928.57,2494.99,137.36999999999898,14040.47,43.97462836575519,demo,True
2026-07-13 06:00:00,2026-07-13,2026,7,13,6,Monday,False,34216.0,34692.02,2851.39,476.0199999999968,13568.65,39.11173232345652,demo,True
2026-07-13 07:00:00,2026-07-13,2026,7,13,7,Monday,False,35472.21,35656.69,2927.88,184.4800000000032,14061.150000000001,39.434815738645405,demo,True
2026-07-13 08:00:00,2026-07-13,2026,7,13,8,Monday,False,38604.9,39060.78,3168.14,455.8799999999974,15171.26,38.840135808859934,demo,True
2026-07-13 09:00:00,2026-07-13,2026,7,13,9,Monday,False,37899.23,38172.82,3195.07,273.5899999999965,16413.239999999998,42.99719014733519,demo,True
2026-07-13 10:00:00,2026-07-13,2026,7,13,10,Monday,False,39336.37,39382.49,3179.83,46.11999999999534,16748.370000000003,42.52745319049152,demo,True
2026-07-13 11:00:00,2026-07-13,2026,7,13,11,Monday,False,39398.59,39682.93,3205.12,284.3400000000038,17469.78,44.02341258571381,demo,True
2026-07-13 12:00:00,2026-07-13,2026,7,13,12,Monday,False,39327.93,39364.11,3094.14,36.18000000000029,17844.68,45.33235985774859,demo,True
2026-07-13 13:00:00,2026-07-13,2026,7,13,13,Monday,False,39209.14,39568.42,3204.82,359.27999999999884,17933.84,45.32361918924233,demo,True
2026-07-13 14:00:00,2026-07-13,2026,7,13,14,Monday,False,39310.81,39523.41,3096.54,212.60000000000582,17873.27,45.22198362944897,demo,True
2026-07-13 15:00:00,2026-07-13,2026,7,13,15,Monday,False,39883.57,40287.5,3253.91,403.9300000000003,16825.27,41.76300341296928,demo,True
2026-07-13 16:00:00,2026-07-13,2026,7,13,16,Monday,False,40364.22,40872.26,3272.98,508.0400000000009,15733.140000000003,38.493442740871195,demo,True
2026-07-13 17:00:00,2026-07-13,2026,7,13,17,Monday,False,39424.6,39362.23,3180.42,-62.36999999999534,15366.869999999999,39.03963266308845,demo,True
2026-07-13 18:00:00,2026-07-13,2026,7,13,18,Monday,False,39758.22,39925.22,3054.91,167.0,13866.73,34.73175601787542,demo,True
2026-07-13 19:00:00,2026-07-13,2026,7,13,19,Monday,False,38029.03,38061.33,3162.32,32.30000000000291,15098.31,39.66837207212675,demo,True
2026-07-13 20:00:00,2026-07-13,2026,7,13,20,Monday,False,37874.5,38512.99,3110.06,638.489999999998,14143.730000000001,36.724570073629714,demo,True
2026-07-13 21:00:00,2026-07-13,2026,7,13,21,Monday,False,35140.7,35311.44,2977.58,170.74000000000524,13539.149999999998,38.342106694034555,demo,True
2026-07-13 22:00:00,2026-07-13,2026,7,13,22,Monday,False,34452.63,34465.91,2866.54,13.280000000006112,15094.87,43.79652241881905,demo,True
2026-07-13 23:00:00,2026-07-13,2026,7,13,23,Monday,False,33197.94,33851.21,2819.76,653.2699999999968,14501.000000000002,42.837464303343964,demo,True
2026-07-14 00:00:00,2026-07-14,2026,7,14,0,Tuesday,False,29791.4,29910.71,2676.57,119.30999999999767,14058.649999999998,47.00206046596686,demo,True
2026-07-14 01:00:00,2026-07-14,2026,7,14,1,Tuesday,False,27134.2,29386.46,2367.22,2252.2599999999984,13958.73,47.50054957283048,demo,True
2026-07-14 02:00:00,2026-07-14,2026,7,14,2,Tuesday,False,27857.18,32002.3,2489.09,4145.119999999999,15322.039999999999,47.87793377351003,demo,True
2026-07-14 03:00:00,2026-07-14,2026,7,14,3,Tuesday,False,29532.12,29807.9,2484.46,275.7800000000025,13619.4,45.69057196246632,demo,True
2026-07-14 04:00:00,2026-07-14,2026,7,14,4,Tuesday,False,30265.68,31521.37,2623.9,1255.6899999999987,15427.94,48.9443828107725,demo,True
2026-07-14 05:00:00,2026-07-14,2026,7,14,5,Tuesday,False,31827.24,31926.76,2692.44,99.5199999999968,15082.12,47.2397449662916,demo,True
2026-07-14 06:00:00,2026-07-14,2026,7,14,6,Tuesday,False,34398.57,34561.26,2776.25,162.69000000000233,15250.550000000001,44.126140077068946,demo,True
2026-07-14 07:00:00,2026-07-14,2026,7,14,7,Tuesday,False,36017.38,36276.93,2912.19,259.5500000000029,16956.74,46.74248895923663,demo,True
2026-07-14 08:00:00,2026-07-14,2026,7,14,8,Tuesday,False,38195.74,38684.05,2989.43,488.31000000000495,17140.0,44.30766685494409,demo,True
2026-07-14 09:00:00,2026-07-14,2026,7,14,9,Tuesday,False,39169.7,39479.69,3059.07,309.99000000000524,17554.050000000003,44.46349502744323,demo,True
2026-07-14 10:00:00,2026-07-14,2026,7,14,10,Tuesday,False,40259.36,40407.99,3161.98,148.62999999999738,19292.94,47.74535927176778,demo,True
2026-07-14 11:00:00,2026-07-14,2026,7,14,11,Tuesday,False,39684.83,39893.71,3138.18,208.87999999999738,18159.670000000002,45.520133374409156,demo,True
2026-07-14 12:00:00,2026-07-14,2026,7,14,12,Tuesday,False,40041.82,40430.37,2941.2,388.5500000000029,19536.82,48.322140015043146,demo,True
2026-07-14 13:00:00,2026-07-14,2026,7,14,13,Tuesday,False,39084.17,39636.59,3102.55,552.4199999999983,18709.539999999997,47.202698314865124,demo,True
2026-07-14 14:00:00,2026-07-14,2026,7,14,14,Tuesday,False,38824.81,38875.98,3028.49,51.17000000000553,18303.489999999998,47.08174559200822,demo,True
2026-07-14 15:00:00,2026-07-14,2026,7,14,15,Tuesday,False,40494.73,40945.27,3129.13,450.5399999999936,18179.489999999998,44.399487413320266,demo,True
2026-07-14 16:00:00,2026-07-14,2026,7,14,16,Tuesday,False,39561.15,39754.85,3011.09,193.6999999999971,17794.9,44.76158254904748,demo,True
2026-07-14 17:00:00,2026-07-14,2026,7,14,17,Tuesday,False,39999.59,39957.23,3170.14,-42.359999999993306,15740.59,39.393596603167936,demo,True
2026-07-14 18:00:00,2026-07-14,2026,7,14,18,Tuesday,False,39284.12,39206.12,3081.92,-78.0,15773.82,40.233055451546846,demo,True
2026-07-14 19:00:00,2026-07-14,2026,7,14,19,Tuesday,False,38119.71,38609.86,3190.02,490.15000000000146,14957.759999999998,38.74077761483724,demo,True
2026-07-14 20:00:00,2026-07-14,2026,7,14,20,Tuesday,False,37356.02,37867.63,2846.3,511.6100000000006,16273.86,42.97564965116645,demo,True
2026-07-14 21:00:00,2026-07-14,2026,7,14,21,Tuesday,False,36689.29,36836.85,2881.61,147.55999999999767,15763.490000000002,42.79271979010149,demo,True
2026-07-14 22:00:00,2026-07-14,2026,7,14,22,Tuesday,False,34087.83,34299.65,2730.01,211.8199999999997,14796.76,43.13968218334589,demo,True
2026-07-14 23:00:00,2026-07-14,2026,7,14,23,Tuesday,False,30462.46,31810.73,2608.46,1348.2700000000004,15462.47,48.60771821331985,demo,True
2026-07-15 00:00:00,2026-07-15,2026,7,15,0,Wednesday,False,29736.19,31652.94,2650.52,1916.75,15399.28,48.65039392865244,demo,True
2026-07-15 01:00:00,2026-07-15,2026,7,15,1,Wednesday,False,29926.58,31776.38,2589.14,1849.7999999999993,15983.75,50.30072651447396,demo,True
2026-07-15 02:00:00,2026-07-15,2026,7,15,2,Wednesday,False,28101.18,31342.8,2350.97,3241.619999999999,15495.79,49.439711831744454,demo,True
2026-07-15 03:00:00,2026-07-15,2026,7,15,3,Wednesday,False,27419.48,31895.67,2371.28,4476.189999999999,15863.849999999999,49.73668839688898,demo,True
2026-07-15 04:00:00,2026-07-15,2026,7,15,4,Wednesday,False,31213.66,31887.33,2538.62,673.6700000000019,16185.569999999998,50.758624193370835,demo,True
2026-07-15 05:00:00,2026-07-15,2026,7,15,5,Wednesday,False,32140.67,32491.02,2741.89,350.3500000000022,14924.63,45.93463055330365,demo,True
2026-07-15 06:00:00,2026-07-15,2026,7,15,6,Wednesday,False,33653.49,33708.59,2746.17,55.099999999998545,15135.819999999998,44.901967124700256,demo,True
2026-07-15 07:00:00,2026-07-15,2026,7,15,7,Wednesday,False,35428.27,35738.94,2736.32,310.67000000000553,17108.1,47.86963463381957,demo,True
2026-07-15 08:00:00,2026-07-15,2026,7,15,8,Wednesday,False,38110.98,38243.43,3081.19,132.4499999999971,17348.24,45.36266752223847,demo,True
2026-07-15 09:00:00,2026-07-15,2026,7,15,9,Wednesday,False,38156.71,37980.89,3115.76,-175.8199999999997,18803.469999999998,49.50771295775322,demo,True
2026-07-15 10:00:00,2026-07-15,2026,7,15,10,Wednesday,False,40007.95,40437.26,3086.88,429.31000000000495,20072.710000000003,49.6391446898232,demo,True
2026-07-15 11:00:00,2026-07-15,2026,7,15,11,Wednesday,False,39823.21,40262.38,3102.23,439.16999999999825,20067.029999999995,49.84064528723835,demo,True
2026-07-15 12:00:00,2026-07-15,2026,7,15,12,Wednesday,False,39589.42,39745.5,2947.44,156.08000000000175,19555.53,49.20187191002755,demo,True
2026-07-15 13:00:00,2026-07-15,2026,7,15,13,Wednesday,False,39411.02,39710.42,2883.19,299.40000000000146,19803.29,49.86925346042676,demo,True
2026-07-15 14:00:00,2026-07-15,2026,7,15,14,Wednesday,False,39133.36,39462.23,2895.21,328.8700000000026,19206.969999999998,48.671780586145275,demo,True
2026-07-15 15:00:00,2026-07-15,2026,7,15,15,Wednesday,False,40041.94,40376.63,3112.62,334.68999999999505,19361.249999999996,47.95162449169234,demo,True
2026-07-15 16:00:00,2026-07-15,2026,7,15,16,Wednesday,False,38814.07,39374.67,3024.04,560.5999999999985,18732.340000000004,47.57459554581665,demo,True
2026-07-15 17:00:00,2026-07-15,2026,7,15,17,Wednesday,False,38310.82,38635.85,3101.53,325.02999999999884,16819.02,43.532159898125705,demo,True
2026-07-15 18:00:00,2026-07-15,2026,7,15,18,Wednesday,False,39637.61,39823.23,3123.58,185.62000000000262,16424.32,41.24306340796565,demo,True
2026-07-15 19:00:00,2026-07-15,2026,7,15,19,Wednesday,False,38982.13,39309.16,3211.6,327.0300000000061,15236.039999999999,38.75951559382088,demo,True
2026-07-15 20:00:00,2026-07-15,2026,7,15,20,Wednesday,False,37694.5,37867.11,3110.9,172.61000000000058,15731.04,41.542753064598806,demo,True
2026-07-15 21:00:00,2026-07-15,2026,7,15,21,Wednesday,False,35979.5,36037.7,2883.38,58.19999999999709,16292.76,45.21032141340874,demo,True
2026-07-15 22:00:00,2026-07-15,2026,7,15,22,Wednesday,False,33484.79,33954.34,2661.35,469.54999999999563,16492.23,48.57178787748489,demo,True
2026-07-15 23:00:00,2026-07-15,2026,7,15,23,Wednesday,False,32221.73,33142.78,2510.64,921.0499999999993,16055.199999999999,48.442526547260066,demo,True
2026-07-16 00:00:00,2026-07-16,2026,7,16,0,Thursday,False,29864.97,32926.05,2684.54,3061.0800000000017,15853.9,48.150021031979236,demo,True
2026-07-16 01:00:00,2026-07-16,2026,7,16,1,Thursday,False,28348.0,32047.92,2380.8,3699.9199999999983,15727.090000000002,49.07366843152381,demo,True
2026-07-16 02:00:00,2026-07-16,2026,7,16,2,Thursday,False,28042.51,31373.51,2304.52,3331.0,15827.520000000002,50.448674694033286,demo,True
2026-07-16 03:00:00,2026-07-16,2026,7,16,3,Thursday,False,30104.26,32575.7,2575.77,2471.4400000000023,15899.5,48.807853706904226,demo,True
2026-07-16 04:00:00,2026-07-16,2026,7,16,4,Thursday,False,28684.04,32677.41,2354.35,3993.369999999999,15843.77,48.48539097804875,demo,True
2026-07-16 05:00:00,2026-07-16,2026,7,16,5,Thursday,False,32022.85,32751.92,2686.42,729.0699999999997,15741.1,48.061609823179836,demo,True
2026-07-16 06:00:00,2026-07-16,2026,7,16,6,Thursday,False,32537.12,33158.11,2673.0,620.9900000000016,15928.84,48.039046857616434,demo,True
2026-07-16 07:00:00,2026-07-16,2026,7,16,7,Thursday,False,35622.49,36067.38,2960.23,444.8899999999994,17113.420000000002,47.44847005798592,demo,True
2026-07-16 08:00:00,2026-07-16,2026,7,16,8,Thursday,False,37059.79,37579.88,3048.09,520.0899999999965,16937.7,45.07119235080049,demo,True
2026-07-16 09:00:00,2026-07-16,2026,7,16,9,Thursday,False,37086.58,37173.05,3047.39,86.47000000000116,18144.34,48.810468874628256,demo,True
2026-07-16 10:00:00,2026-07-16,2026,7,16,10,Thursday,False,39486.49,39784.44,3098.4,297.95000000000437,19433.210000000003,48.84625748156817,demo,True
2026-07-16 11:00:00,2026-07-16,2026,7,16,11,Thursday,False,39187.64,39808.23,2977.67,620.5900000000038,19926.99,50.05746299194915,demo,True
2026-07-16 12:00:00,2026-07-16,2026,7,16,12,Thursday,False,37958.7,38291.41,2882.44,332.7100000000064,19800.54,51.71013551081038,demo,True
2026-07-16 13:00:00,2026-07-16,2026,7,16,13,Thursday,False,39906.86,40582.65,3066.32,675.7900000000009,19178.07,47.2568203407121,demo,True
2026-07-16 14:00:00,2026-07-16,2026,7,16,14,Thursday,False,40270.34,40405.7,3315.08,135.36000000000058,19006.73,47.039724593312336,demo,True
2026-07-16 15:00:00,2026-07-16,2026,7,16,15,Thursday,False,40363.08,40936.56,3138.49,573.4799999999959,18073.69,44.15048553175938,demo,True
2026-07-16 16:00:00,2026-07-16,2026,7,16,16,Thursday,False,39681.08,39934.08,3125.81,253.0,18320.65,45.877230676154305,demo,True
2026-07-16 17:00:00,2026-07-16,2026,7,16,17,Thursday,False,39488.41,39679.46,3270.92,191.04999999999563,16303.580000000002,41.0882103738307,demo,True
2026-07-16 18:00:00,2026-07-16,2026,7,16,18,Thursday,False,40147.21,40512.42,3224.6,365.2099999999991,14839.54,36.6296064268686,demo,True
2026-07-16 19:00:00,2026-07-16,2026,7,16,19,Thursday,False,39727.94,39957.87,3106.38,229.9300000000003,14914.630000000001,37.325888492054254,demo,True
2026-07-16 20:00:00,2026-07-16,2026,7,16,20,Thursday,False,38161.83,38396.61,3143.73,234.77999999999884,14858.71,38.69797359714829,demo,True
2026-07-16 21:00:00,2026-07-16,2026,7,16,21,Thursday,False,35045.01,35382.35,2828.17,337.3399999999965,15706.91,44.391935527176685,demo,True
2026-07-16 22:00:00,2026-07-16,2026,7,16,22,Thursday,False,33860.11,33784.72,2825.34,-75.38999999999942,15105.760000000002,44.71181054630615,demo,True
2026-07-16 23:00:00,2026-07-16,2026,7,16,23,Thursday,False,31988.16,32188.37,2711.78,200.20999999999913,15802.980000000001,49.09530988987638,demo,True
2026-07-17 00:00:00,2026-07-17,2026,7,17,0,Friday,False,28640.13,30988.12,2436.66,2347.989999999998,15231.08,49.15135219561561,demo,True
2026-07-17 01:00:00,2026-07-17,2026,7,17,1,Friday,False,29027.53,30011.83,2523.14,984.3000000000029,14583.630000000001,48.59293818470916,demo,True
2026-07-17 02:00:00,2026-07-17,2026,7,17,2,Friday,False,29861.93,31035.97,2687.35,1174.0400000000009,15476.52,49.866396958110215,demo,True
2026-07-17 03:00:00,2026-07-17,2026,7,17,3,Friday,False,29147.77,31002.23,2453.57,1854.4599999999991,15198.689999999999,49.024505656528575,demo,True
2026-07-17 04:00:00,2026-07-17,2026,7,17,4,Friday,False,30939.92,31262.34,2753.48,322.4200000000019,14145.529999999999,45.24782853746712,demo,True
2026-07-17 05:00:00,2026-07-17,2026,7,17,5,Friday,False,31811.04,32233.44,2620.26,422.3999999999978,15021.05,46.60082820822103,demo,True
2026-07-17 06:00:00,2026-07-17,2026,7,17,6,Friday,False,33671.25,33664.53,2951.49,-6.720000000001164,15034.54,44.65988385995587,demo,True
2026-07-17 07:00:00,2026-07-17,2026,7,17,7,Friday,False,35975.15,36133.44,2837.2,158.29000000000087,16231.099999999999,44.91988584535543,demo,True
2026-07-17 08:00:00,2026-07-17,2026,7,17,8,Friday,False,36802.25,37038.86,2924.6,236.61000000000058,16618.449999999997,44.867606616402334,demo,True
2026-07-17 09:00:00,2026-07-17,2026,7,17,9,Friday,False,37881.46,38166.7,3152.11,285.23999999999796,17290.24,45.301899299651275,demo,True
2026-07-17 10:00:00,2026-07-17,2026,7,17,10,Friday,False,40110.58,39980.84,3265.24,-129.74000000000524,18879.3,47.22086879615336,demo,True
2026-07-17 11:00:00,2026-07-17,2026,7,17,11,Friday,False,40424.31,40447.98,3238.38,23.67000000000553,17832.440000000002,44.08734379318819,demo,True
2026-07-17 12:00:00,2026-07-17,2026,7,17,12,Friday,False,38744.37,38991.37,2956.98,247.0,18191.89,46.656195973621855,demo,True
2026-07-17 13:00:00,2026-07-17,2026,7,17,13,Friday,False,40006.76,40439.13,3137.38,432.36999999999534,18509.96,45.77239915893344,demo,True
2026-07-17 14:00:00,2026-07-17,2026,7,17,14,Friday,False,39214.96,39389.53,3089.97,174.5699999999997,17835.949999999997,45.28094140752631,demo,True
2026-07-17 15:00:00,2026-07-17,2026,7,17,15,Friday,False,39567.86,39697.82,3033.66,129.95999999999913,17895.169999999995,45.07847030391088,demo,True
2026-07-17 16:00:00,2026-07-17,2026,7,17,16,Friday,False,39761.96,40107.12,3193.39,345.1600000000035,17545.64,43.74694567947038,demo,True
2026-07-17 17:00:00,2026-07-17,2026,7,17,17,Friday,False,40162.22,40353.16,3119.46,190.94000000000233,15539.34,38.50835969227688,demo,True
2026-07-17 18:00:00,2026-07-17,2026,7,17,18,Friday,False,39285.4,39693.96,3039.14,408.5599999999977,14482.59,36.48562652857009,demo,True
2026-07-17 19:00:00,2026-07-17,2026,7,17,19,Friday,False,39547.38,39757.54,3035.02,210.1600000000035,13869.909999999998,34.88623793122009,demo,True
2026-07-17 20:00:00,2026-07-17,2026,7,17,20,Friday,False,37594.92,37644.18,3227.19,49.26000000000204,13156.029999999999,34.9483771462149,demo,True
2026-07-17 21:00:00,2026-07-17,2026,7,17,21,Friday,False,36151.02,36656.73,2926.88,505.7100000000064,13902.25,37.9255050846052,demo,True
2026-07-17 22:00:00,2026-07-17,2026,7,17,22,Friday,False,33145.88,33618.59,2719.35,472.7099999999991,14869.96,44.23136127957776,demo,True
2026-07-17 23:00:00,2026-07-17,2026,7,17,23,Friday,False,33201.56,33279.57,2681.4,78.01000000000204,14354.349999999999,43.13261860054081,demo,True
2026-07-18 00:00:00,2026-07-18,2026,7,18,0,Saturday,True,27745.74,29535.16,2564.17,1789.4199999999983,14132.75,47.85059569678986,demo,True
2026-07-18 01:00:00,2026-07-18,2026,7,18,1,Saturday,True,26708.08,30457.6,2263.89,3749.519999999997,14394.699999999999,47.26143885270015,demo,True
2026-07-18 02:00:00,2026-07-18,2026,7,18,2,Saturday,True,24655.1,30267.73,2182.3,5612.630000000001,13635.87,45.05085118705632,demo,True
2026-07-18 03:00:00,2026-07-18,2026,7,18,3,Saturday,True,25633.92,30474.33,2307.75,4840.4100000000035,14068.109999999999,46.16380409347801,demo,True
2026-07-18 04:00:00,2026-07-18,2026,7,18,4,Saturday,True,28285.05,29619.89,2476.18,1334.8400000000001,13860.32,46.793961760155085,demo,True
2026-07-18 05:00:00,2026-07-18,2026,7,18,5,Saturday,True,29393.82,30575.87,2598.0,1182.0499999999993,14324.29,46.84834806008791,demo,True
2026-07-18 06:00:00,2026-07-18,2026,7,18,6,Saturday,True,29892.85,29972.33,2529.04,79.4800000000032,13027.899999999998,43.46642386494476,demo,True
2026-07-18 07:00:00,2026-07-18,2026,7,18,7,Saturday,True,33945.06,34207.25,2944.25,262.1900000000023,15232.84,44.53102777919885,demo,True
2026-07-18 08:00:00,2026-07-18,2026,7,18,8,Saturday,True,34502.69,34971.56,2783.55,468.86999999999534,15183.17,43.41576412376228,demo,True
2026-07-18 09:00:00,2026-07-18,2026,7,18,9,Saturday,True,37054.02,37123.78,2874.8,69.76000000000204,17098.0,46.05673236938696,demo,True
2026-07-18 10:00:00,2026-07-18,2026,7,18,10,Saturday,True,36672.68,36802.29,2835.82,129.61000000000058,17446.27,47.4053924361772,demo,True
2026-07-18 11:00:00,2026-07-18,2026,7,18,11,Saturday,True,37116.97,37486.08,2878.24,369.1100000000006,18397.17,49.07733750768284,demo,True
2026-07-18 12:00:00,2026-07-18,2026,7,18,12,Saturday,True,37773.41,37994.48,2900.22,221.0699999999997,17485.63,46.02150101804262,demo,True
2026-07-18 13:00:00,2026-07-18,2026,7,18,13,Saturday,True,36210.92,36177.37,2964.59,-33.549999999995634,17809.390000000003,49.22798423434318,demo,True
2026-07-18 14:00:00,2026-07-18,2026,7,18,14,Saturday,True,36090.84,36283.2,2816.51,192.36000000000058,17022.33,46.91518388675752,demo,True
2026-07-18 15:00:00,2026-07-18,2026,7,18,15,Saturday,True,36702.45,37266.81,2958.01,564.3600000000006,15900.77,42.667376145154364,demo,True
2026-07-18 16:00:00,2026-07-18,2026,7,18,16,Saturday,True,37528.83,38150.15,2930.96,621.3199999999997,15830.56,41.49540696432386,demo,True
2026-07-18 17:00:00,2026-07-18,2026,7,18,17,Saturday,True,36044.56,36179.88,2839.59,135.3199999999997,14842.09,41.023049274900856,demo,True
2026-07-18 18:00:00,2026-07-18,2026,7,18,18,Saturday,True,35569.88,35655.48,3034.49,85.60000000000582,13826.11,38.77695658563564,demo,True
2026-07-18 19:00:00,2026-07-18,2026,7,18,19,Saturday,True,36646.87,36814.43,3151.86,167.55999999999767,13566.83,36.851935504637716,demo,True
2026-07-18 20:00:00,2026-07-18,2026,7,18,20,Saturday,True,34466.25,35040.59,2975.44,574.3399999999965,14237.199999999999,40.63059440494581,demo,True
2026-07-18 21:00:00,2026-07-18,2026,7,18,21,Saturday,True,32949.53,33351.11,2650.85,401.58000000000175,13290.589999999998,39.850517718900505,demo,True
2026-07-18 22:00:00,2026-07-18,2026,7,18,22,Saturday,True,29939.4,30452.93,2448.5,513.5299999999988,14279.759999999998,46.891251515043045,demo,True
2026-07-18 23:00:00,2026-07-18,2026,7,18,23,Saturday,True,28725.21,30387.58,2690.56,1662.3700000000026,13777.82,45.34030021475879,demo,True
2026-07-19 00:00:00,2026-07-19,2026,7,19,0,Sunday,True,27421.56,28978.5,2422.51,1556.9399999999987,12948.65,44.68364477112342,demo,True
2026-07-19 01:00:00,2026-07-19,2026,7,19,1,Sunday,True,26870.24,29876.17,2271.65,3005.9299999999967,14190.43,47.49748712770077,demo,True
2026-07-19 02:00:00,2026-07-19,2026,7,19,2,Sunday,True,25250.97,29015.87,2416.1,3764.899999999998,13268.609999999999,45.728802893037496,demo,True
2026-07-19 03:00:00,2026-07-19,2026,7,19,3,Sunday,True,27379.98,30887.88,2445.8,3507.9000000000015,13951.029999999999,45.16668026423309,demo,True
2026-07-19 04:00:00,2026-07-19,2026,7,19,4,Sunday,True,26949.34,28444.84,2457.39,1495.5,13250.5,46.58314126569177,demo,True
2026-07-19 05:00:00,2026-07-19,2026,7,19,5,Sunday,True,28724.83,30538.26,2314.7,1813.4299999999967,13688.03,44.822560289944484,demo,True
2026-07-19 06:00:00,2026-07-19,2026,7,19,6,Sunday,True,32318.65,32683.94,2721.99,365.28999999999724,12894.749999999998,39.45286278214927,demo,True
2026-07-19 07:00:00,2026-07-19,2026,7,19,7,Sunday,True,33376.28,33650.72,2859.72,274.4400000000023,14968.180000000002,44.48100961881351,demo,True
2026-07-19 08:00:00,2026-07-19,2026,7,19,8,Sunday,True,34506.92,34976.48,2762.24,469.56000000000495,16389.49,46.858603267109785,demo,True
2026-07-19 09:00:00,2026-07-19,2026,7,19,9,Sunday,True,35967.51,36262.84,3018.84,295.32999999999447,16604.34,45.788857133087205,demo,True
2026-07-19 10:00:00,2026-07-19,2026,7,19,10,Sunday,True,37691.32,37819.59,2892.99,128.2699999999968,16831.12,44.50370826336299,demo,True
2026-07-19 11:00:00,2026-07-19,2026,7,19,11,Sunday,True,38010.01,38293.94,2999.75,283.9300000000003,18089.620000000003,47.23885815875828,demo,True
2026-07-19 12:00:00,2026-07-19,2026,7,19,12,Sunday,True,36386.38,36364.35,3041.56,-22.029999999998836,18583.930000000004,51.10480456821036,demo,True
2026-07-19 13:00:00,2026-07-19,2026,7,19,13,Sunday,True,36819.46,36653.33,2856.09,-166.12999999999738,16515.18,45.05778874661593,demo,True
2026-07-19 14:00:00,2026-07-19,2026,7,19,14,Sunday,True,36858.94,37224.72,2958.23,365.77999999999884,18263.67,49.06328375337678,demo,True
2026-07-19 15:00:00,2026-07-19,2026,7,19,15,Sunday,True,36159.63,36592.92,2954.71,433.2900000000009,17602.49,48.103540247676335,demo,True
2026-07-19 16:00:00,2026-07-19,2026,7,19,16,Sunday,True,36920.83,37183.81,2972.13,262.9799999999959,16825.28,45.248940331827214,demo,True
2026-07-19 17:00:00,2026-07-19,2026,7,19,17,Sunday,True,36989.9,37169.46,2974.87,179.55999999999767,15243.38,41.01049625149249,demo,True
2026-07-19 18:00:00,2026-07-19,2026,7,19,18,Sunday,True,37545.65,37554.11,2985.17,8.459999999999127,13464.5,35.85359898024477,demo,True
2026-07-19 19:00:00,2026-07-19,2026,7,19,19,Sunday,True,36925.46,37385.51,3022.37,460.0500000000029,14752.36,39.46010098564925,demo,True
2026-07-19 20:00:00,2026-07-19,2026,7,19,20,Sunday,True,34667.89,35006.54,2860.42,338.65000000000146,14356.599999999999,41.011193908338264,demo,True
2026-07-19 21:00:00,2026-07-19,2026,7,19,21,Sunday,True,33084.32,33386.74,2626.58,302.41999999999825,14966.519999999999,44.82773699977895,demo,True
2026-07-19 22:00:00,2026-07-19,2026,7,19,22,Sunday,True,31714.17,31963.3,2780.3,249.13000000000102,14290.769999999999,44.70993295435702,demo,True
2026-07-19 23:00:00,2026-07-19,2026,7,19,23,Sunday,True,28800.86,30847.74,2411.27,2046.880000000001,15021.54,48.69575534544832,demo,True
2026-07-20 00:00:00,2026-07-20,2026,7,20,0,Monday,False,30348.91,30460.77,2451.97,111.86000000000058,14808.119999999999,48.61374154363136,demo,True
2026-07-20 01:00:00,2026-07-20,2026,7,20,1,Monday,False,28667.44,32106.88,2428.32,3439.4400000000023,15813.96,49.25411625171925,demo,True
2026-07-20 02:00:00,2026-07-20,2026,7,20,2,Monday,False,27622.25,30564.64,2352.64,2942.3899999999994,14681.660000000002,48.034787911783035,demo,True
2026-07-20 03:00:00,2026-07-20,2026,7,20,3,Monday,False,28060.03,32404.86,2422.55,4344.830000000002,16086.970000000001,49.64369542099549,demo,True
2026-07-20 04:00:00,2026-07-20,2026,7,20,4,Monday,False,30951.47,32218.34,2476.65,1266.869999999999,16747.17,51.98023858460739,demo,True
2026-07-20 05:00:00,2026-07-20,2026,7,20,5,Monday,False,31603.5,32070.87,2680.19,467.369999999999,15958.519999999999,49.76017176958404,demo,True
2026-07-20 06:00:00,2026-07-20,2026,7,20,6,Monday,False,34900.75,34709.22,2976.89,-191.52999999999884,15715.74,45.278286288196625,demo,True
2026-07-20 07:00:00,2026-07-20,2026,7,20,7,Monday,False,35378.71,35532.33,2894.01,153.62000000000262,15804.29,44.47861989348855,demo,True
2026-07-20 08:00:00,2026-07-20,2026,7,20,8,Monday,False,37607.18,37676.92,2853.83,69.73999999999796,18008.6,47.79743142486169,demo,True
2026-07-20 09:00:00,2026-07-20,2026,7,20,9,Monday,False,40260.97,40485.91,3055.68,224.94000000000233,18882.72,46.64022619227281,demo,True
2026-07-20 10:00:00,2026-07-20,2026,7,20,10,Monday,False,38514.0,38507.6,3057.41,-6.400000000001455,18196.309999999998,47.253814831357964,demo,True
2026-07-20 11:00:00,2026-07-20,2026,7,20,11,Monday,False,38165.2,38493.25,2803.65,328.0500000000029,20259.03,52.6300844953336,demo,True
2026-07-20 12:00:00,2026-07-20,2026,7,20,12,Monday,False,40368.75,40565.46,3012.18,196.70999999999913,20117.500000000004,49.59268303625795,demo,True
2026-07-20 13:00:00,2026-07-20,2026,7,20,13,Monday,False,38780.4,38944.77,2872.93,164.36999999999534,20123.96,51.6730744590352,demo,True
2026-07-20 14:00:00,2026-07-20,2026,7,20,14,Monday,False,39291.34,39568.27,3097.3,276.9300000000003,18320.62,46.30129141354929,demo,True
2026-07-20 15:00:00,2026-07-20,2026,7,20,15,Monday,False,38949.85,39186.06,3261.23,236.20999999999913,18227.629999999997,46.51559763854799,demo,True
2026-07-20 16:00:00,2026-07-20,2026,7,20,16,Monday,False,39657.52,39883.27,3014.37,225.75,17280.839999999997,43.32854352213346,demo,True
2026-07-20 17:00:00,2026-07-20,2026,7,20,17,Monday,False,38830.8,39040.44,3143.83,209.63999999999942,17586.57,45.04705889585261,demo,True
2026-07-20 18:00:00,2026-07-20,2026,7,20,18,Monday,False,39131.54,39377.89,3073.55,246.34999999999854,15634.8,39.70451438611871,demo,True
2026-07-20 19:00:00,2026-07-20,2026,7,20,19,Monday,False,38905.14,39216.91,2979.18,311.7700000000041,16346.869999999999,41.68321777518932,demo,True
2026-07-20 20:00:00,2026-07-20,2026,7,20,20,Monday,False,36702.52,36991.75,3108.16,289.2300000000032,15919.68,43.035757973061564,demo,True
2026-07-20 21:00:00,2026-07-20,2026,7,20,21,Monday,False,35254.03,35706.87,3085.55,452.8400000000038,15190.899999999998,42.543353701962666,demo,True
2026-07-20 22:00:00,2026-07-20,2026,7,20,22,Monday,False,33516.0,33667.59,2787.62,151.5899999999965,16488.81,48.97532018181285,demo,True
2026-07-20 23:00:00,2026-07-20,2026,7,20,23,Monday,False,30720.33,31666.07,2608.52,945.739999999998,16454.059999999998,51.96116853149127,demo,True
2026-07-21 00:00:00,2026-07-21,2026,7,21,0,Tuesday,False,29651.07,33796.75,2542.72,4145.68,16593.98,49.09933647466102,demo,True
2026-07-21 01:00:00,2026-07-21,2026,7,21,1,Tuesday,False,28822.14,32387.37,2479.2,3565.2299999999996,15854.94,48.95408302680953,demo,True
2026-07-21 02:00:00,2026-07-21,2026,7,21,2,Tuesday,False,28031.15,32164.36,2469.44,4133.209999999999,16214.510000000002,50.41141810376455,demo,True
2026-07-21 03:00:00,2026-07-21,2026,7,21,3,Tuesday,False,28549.85,31853.13,2539.99,3303.2800000000025,15521.6,48.72864927245768,demo,True
2026-07-21 04:00:00,2026-07-21,2026,7,21,4,Tuesday,False,29934.6,31411.85,2699.3,1477.25,15562.439999999999,49.54321378715357,demo,True
2026-07-21 05:00:00,2026-07-21,2026,7,21,5,Tuesday,False,31263.98,33957.24,2560.26,2693.2599999999984,17571.07,51.74469420954118,demo,True
2026-07-21 06:00:00,2026-07-21,2026,7,21,6,Tuesday,False,34246.24,34592.27,2791.68,346.02999999999884,17460.409999999996,50.47488933221207,demo,True
2026-07-21 07:00:00,2026-07-21,2026,7,21,7,Tuesday,False,36753.44,37120.29,2921.74,366.84999999999854,18121.870000000003,48.81931148706005,demo,True
2026-07-21 08:00:00,2026-07-21,2026,7,21,8,Tuesday,False,37088.27,37397.0,3035.85,308.7300000000032,18493.84,49.452736850549506,demo,True
2026-07-21 09:00:00,2026-07-21,2026,7,21,9,Tuesday,False,38935.74,39330.48,3258.74,394.74000000000524,19594.24,49.81947842996068,demo,True
2026-07-21 10:00:00,2026-07-21,2026,7,21,10,Tuesday,False,39096.43,39166.55,3123.25,70.12000000000262,20832.329999999994,53.18908609515005,demo,True
2026-07-21 11:00:00,2026-07-21,2026,7,21,11,Tuesday,False,39759.51,40097.52,3146.58,338.00999999999476,20738.39,51.71988192785988,demo,True
2026-07-21 12:00:00,2026-07-21,2026,7,21,12,Tuesday,False,40574.19,40826.59,3199.76,252.39999999999418,21202.54,51.93316414620962,demo,True
2026-07-21 13:00:00,2026-07-21,2026,7,21,13,Tuesday,False,39725.22,39997.71,3185.66,272.48999999999796,20758.269999999997,51.8986461974948,demo,True
2026-07-21 14:00:00,2026-07-21,2026,7,21,14,Tuesday,False,38074.44,38259.23,3183.26,184.79000000000087,20667.47,54.019565997538365,demo,True
2026-07-21 15:00:00,2026-07-21,2026,7,21,15,Tuesday,False,39687.79,39766.25,2938.54,78.45999999999913,19462.96,48.943413070128564,demo,True
2026-07-21 16:00:00,2026-07-21,2026,7,21,16,Tuesday,False,40342.81,40374.08,3180.38,31.270000000004075,19750.879999999997,48.91970293812267,demo,True
2026-07-21 17:00:00,2026-07-21,2026,7,21,17,Tuesday,False,39351.05,39658.77,2868.54,307.7199999999939,17759.09,44.77972967895878,demo,True
2026-07-21 18:00:00,2026-07-21,2026,7,21,18,Tuesday,False,39964.44,40304.06,3229.51,339.61999999999534,17512.58,43.45115603738185,demo,True
2026-07-21 19:00:00,2026-07-21,2026,7,21,19,Tuesday,False,38117.19,38343.86,3077.03,226.66999999999825,17474.18,45.572302840663404,demo,True
2026-07-21 20:00:00,2026-07-21,2026,7,21,20,Tuesday,False,36378.46,36625.79,2864.22,247.33000000000175,17652.850000000002,48.19786822345676,demo,True
2026-07-21 21:00:00,2026-07-21,2026,7,21,21,Tuesday,False,35852.91,35973.27,2618.77,120.3599999999933,18646.49,51.834292517749994,demo,True
2026-07-21 22:00:00,2026-07-21,2026,7,21,22,Tuesday,False,32539.63,33173.34,2666.56,633.7099999999955,17620.710000000003,53.11708136714604,demo,True
2026-07-21 23:00:00,2026-07-21,2026,7,21,23,Tuesday,False,31562.66,33531.48,2627.78,1968.8200000000033,18117.739999999998,54.03203198904431,demo,True
2026-07-22 00:00:00,2026-07-22,2026,7,22,0,Wednesday,False,30857.65,32278.2,2591.24,1420.5499999999993,16150.630000000001,50.0357207031371,demo,True
2026-07-22 01:00:00,2026-07-22,2026,7,22,1,Wednesday,False,27412.14,33534.2,2338.14,6122.059999999998,17418.690000000002,51.94306111372868,demo,True
2026-07-22 02:00:00,2026-07-22,2026,7,22,2,Wednesday,False,27425.19,32781.2,2303.98,5356.009999999998,17500.280000000002,53.38511097824364,demo,True
2026-07-22 03:00:00,2026-07-22,2026,7,22,3,Wednesday,False,28027.39,33393.33,2391.53,5365.940000000002,18858.49,56.473822766402755,demo,True
2026-07-22 04:00:00,2026-07-22,2026,7,22,4,Wednesday,False,29914.2,32345.43,2463.46,2431.2299999999996,16618.710000000003,51.3788501188576,demo,True
2026-07-22 05:00:00,2026-07-22,2026,7,22,5,Wednesday,False,31476.99,33847.62,2686.65,2370.630000000001,17766.39,52.489333075708124,demo,True
2026-07-22 06:00:00,2026-07-22,2026,7,22,6,Wednesday,False,34751.9,35027.01,2791.33,275.1100000000006,18160.92,51.84833075960522,demo,True
2026-07-22 07:00:00,2026-07-22,2026,7,22,7,Wednesday,False,36426.3,36108.97,2738.97,-317.33000000000175,18531.8,51.321873761561186,demo,True
2026-07-22 08:00:00,2026-07-22,2026,7,22,8,Wednesday,False,37770.02,38055.51,2982.16,285.49000000000524,19630.780000000002,51.58459313776113,demo,True
2026-07-22 09:00:00,2026-07-22,2026,7,22,9,Wednesday,False,38708.04,39086.2,3041.69,378.1599999999962,20913.029999999995,53.50489431052391,demo,True
2026-07-22 10:00:00,2026-07-22,2026,7,22,10,Wednesday,False,39549.43,39779.49,3205.8,230.05999999999767,20744.020000000004,52.14752627547514,demo,True
2026-07-22 11:00:00,2026-07-22,2026,7,22,11,Wednesday,False,38910.28,38950.63,3080.95,40.349999999998545,21848.489999999998,56.09277693326142,demo,True
2026-07-22 12:00:00,2026-07-22,2026,7,22,12,Wednesday,False,40088.19,40690.33,3013.61,602.1399999999994,20947.36,51.47994621818009,demo,True
2026-07-22 13:00:00,2026-07-22,2026,7,22,13,Wednesday,False,38600.73,39058.8,3101.02,458.0699999999997,22338.59,57.19220764590822,demo,True
2026-07-22 14:00:00,2026-07-22,2026,7,22,14,Wednesday,False,39910.6,40065.01,2956.0,154.4100000000035,20853.23,52.04848320267485,demo,True
2026-07-22 15:00:00,2026-07-22,2026,7,22,15,Wednesday,False,40210.3,40413.31,3120.49,203.00999999999476,19837.56,49.08669940670537,demo,True
2026-07-22 16:00:00,2026-07-22,2026,7,22,16,Wednesday,False,39637.41,39530.83,3159.33,-106.58000000000175,19121.26,48.37049968341165,demo,True
2026-07-22 17:00:00,2026-07-22,2026,7,22,17,Wednesday,False,39392.82,39728.03,3236.99,335.2099999999991,17644.829999999998,44.414057278953926,demo,True
2026-07-22 18:00:00,2026-07-22,2026,7,22,18,Wednesday,False,39557.72,39561.25,3283.2,3.529999999998836,17660.15,44.64002022180796,demo,True
2026-07-22 19:00:00,2026-07-22,2026,7,22,19,Wednesday,False,36607.2,36977.15,3042.4,369.95000000000437,17734.11,47.95964534854633,demo,True
2026-07-22 20:00:00,2026-07-22,2026,7,22,20,Wednesday,False,37639.91,38074.58,2986.2,434.66999999999825,17497.86,45.95680372574037,demo,True
2026-07-22 21:00:00,2026-07-22,2026,7,22,21,Wednesday,False,35684.74,35922.1,2917.99,237.36000000000058,17798.89,49.54857873008538,demo,True
2026-07-22 22:00:00,2026-07-22,2026,7,22,22,Wednesday,False,33743.73,33802.13,2775.54,58.39999999999418,16928.28,50.08051267775138,demo,True
2026-07-22 23:00:00,2026-07-22,2026,7,22,23,Wednesday,False,32235.07,34317.64,2591.88,2082.5699999999997,18002.27,52.457773902867444,demo,True
2026-07-23 00:00:00,2026-07-23,2026,7,23,0,Thursday,False,29914.52,33380.21,2529.37,3465.6899999999987,16953.46,50.788955491891755,demo,True
2026-07-23 01:00:00,2026-07-23,2026,7,23,1,Thursday,False,27960.83,34436.32,2586.92,6475.489999999998,17844.42,51.81860314923313,demo,True
2026-07-23 02:00:00,2026-07-23,2026,7,23,2,Thursday,False,28231.85,33050.94,2500.09,4819.090000000004,17036.03,51.544766956703796,demo,True
2026-07-23 03:00:00,2026-07-23,2026,7,23,3,Thursday,False,28807.1,33420.93,2656.82,4613.830000000002,17327.190000000002,51.845325668675294,demo,True
2026-07-23 04:00:00,2026-07-23,2026,7,23,4,Thursday,False,30048.98,33666.72,2449.04,3617.7400000000016,17132.79,50.88939463066197,demo,True
2026-07-23 05:00:00,2026-07-23,2026,7,23,5,Thursday,False,31856.34,32680.74,2600.23,824.4000000000015,17158.62,52.503768274524994,demo,True
2026-07-23 06:00:00,2026-07-23,2026,7,23,6,Thursday,False,34510.06,35001.26,2836.58,491.20000000000437,17442.97,49.8352630733865,demo,True
2026-07-23 07:00:00,2026-07-23,2026,7,23,7,Thursday,False,35008.03,35574.68,2901.99,566.6500000000015,17292.780000000002,48.60979775503252,demo,True
2026-07-23 08:00:00,2026-07-23,2026,7,23,8,Thursday,False,37556.32,37989.6,2936.18,433.27999999999884,20021.11,52.70155516246552,demo,True
2026-07-23 09:00:00,2026-07-23,2026,7,23,9,Thursday,False,39519.05,39925.44,3160.1,406.3899999999994,19135.079999999998,47.92703599509485,demo,True
2026-07-23 10:00:00,2026-07-23,2026,7,23,10,Thursday,False,38069.94,38637.66,3024.89,567.7200000000012,21544.71,55.760907881067325,demo,True
2026-07-23 11:00:00,2026-07-23,2026,7,23,11,Thursday,False,39649.42,39710.87,2937.52,61.450000000004366,20892.600000000002,52.6117911795939,demo,True
2026-07-23 12:00:00,2026-07-23,2026,7,23,12,Thursday,False,39088.37,39147.66,3105.56,59.29000000000087,20250.94,51.729630838727005,demo,True
2026-07-23 13:00:00,2026-07-23,2026,7,23,13,Thursday,False,39129.67,39305.07,3139.09,175.40000000000146,20193.559999999998,51.37647636806142,demo,True
2026-07-23 14:00:00,2026-07-23,2026,7,23,14,Thursday,False,38702.47,39006.08,3029.62,303.6100000000006,20933.4,53.667018064876046,demo,True
2026-07-23 15:00:00,2026-07-23,2026,7,23,15,Thursday,False,39271.31,39468.64,2902.79,197.33000000000175,19256.81,48.79015339773552,demo,True
2026-07-23 16:00:00,2026-07-23,2026,7,23,16,Thursday,False,40788.69,40855.09,3144.56,66.39999999999418,18904.55,46.27220255786978,demo,True
2026-07-23 17:00:00,2026-07-23,2026,7,23,17,Thursday,False,38641.07,38892.09,3106.12,251.0199999999968,17143.15,44.07875740285493,demo,True
2026-07-23 18:00:00,2026-07-23,2026,7,23,18,Thursday,False,38468.77,38701.78,2984.28,233.01000000000204,16784.730000000003,43.36940058054178,demo,True
2026-07-23 19:00:00,2026-07-23,2026,7,23,19,Thursday,False,37708.91,38110.35,3094.32,401.43999999999505,17003.63,44.61682981132422,demo,True
2026-07-23 20:00:00,2026-07-23,2026,7,23,20,Thursday,False,38647.53,38905.54,3144.53,258.01000000000204,16492.87,42.39208606280751,demo,True
2026-07-23 21:00:00,2026-07-23,2026,7,23,21,Thursday,False,35450.45,35357.63,2889.56,-92.81999999999971,16280.580000000002,46.04545044450096,demo,True
2026-07-23 22:00:00,2026-07-23,2026,7,23,22,Thursday,False,33771.22,34090.6,2771.95,319.3799999999974,16414.2,48.14875654872604,demo,True
2026-07-23 23:00:00,2026-07-23,2026,7,23,23,Thursday,False,31468.55,32812.77,2654.26,1344.2199999999975,16119.099999999999,49.12447196624972,demo,True
2026-07-24 00:00:00,2026-07-24,2026,7,24,0,Friday,False,29315.76,30700.21,2504.66,1384.4500000000007,15671.960000000001,51.04838045081777,demo,True
2026-07-24 01:00:00,2026-07-24,2026,7,24,1,Friday,False,28604.37,33639.97,2362.3,5035.600000000002,16591.72,49.321447076201316,demo,True
2026-07-24 02:00:00,2026-07-24,2026,7,24,2,Friday,False,30061.6,31615.19,2511.06,1553.5900000000001,15970.82,50.51628663310263,demo,True
2026-07-24 03:00:00,2026-07-24,2026,7,24,3,Friday,False,29744.26,31397.84,2540.42,1653.5800000000017,15790.449999999999,50.29151686867632,demo,True
2026-07-24 04:00:00,2026-07-24,2026,7,24,4,Friday,False,29381.47,31569.62,2630.36,2188.149999999998,16384.58,51.89983281395216,demo,True
2026-07-24 05:00:00,2026-07-24,2026,7,24,5,Friday,False,32206.3,32531.22,2725.77,324.9200000000019,16630.75,51.12242946929134,demo,True
2026-07-24 06:00:00,2026-07-24,2026,7,24,6,Friday,False,33210.43,33417.48,2877.04,207.0500000000029,15851.309999999998,47.43418713798885,demo,True
2026-07-24 07:00:00,2026-07-24,2026,7,24,7,Friday,False,34534.8,34870.6,2678.08,335.79999999999563,17180.51,49.26932716959272,demo,True
2026-07-24 08:00:00,2026-07-24,2026,7,24,8,Friday,False,38156.99,38258.64,2996.5,101.65000000000146,17494.23,45.72622027338139,demo,True
2026-07-24 09:00:00,2026-07-24,2026,7,24,9,Friday,False,39438.17,39424.49,3277.75,-13.680000000000291,18472.820000000003,46.85620536879489,demo,True
2026-07-24 10:00:00,2026-07-24,2026,7,24,10,Friday,False,40026.4,40361.02,3058.52,334.61999999999534,18800.2,46.580091385202856,demo,True
2026-07-24 11:00:00,2026-07-24,2026,7,24,11,Friday,False,39204.76,39532.62,2984.01,327.8600000000006,19968.739999999998,50.51205814337627,demo,True
2026-07-24 12:00:00,2026-07-24,2026,7,24,12,Friday,False,39391.4,39661.64,3045.03,270.23999999999796,19662.97,49.57679510983409,demo,True
2026-07-24 13:00:00,2026-07-24,2026,7,24,13,Friday,False,39924.0,40341.92,3302.45,417.91999999999825,18730.000000000004,46.42813232488688,demo,True
2026-07-24 14:00:00,2026-07-24,2026,7,24,14,Friday,False,39619.88,39833.41,3030.51,213.5300000000061,19242.120000000003,48.30648443103415,demo,True
2026-07-24 15:00:00,2026-07-24,2026,7,24,15,Friday,False,39124.45,39425.09,3121.34,300.6399999999994,18624.56,47.240374086653965,demo,True
2026-07-24 16:00:00,2026-07-24,2026,7,24,16,Friday,False,38376.46,38563.47,3096.58,187.01000000000204,16494.45,42.77221422242345,demo,True
2026-07-24 17:00:00,2026-07-24,2026,7,24,17,Friday,False,39615.88,39819.33,2959.59,203.45000000000437,16822.100000000002,42.24606491369895,demo,True
2026-07-24 18:00:00,2026-07-24,2026,7,24,18,Friday,False,40052.81,40364.05,3173.84,311.24000000000524,16010.4,39.664998928501966,demo,True
2026-07-24 19:00:00,2026-07-24,2026,7,24,19,Friday,False,37791.96,38449.95,2993.97,657.989999999998,15644.81,40.6887655250527,demo,True
2026-07-24 20:00:00,2026-07-24,2026,7,24,20,Friday,False,37895.46,38279.08,3113.04,383.6200000000026,15433.71,40.318915710617915,demo,True
2026-07-24 21:00:00,2026-07-24,2026,7,24,21,Friday,False,36016.17,36364.92,3083.71,348.75,15776.829999999998,43.38475101828905,demo,True
2026-07-24 22:00:00,2026-07-24,2026,7,24,22,Friday,False,34324.27,34713.49,2787.1,389.22000000000116,15855.649999999998,45.67575890525556,demo,True
2026-07-24 23:00:00,2026-07-24,2026,7,24,23,Friday,False,32370.88,32198.28,2667.58,-172.60000000000218,15262.31,47.401010240298554,demo,True
2026-07-25 00:00:00,2026-07-25,2026,7,25,0,Saturday,True,27000.73,30484.6,2630.87,3483.869999999999,14405.240000000002,47.254154556727016,demo,True
2026-07-25 01:00:00,2026-07-25,2026,7,25,1,Saturday,True,25147.11,31825.21,2219.95,6678.0999999999985,15871.87,49.87200398677652,demo,True
2026-07-25 02:00:00,2026-07-25,2026,7,25,2,Saturday,True,25477.37,32967.42,2194.16,7490.049999999999,15835.04,48.032390766399075,demo,True
2026-07-25 03:00:00,2026-07-25,2026,7,25,3,Saturday,True,26902.2,30571.82,2526.74,3669.619999999999,14275.240000000002,46.69411242117742,demo,True
2026-07-25 04:00:00,2026-07-25,2026,7,25,4,Saturday,True,27109.12,30850.09,2405.67,3740.970000000001,14577.91,47.254027459887475,demo,True
2026-07-25 05:00:00,2026-07-25,2026,7,25,5,Saturday,True,28777.17,31714.35,2519.3,2937.1800000000003,15356.28,48.420604552828614,demo,True
2026-07-25 06:00:00,2026-07-25,2026,7,25,6,Saturday,True,30027.55,30127.53,2761.43,99.97999999999956,14672.9,48.70263177897425,demo,True
2026-07-25 07:00:00,2026-07-25,2026,7,25,7,Saturday,True,34515.11,34945.02,2701.36,429.9099999999962,16010.069999999998,45.81502600370525,demo,True
2026-07-25 08:00:00,2026-07-25,2026,7,25,8,Saturday,True,35531.33,36051.63,2851.46,520.2999999999956,17261.88,47.88099733632016,demo,True
2026-07-25 09:00:00,2026-07-25,2026,7,25,9,Saturday,True,36675.03,37273.34,2822.85,598.3099999999977,17732.31,47.57370817855337,demo,True
2026-07-25 10:00:00,2026-07-25,2026,7,25,10,Saturday,True,37481.57,37578.58,3009.65,97.01000000000204,17823.010000000002,47.42864152929675,demo,True
2026-07-25 11:00:00,2026-07-25,2026,7,25,11,Saturday,True,37447.37,37577.05,2893.54,129.6800000000003,19663.39,52.32818967960497,demo,True
2026-07-25 12:00:00,2026-07-25,2026,7,25,12,Saturday,True,36847.11,36962.16,2813.42,115.05000000000291,18882.64,51.086408370073606,demo,True
2026-07-25 13:00:00,2026-07-25,2026,7,25,13,Saturday,True,36794.53,36861.19,2982.4,66.66000000000349,18810.090000000004,51.02952454871914,demo,True
2026-07-25 14:00:00,2026-07-25,2026,7,25,14,Saturday,True,36556.54,36626.1,2935.89,69.55999999999767,17038.9,46.521196633002155,demo,True
2026-07-25 15:00:00,2026-07-25,2026,7,25,15,Saturday,True,38754.31,38911.53,2942.82,157.22000000000116,18122.59,46.57383043020925,demo,True
2026-07-25 16:00:00,2026-07-25,2026,7,25,16,Saturday,True,37408.94,37816.35,2881.53,407.4099999999962,17224.01,45.54646336835786,demo,True
2026-07-25 17:00:00,2026-07-25,2026,7,25,17,Saturday,True,36721.51,36842.3,2970.21,120.79000000000087,16746.329999999998,45.454084028412986,demo,True
2026-07-25 18:00:00,2026-07-25,2026,7,25,18,Saturday,True,37133.35,37572.9,2871.48,439.5500000000029,14518.479999999998,38.640828895294206,demo,True
2026-07-25 19:00:00,2026-07-25,2026,7,25,19,Saturday,True,35432.66,35928.8,2933.84,496.1399999999994,14650.13,40.77545033510721,demo,True
2026-07-25 20:00:00,2026-07-25,2026,7,25,20,Saturday,True,36011.49,36312.81,3052.31,301.3199999999997,15504.519999999999,42.697108816420425,demo,True
2026-07-25 21:00:00,2026-07-25,2026,7,25,21,Saturday,True,32831.34,33302.59,2791.61,471.25,15421.42,46.306968917432556,demo,True
2026-07-25 22:00:00,2026-07-25,2026,7,25,22,Saturday,True,31659.93,31664.9,2595.18,4.970000000001164,15380.789999999999,48.57362568648566,demo,True
2026-07-25 23:00:00,2026-07-25,2026,7,25,23,Saturday,True,30016.68,31211.61,2580.84,1194.9300000000003,15372.320000000002,49.2519290097499,demo,True
2026-07-26 00:00:00,2026-07-26,2026,7,26,0,Sunday,True,27766.2,31454.12,2323.04,3687.9199999999983,15343.310000000001,48.779969046980185,demo,True
2026-07-26 01:00:00,2026-07-26,2026,7,26,1,Sunday,True,26355.11,32750.66,2364.5,6395.549999999999,16249.01,49.614297849264716,demo,True
2026-07-26 02:00:00,2026-07-26,2026,7,26,2,Sunday,True,25868.39,31462.1,2307.53,5593.709999999999,15093.479999999998,47.973530056798495,demo,True
2026-07-26 03:00:00,2026-07-26,2026,7,26,3,Sunday,True,26250.3,31017.59,2265.58,4767.290000000001,14828.61,47.8070991331048,demo,True
2026-07-26 04:00:00,2026-07-26,2026,7,26,4,Sunday,True,27094.84,31287.35,2447.54,4192.509999999998,15590.32,49.82946782006147,demo,True
2026-07-26 05:00:00,2026-07-26,2026,7,26,5,Sunday,True,28958.36,32475.19,2311.89,3516.829999999998,16369.55,50.406325567302304,demo,True
2026-07-26 06:00:00,2026-07-26,2026,7,26,6,Sunday,True,32348.21,32504.86,2607.03,156.65000000000146,14645.82,45.05732373558908,demo,True
2026-07-26 07:00:00,2026-07-26,2026,7,26,7,Sunday,True,33222.28,33284.61,2641.06,62.330000000001746,16179.22,48.60871135338524,demo,True
2026-07-26 08:00:00,2026-07-26,2026,7,26,8,Sunday,True,34413.28,34577.5,2746.09,164.22000000000116,17348.329999999998,50.17230858217048,demo,True
2026-07-26 09:00:00,2026-07-26,2026,7,26,9,Sunday,True,35784.69,35990.5,2963.4,205.80999999999767,19111.06,53.100290354399085,demo,True
2026-07-26 10:00:00,2026-07-26,2026,7,26,10,Sunday,True,37584.43,38094.98,3035.8,510.5500000000029,19005.19,49.88896174771583,demo,True
2026-07-26 11:00:00,2026-07-26,2026,7,26,11,Sunday,True,37526.6,37592.95,2944.07,66.34999999999854,20373.71,54.19556060378343,demo,True
2026-07-26 12:00:00,2026-07-26,2026,7,26,12,Sunday,True,37420.37,37817.1,2949.15,396.7299999999959,19675.72,52.028632549825346,demo,True
2026-07-26 13:00:00,2026-07-26,2026,7,26,13,Sunday,True,36738.9,37217.88,2879.67,478.9799999999959,20730.949999999997,55.70158751653775,demo,True
2026-07-26 14:00:00,2026-07-26,2026,7,26,14,Sunday,True,37267.19,37424.92,3062.57,157.72999999999593,19278.609999999997,51.512762084728564,demo,True
2026-07-26 15:00:00,2026-07-26,2026,7,26,15,Sunday,True,36469.5,36766.28,2734.07,296.77999999999884,18821.26,51.19163537893961,demo,True
2026-07-26 16:00:00,2026-07-26,2026,7,26,16,Sunday,True,36848.08,37201.75,3016.99,353.66999999999825,17489.890000000003,47.01362167102355,demo,True
2026-07-26 17:00:00,2026-07-26,2026,7,26,17,Sunday,True,37735.03,38059.01,2991.34,323.9800000000032,15677.41,41.192374683419246,demo,True
2026-07-26 18:00:00,2026-07-26,2026,7,26,18,Sunday,True,37429.49,37694.28,3049.31,264.7900000000009,16401.27,43.511296674190355,demo,True
2026-07-26 19:00:00,2026-07-26,2026,7,26,19,Sunday,True,35462.93,35590.74,2908.27,127.80999999999767,17179.73,48.27022422124407,demo,True
2026-07-26 20:00:00,2026-07-26,2026,7,26,20,Sunday,True,34369.46,34738.71,2881.41,369.25,16123.849999999999,46.41464809718035,demo,True
2026-07-26 21:00:00,2026-07-26,2026,7,26,21,Sunday,True,33380.18,33562.78,2877.03,182.59999999999854,16848.91,50.20117523041893,demo,True
2026-07-26 22:00:00,2026-07-26,2026,7,26,22,Sunday,True,32527.46,32782.62,2571.04,255.1600000000035,16137.399999999998,49.22547374187907,demo,True
2026-07-26 23:00:00,2026-07-26,2026,7,26,23,Sunday,True,27939.6,31812.69,2531.76,3873.09,15697.53,49.343610992971676,demo,True
2026-07-27 00:00:00,2026-07-27,2026,7,27,0,Monday,False,30201.69,32492.02,2540.21,2290.3300000000017,16948.649999999998,52.16250020774331,demo,True
2026-07-27 01:00:00,2026-07-27,2026,7,27,1,Monday,False,27835.75,33648.56,2370.88,5812.809999999998,17719.02,52.65907367209771,demo,True
2026-07-27 02:00:00,2026-07-27,2026,7,27,2,Monday,False,27926.8,33678.04,2605.77,5751.240000000002,17476.07,51.891588702905516,demo,True
2026-07-27 03:00:00,2026-07-27,2026,7,27,3,Monday,False,28544.71,33946.44,2526.11,5401.730000000003,17313.850000000002,51.00343364429378,demo,True
2026-07-27 04:00:00,2026-07-27,2026,7,27,4,Monday,False,29714.17,32674.11,2490.89,2959.9400000000023,16609.76,50.83462105012194,demo,True
2026-07-27 05:00:00,2026-07-27,2026,7,27,5,Monday,False,31409.34,33060.01,2699.52,1650.670000000002,17198.2,52.021157888336994,demo,True
2026-07-27 06:00:00,2026-07-27,2026,7,27,6,Monday,False,33827.54,34085.44,2762.55,257.90000000000146,16741.69,49.11683698376784,demo,True
2026-07-27 07:00:00,2026-07-27,2026,7,27,7,Monday,False,35433.58,35629.64,2820.04,196.05999999999767,17297.950000000004,48.549325786059036,demo,True
2026-07-27 08:00:00,2026-07-27,2026,7,27,8,Monday,False,36449.61,36709.01,2849.21,259.40000000000146,18405.609999999997,50.139216502978414,demo,True
2026-07-27 09:00:00,2026-07-27,2026,7,27,9,Monday,False,39202.01,39470.51,3082.49,268.5,19793.14,50.14665379292033,demo,True
2026-07-27 10:00:00,2026-07-27,2026,7,27,10,Monday,False,39851.18,39969.45,3021.59,118.2699999999968,20839.68,52.13902117742426,demo,True
2026-07-27 11:00:00,2026-07-27,2026,7,27,11,Monday,False,40153.89,40617.73,3128.31,463.8400000000038,19969.260000000002,49.1638996073882,demo,True
2026-07-27 12:00:00,2026-07-27,2026,7,27,12,Monday,False,38459.63,38825.68,3059.28,366.0500000000029,21400.38,55.11913764292087,demo,True
2026-07-27 13:00:00,2026-07-27,2026,7,27,13,Monday,False,39638.41,40029.56,3074.9,391.1499999999942,20881.749999999996,52.16582445572721,demo,True
2026-07-27 14:00:00,2026-07-27,2026,7,27,14,Monday,False,39849.02,39976.62,3261.34,127.60000000000582,20459.07,51.177588300361556,demo,True
2026-07-27 15:00:00,2026-07-27,2026,7,27,15,Monday,False,38708.15,38826.01,3025.72,117.86000000000058,19657.99,50.63098165379343,demo,True
2026-07-27 16:00:00,2026-07-27,2026,7,27,16,Monday,False,39546.23,39775.79,3212.21,229.55999999999767,18992.809999999998,47.749673859400396,demo,True
2026-07-27 17:00:00,2026-07-27,2026,7,27,17,Monday,False,39484.78,39878.78,3198.25,394.0,17733.510000000002,44.46853690107873,demo,True
2026-07-27 18:00:00,2026-07-27,2026,7,27,18,Monday,False,40617.01,40957.31,3307.14,340.29999999999563,18376.48,44.86739973889887,demo,True
2026-07-27 19:00:00,2026-07-27,2026,7,27,19,Monday,False,40007.41,40117.43,3338.06,110.0199999999968,16610.649999999998,41.40507006555504,demo,True
2026-07-27 20:00:00,2026-07-27,2026,7,27,20,Monday,False,36313.28,36683.48,2771.84,370.20000000000437,16605.559999999998,45.26713387061423,demo,True
2026-07-27 21:00:00,2026-07-27,2026,7,27,21,Monday,False,37559.84,37634.86,3013.01,75.02000000000407,17561.79,46.663625160290216,demo,True
2026-07-27 22:00:00,2026-07-27,2026,7,27,22,Monday,False,33188.51,33924.15,2709.73,735.6399999999994,17232.100000000002,50.795966884947745,demo,True
2026-07-27 23:00:00,2026-07-27,2026,7,27,23,Monday,False,32476.97,33684.22,2676.47,1207.25,17794.33,52.82690232993372,demo,True
2026-07-28 00:00:00,2026-07-28,2026,7,28,0,Tuesday,False,30696.21,33303.89,2537.0,2607.6800000000003,17390.39,52.2172935353798,demo,True
2026-07-28 01:00:00,2026-07-28,2026,7,28,1,Tuesday,False,28112.0,33085.38,2374.22,4973.379999999997,17631.23,53.29009369092935,demo,True
2026-07-28 02:00:00,2026-07-28,2026,7,28,2,Tuesday,False,28726.12,33954.91,2366.79,5228.7900000000045,17665.54,52.026466864438746,demo,True
2026-07-28 03:00:00,2026-07-28,2026,7,28,3,Tuesday,False,28734.54,32753.35,2469.84,4018.8099999999977,17281.030000000002,52.76110687914367,demo,True
2026-07-28 04:00:00,2026-07-28,2026,7,28,4,Tuesday,False,30406.56,34451.01,2628.28,4044.4500000000007,18610.58,54.02041914010649,demo,True
2026-07-28 05:00:00,2026-07-28,2026,7,28,5,Tuesday,False,31954.47,33633.63,2596.48,1679.1599999999962,17613.59,52.36898306843478,demo,True
2026-07-28 06:00:00,2026-07-28,2026,7,28,6,Tuesday,False,34669.94,35036.0,2773.59,366.0599999999977,17702.84,50.52757164059824,demo,True
2026-07-28 07:00:00,2026-07-28,2026,7,28,7,Tuesday,False,35871.04,36191.01,2776.06,319.97000000000116,19854.31,54.859784239235104,demo,True
2026-07-28 08:00:00,2026-07-28,2026,7,28,8,Tuesday,False,37365.82,37552.74,2842.82,186.91999999999825,19999.719999999998,53.257685058400526,demo,True
2026-07-28 09:00:00,2026-07-28,2026,7,28,9,Tuesday,False,39433.35,39840.29,3024.1,406.9400000000023,21256.32,53.35382849873834,demo,True
2026-07-28 10:00:00,2026-07-28,2026,7,28,10,Tuesday,False,39740.44,40235.6,3091.89,495.1599999999962,21539.18,53.532642734295,demo,True
2026-07-28 11:00:00,2026-07-28,2026,7,28,11,Tuesday,False,40085.94,40477.54,3182.61,391.59999999999854,22278.62,55.039461390193175,demo,True
2026-07-28 12:00:00,2026-07-28,2026,7,28,12,Tuesday,False,39082.93,39181.76,2899.7,98.83000000000175,21973.600000000002,56.08119696511846,demo,True
2026-07-28 13:00:00,2026-07-28,2026,7,28,13,Tuesday,False,38707.48,39027.97,2979.81,320.48999999999796,22098.900000000005,56.62323712967906,demo,True
2026-07-28 14:00:00,2026-07-28,2026,7,28,14,Tuesday,False,38988.43,39099.8,3119.49,111.37000000000262,21276.210000000003,54.41513767333849,demo,True
2026-07-28 15:00:00,2026-07-28,2026,7,28,15,Tuesday,False,39005.42,39197.01,2926.16,191.59000000000378,20328.8,51.86313956090018,demo,True
2026-07-28 16:00:00,2026-07-28,2026,7,28,16,Tuesday,False,40100.15,40644.67,3234.19,544.5199999999968,19471.93,47.90770843999964,demo,True
2026-07-28 17:00:00,2026-07-28,2026,7,28,17,Tuesday,False,40259.36,40293.43,3084.86,34.06999999999971,19565.569999999996,48.557717722219216,demo,True
2026-07-28 18:00:00,2026-07-28,2026,7,28,18,Tuesday,False,39228.91,39869.27,3148.11,640.3599999999933,18425.350000000002,46.21441526268227,demo,True
2026-07-28 19:00:00,2026-07-28,2026,7,28,19,Tuesday,False,39671.91,40020.83,3091.12,348.91999999999825,18364.39,45.88707930345272,demo,True
2026-07-28 20:00:00,2026-07-28,2026,7,28,20,Tuesday,False,38446.26,38612.36,3074.95,166.09999999999854,18251.739999999998,47.26916458874826,demo,True
2026-07-28 21:00:00,2026-07-28,2026,7,28,21,Tuesday,False,35994.47,36256.75,3038.86,262.27999999999884,17384.870000000003,47.94933357236929,demo,True
2026-07-28 22:00:00,2026-07-28,2026,7,28,22,Tuesday,False,33263.84,34228.12,2698.83,964.2800000000061,18079.899999999998,52.82177344242102,demo,True
2026-07-28 23:00:00,2026-07-28,2026,7,28,23,Tuesday,False,32903.26,33471.22,2778.42,567.9599999999991,17737.22,52.99245142543355,demo,True
2026-07-29 00:00:00,2026-07-29,2026,7,29,0,Wednesday,False,29984.15,34111.74,2548.68,4127.5899999999965,18282.239999999998,53.595155216356595,demo,True
2026-07-29 01:00:00,2026-07-29,2026,7,29,1,Wednesday,False,28907.29,33524.33,2405.83,4617.040000000001,17400.71,51.904721138349366,demo,True
2026-07-29 02:00:00,2026-07-29,2026,7,29,2,Wednesday,False,28153.11,33116.24,2416.66,4963.129999999997,17440.95,52.665852161960416,demo,True
2026-07-29 03:00:00,2026-07-29,2026,7,29,3,Wednesday,False,28196.96,35486.22,2406.29,7289.260000000002,19051.92,53.68822038526503,demo,True
2026-07-29 04:00:00,2026-07-29,2026,7,29,4,Wednesday,False,29000.48,33137.07,2343.38,4136.59,17732.32,53.51203350205676,demo,True
2026-07-29 05:00:00,2026-07-29,2026,7,29,5,Wednesday,False,32246.0,35061.35,2693.13,2815.3499999999985,18618.2,53.1017773131953,demo,True
2026-07-29 06:00:00,2026-07-29,2026,7,29,6,Wednesday,False,33294.12,33313.35,2777.77,19.229999999995925,17257.57,51.80376635793158,demo,True
2026-07-29 07:00:00,2026-07-29,2026,7,29,7,Wednesday,False,37969.93,38520.77,3074.77,550.8399999999965,18528.07,48.09890871859519,demo,True
2026-07-29 08:00:00,2026-07-29,2026,7,29,8,Wednesday,False,36733.08,37056.09,3033.64,323.00999999999476,19341.15,52.194254709549774,demo,True
2026-07-29 09:00:00,2026-07-29,2026,7,29,9,Wednesday,False,37795.93,38153.19,3028.83,357.26000000000204,21028.01,55.11468372631489,demo,True
2026-07-29 10:00:00,2026-07-29,2026,7,29,10,Wednesday,False,39701.26,39953.29,3007.2,252.02999999999884,21238.0,53.15707417336595,demo,True
2026-07-29 11:00:00,2026-07-29,2026,7,29,11,Wednesday,False,40654.19,40995.32,3086.41,341.1299999999974,21344.329999999998,52.065284525160436,demo,True
2026-07-29 12:00:00,2026-07-29,2026,7,29,12,Wednesday,False,39603.35,40065.0,3128.78,461.65000000000146,21457.210000000003,53.55599650567829,demo,True
2026-07-29 13:00:00,2026-07-29,2026,7,29,13,Wednesday,False,39849.73,40173.14,3097.96,323.4099999999962,21742.250000000004,54.12136069025225,demo,True
2026-07-29 14:00:00,2026-07-29,2026,7,29,14,Wednesday,False,38105.35,38650.61,2968.52,545.260000000002,20742.72,53.66725130599491,demo,True
2026-07-29 15:00:00,2026-07-29,2026,7,29,15,Wednesday,False,38975.74,39219.04,2956.64,243.3000000000029,20074.780000000002,51.18631154663654,demo,True
2026-07-29 16:00:00,2026-07-29,2026,7,29,16,Wednesday,False,38808.28,39166.08,2988.46,357.8000000000029,19483.809999999998,49.74664301354641,demo,True
2026-07-29 17:00:00,2026-07-29,2026,7,29,17,Wednesday,False,38259.64,38636.36,3077.51,376.72000000000116,18171.14,47.03119030881791,demo,True
2026-07-29 18:00:00,2026-07-29,2026,7,29,18,Wednesday,False,39429.39,39511.62,2948.55,82.2300000000032,16622.77,42.07058581753924,demo,True
2026-07-29 19:00:00,2026-07-29,2026,7,29,19,Wednesday,False,37110.29,37367.98,2757.45,257.6900000000023,17243.73,46.145737607438235,demo,True
2026-07-29 20:00:00,2026-07-29,2026,7,29,20,Wednesday,False,36572.8,36491.34,3016.25,-81.4600000000064,16038.56,43.95168826357158,demo,True
2026-07-29 21:00:00,2026-07-29,2026,7,29,21,Wednesday,False,35458.06,35684.68,2824.57,226.62000000000262,16700.78,46.800980140497266,demo,True
2026-07-29 22:00:00,2026-07-29,2026,7,29,22,Wednesday,False,33267.27,33467.03,2768.55,199.76000000000204,16892.04,50.473675136395435,demo,True
2026-07-29 23:00:00,2026-07-29,2026,7,29,23,Wednesday,False,32087.98,32389.29,2801.93,301.3100000000013,16417.17,50.6870326580175,demo,True
